season,date,event,weight_class,result,result_type,score,opponent,opponent_id,opponent_school,wrestler,wrestler_id,wrestler_school
2016,03/17,NCAA Championships,125,W,DEC,9 - 5,Alfredo Rodriguez,41005,SIU Edwardsville,Barlow McGhee,13251,Missouri
2016,03/17,NCAA Championships,125,W,DEC,10 - 6,LJ Bentley,39598,Pittsburgh,Barlow McGhee,13251,Missouri
2016,03/17,NCAA Championships,125,L,TB-1,3 - 1,Dylan Peters,13253,Northern Iowa,Barlow McGhee,13251,Missouri
2016,03/17,NCAA Championships,125,W,DEC,3 - 2,Drew Templeman,15167,Wyoming,Barlow McGhee,13251,Missouri
2016,03/17,NCAA Championships,125,L,SV-2,5 - 3,Conor Youtsey,13271,Michigan,Barlow McGhee,13251,Missouri
2016,03/05,MAC Championships,125,W,MD,12 - 4,Kyle Akins,19714,Buffalo,Barlow McGhee,13251,Missouri
2016,03/05,MAC Championships,125,W,MD,10 - 2,Alijah Jeffery,20204,Northern Illinois,Barlow McGhee,13251,Missouri
2016,03/05,MAC Championships,125,W,DEC,9 - 5,Dylan Peters,13253,Northern Iowa,Barlow McGhee,13251,Missouri
2016,02/21,Missouri - Nebraska Dual,125,W,DEC,5 - 3,Tim Lambert,13256,Nebraska,Barlow McGhee,13251,Missouri
2016,02/14,Missouri - North Carolina State Dual,125,W,DEC,5 - 2,Sean Fausz,20126,NC State,Barlow McGhee,13251,Missouri
2016,02/12,Missouri - Appalachian State Dual,125,W,DEC,3 - 1,Vito Pasone,12239,Appalachian State,Barlow McGhee,13251,Missouri
2016,02/07,Missouri - Northern Illinois Dual,125,W,DEC,8 - 5,Alijah Jeffery,20204,Northern Illinois,Barlow McGhee,13251,Missouri
2016,01/31,Old Dominion - Missouri Dual,125,W,DEC,6 - 3,Brandon Jeske,12133,Old Dominion,Barlow McGhee,13251,Missouri
2016,01/30,Oklahoma - Missouri Dual,125,L,DEC,3 - 2,Ryan Millhof,20815,Oklahoma,Barlow McGhee,13251,Missouri
2016,01/22,Missouri - Oklahoma State Dual,125,L,TB-1,2 - 1,Eddie Klimara,12136,Oklahoma State,Barlow McGhee,13251,Missouri
2016,01/17,Missouri - Central Michigan Dual,125,W,DEC,9 - 4,Brent Fleetwood,19750,Central Michigan,Barlow McGhee,13251,Missouri
2016,01/10,Cornell - Missouri Dual,125,L,DEC,7 - 6,Dalton Macri,42225,Cornell,Barlow McGhee,13251,Missouri
2016,01/08,Buffalo - Missouri Dual,125,W,DEC,7 - 3,Kyle Akins,19714,Buffalo,Barlow McGhee,13251,Missouri
2016,12/13,Ohio - Missouri Dual,125,W,DEC,3 - 1,Shakur Laney,39917,Ohio,Barlow McGhee,13251,Missouri
2016,12/12,Ohio State - Missouri Dual,125,L,MD,10 - 1,Nathan Tomasello,14674,Ohio State,Barlow McGhee,13251,Missouri
2016,12/04,Cliff Keen Las Vegas Invitational,125,L,DEC,4 - 3,Ronnie Bresser,25183,Oregon State,Barlow McGhee,13251,Missouri
2016,12/04,Cliff Keen Las Vegas Invitational,125,W,FALL,6:04,David Terao,12068,American,Barlow McGhee,13251,Missouri
2016,12/04,Cliff Keen Las Vegas Invitational,125,W,MFOR,0 - 0,Ryan Millhof,20815,Oklahoma,Barlow McGhee,13251,Missouri
2016,12/04,Cliff Keen Las Vegas Invitational,125,W,DEC,6 - 5,Josh Rodriguez,13418,North Dakota State,Barlow McGhee,13251,Missouri
2016,12/04,Cliff Keen Las Vegas Invitational,125,W,DEC,4 - 2,Zeke Moisey,20472,West Virginia,Barlow McGhee,13251,Missouri
2016,12/04,Cliff Keen Las Vegas Invitational,125,L,SV-1,1 - 0,Joey Dance,12221,Virginia Tech,Barlow McGhee,13251,Missouri
2016,12/04,Cliff Keen Las Vegas Invitational,125,W,DEC,4 - 2,Johnny Jimenez,20483,Wisconsin,Barlow McGhee,13251,Missouri
2016,11/28,Missouri - Northern Iowa Dual,125,L,DEC,7 - 5,Dylan Peters,13253,Northern Iowa,Barlow McGhee,13251,Missouri
2016,11/21,Joe Parisi Open,125,W,MD,14 - 4,Zach D'Amico,23656,Central Oklahoma,Barlow McGhee,13251,Missouri
2016,11/21,Joe Parisi Open,125,W,TF5,21 - 5 3:00,Brady Sloup,42435,Hannibal-LaGrange,Barlow McGhee,13251,Missouri
2016,11/21,Joe Parisi Open,125,W,DEC,3 - 1,Nick Piccininni,39547,Oklahoma State,Barlow McGhee,13251,Missouri
2016,11/21,Joe Parisi Open,125,W,MD,14 - 4,Zeke Moisey,20472,West Virginia,Barlow McGhee,13251,Missouri
2016,11/21,Joe Parisi Open,125,W,TF5,22 - 3 6:00,Robert Elliott,20468,West Virginia,Barlow McGhee,13251,Missouri
2016,11/20,Missouri - Southern Illinois Edwardsville Dual,125,W,MD,16 - 5,Troy Gassaway,40202,SIU Edwardsville,Barlow McGhee,13251,Missouri
2016,02/06,Edinboro Open,125,W,TF5,15 - 0 6:40,Logan Griffin,40454,Michigan State,Aaron Assad,15239,Missouri
2016,02/06,Edinboro Open,125,W,TF5,15 - 0 7:00,John Martin,12102,Cleveland State,Aaron Assad,15239,Missouri
2016,02/06,Edinboro Open,125,W,DEC,7 - 0,Joshua Kramer,39736,Arizona State,Aaron Assad,15239,Missouri
2016,02/06,Edinboro Open,125,W,MFOR,0 - 0,Mikel Perales,20576,Arizona State,Aaron Assad,15239,Missouri
2016,02/06,Edinboro Open,125,W,FALL,1:49,Derek Gulotta,40294,Lock Haven,Aaron Assad,15239,Missouri
2016,01/24,Roger Denker Open,125,W,DEC,6 - 1,Christian Moody,39746,Oklahoma,Aaron Assad,15239,Missouri
2016,01/24,Roger Denker Open,125,W,FALL,3:58,Timothy Null,42455,Central Oklahoma,Aaron Assad,15239,Missouri
2016,01/24,Roger Denker Open,125,W,FALL,1:07,Cody Salazar,42188,Northeastern Oklahoma,Aaron Assad,15239,Missouri
2016,01/24,Roger Denker Open,125,L,FALL,5:00,Alfredo Rodriguez,41005,SIU Edwardsville,Aaron Assad,15239,Missouri
2016,01/15,Eastern Michigan - Missouri Dual,125,L,DEC,6 - 3,Armando Torres,19876,Eastern Michigan,Aaron Assad,15239,Missouri
2016,12/20,Reno TOC,125,L,DEC,3 - 1,Darthe Cappelan,43636,Simon Fraser,Aaron Assad,15239,Missouri
2016,12/20,Reno TOC,125,W,TF5,15 - 0 6:03,Mikel Perales,20576,Arizona State,Aaron Assad,15239,Missouri
2016,12/20,Reno TOC,125,W,DEC,4 - 0,Adellmo Salazar,43032,CSU-Pueblo,Aaron Assad,15239,Missouri
2016,12/20,Reno TOC,125,L,MD,15 - 5,Josh Rodriguez,13418,North Dakota State,Aaron Assad,15239,Missouri
2016,11/21,Joe Parisi Open,125,W,MD,16 - 2,Tristan Bundy,24658,Grand View,Aaron Assad,15239,Missouri
2016,11/21,Joe Parisi Open,125,W,DEC,4 - 2,Joshua Kieffer,42343,Indianapolis,Aaron Assad,15239,Missouri
2016,11/21,Joe Parisi Open,125,W,MD,12 - 1,Ryan Brooks,25137,Central Oklahoma,Aaron Assad,15239,Missouri
2016,11/21,Joe Parisi Open,125,W,DEC,8 - 6,Nick Piccininni,39547,Oklahoma State,Aaron Assad,15239,Missouri
2016,11/21,Joe Parisi Open,125,L,DEC,8 - 2,Zeke Moisey,20472,West Virginia,Aaron Assad,15239,Missouri
2016,11/15,Michigan State Open,125,L,DEC,2 - 0,Ben Thornton,20350,Purdue,Aaron Assad,15239,Missouri
2016,11/15,Michigan State Open,125,W,DEC,3 - 0,Alijah Jeffery,20204,Northern Illinois,Aaron Assad,15239,Missouri
2016,11/15,Michigan State Open,125,W,INJ,7:00,Parker Howell,23359,Notre Dame,Aaron Assad,15239,Missouri
2016,11/15,Michigan State Open,125,W,DEC,4 - 1,Mitch Rogaliner,12203,Michigan State,Aaron Assad,15239,Missouri
2016,11/15,Michigan State Open,125,L,DEC,3 - 2,Johnny Jimenez,20483,Wisconsin,Aaron Assad,15239,Missouri
2016,11/15,Michigan State Open,125,L,DEC,1 - 0,Ben Thornton,20350,Purdue,Aaron Assad,15239,Missouri
2016,02/07,Missouri Valley College Open,125,W,MD,12 - 1,Alex Waggoner,43459,Maryville University,Chandler Fohey,39986,Missouri
2016,02/07,Missouri Valley College Open,125,W,SV-1,2 - 1,Elias Hamchaoui,40866,Graceland University,Chandler Fohey,39986,Missouri
2016,02/07,Missouri Valley College Open,125,L,DEC,13 - 6,Carlos Jacquez,41156,Lindenwood,Chandler Fohey,39986,Missouri
2016,02/07,Missouri Valley College Open,125,W,DEC,5 - 0,John Altieri,44370,William Penn,Chandler Fohey,39986,Missouri
2016,01/24,Roger Denker Open,125,W,DEC,7 - 2,Christian Moody,39746,Oklahoma,Chandler Fohey,39986,Missouri
2016,01/24,Roger Denker Open,125,W,MFOR,0 - 0,josiah Seaton,23653,Colby Community College,Chandler Fohey,39986,Missouri
2016,01/24,Roger Denker Open,125,W,TF5,16 - 0 3:30,Cody Randall,40979,Northeastern Oklahoma,Chandler Fohey,39986,Missouri
2016,01/24,Roger Denker Open,125,W,DEC,3 - 2,Nicholas Brennan,21389,Missouri,Chandler Fohey,39986,Missouri
2016,01/24,Roger Denker Open,125,L,TF5,17 - 1 5:30,Alfredo Rodriguez,41005,SIU Edwardsville,Chandler Fohey,39986,Missouri
2016,11/21,Joe Parisi Open,125,L,FALL,1:40,Troy Gassaway,40202,SIU Edwardsville,Chandler Fohey,39986,Missouri
2016,11/21,Joe Parisi Open,125,W,DEC,8 - 2,Ryan Cale,42457,Graceland University,Chandler Fohey,39986,Missouri
2016,11/21,Joe Parisi Open,125,W,FALL,1:58,Byron Burrell,42456,Ouachita Baptist University,Chandler Fohey,39986,Missouri
2016,11/21,Joe Parisi Open,125,L,FALL,1:24,Timothy Null,42455,Central Oklahoma,Chandler Fohey,39986,Missouri
2016,11/21,Joe Parisi Open,125,W,DEC,2 - 0,Jarrett Reisenbichler,42206,McKendree University,Chandler Fohey,39986,Missouri
2016,11/08,UCM Open,125,L,DEC,5 - 4,Danny Swan,41157,Lindenwood,Chandler Fohey,39986,Missouri
2016,11/08,UCM Open,125,W,DEC,2 - 0,Carlos Jacquez,41156,Lindenwood,Chandler Fohey,39986,Missouri
2016,11/08,UCM Open,125,W,DEC,4 - 1,Pat Augustyn,41155,McKendree University,Chandler Fohey,39986,Missouri
2016,11/08,UCM Open,125,W,FALL,0:58,Jay Maxville,41154,Neosho County Community College,Chandler Fohey,39986,Missouri
2016,01/24,Roger Denker Open,125,L,DEC,3 - 2,Chandler Fohey,39986,Missouri,Nicholas Brennan,21389,Missouri
2016,01/24,Roger Denker Open,125,W,TF5,17 - 1 6:00,Timothy Null,42455,Central Oklahoma,Nicholas Brennan,21389,Missouri
2016,01/24,Roger Denker Open,125,W,FALL,6:05,Mitchell Bradley,44069,Unattached,Nicholas Brennan,21389,Missouri
2016,01/24,Roger Denker Open,125,L,DEC,6 - 4,Christian Moody,39746,Oklahoma,Nicholas Brennan,21389,Missouri
2016,01/24,Roger Denker Open,125,W,DEC,9 - 5,Logan Terrill,41486,Northeastern Oklahoma,Nicholas Brennan,21389,Missouri
2016,11/21,Joe Parisi Open,125,L,MD,13 - 2,Zeke Moisey,20472,West Virginia,Nicholas Brennan,21389,Missouri
2016,11/21,Joe Parisi Open,125,L,DEC,7 - 1,Robert Elliott,20468,West Virginia,Nicholas Brennan,21389,Missouri
2016,11/14,Kaufman Brand Open,125,W,MD,10 - 1,Jacob Bellis,42270,Missouri,Nicholas Brennan,21389,Missouri
2016,11/14,Kaufman Brand Open,125,W,DEC,9 - 2,Weston Cronan,22994,Ouachita Baptist University,Nicholas Brennan,21389,Missouri
2016,11/14,Kaufman Brand Open,125,L,DEC,3 - 2,Dustin Reed,42269,Newman,Nicholas Brennan,21389,Missouri
2016,11/14,Kaufman Brand Open,125,W,MD,12 - 2,Demarcus Gurlly,42268,Missouri Baptist,Nicholas Brennan,21389,Missouri
2016,11/14,Kaufman Brand Open,125,L,MD,10 - 1,Nicholas Brennan,21389,Missouri,Jacob Bellis,42270,Missouri
2016,03/17,NCAA Championships,133,L,DEC,13 - 7,Ryan Taylor,12219,Wisconsin,Zach Synon,12142,Missouri
2016,03/17,NCAA Championships,133,L,DEC,9 - 4,Corey Keener,12111,Central Michigan,Zach Synon,12142,Missouri
2016,03/05,MAC Championships,133,L,DEC,7 - 4,Cameron Kelly,39687,Ohio,Zach Synon,12142,Missouri
2016,03/05,MAC Championships,133,L,DEC,3 - 1,Shayne Wireman,12103,Eastern Michigan,Zach Synon,12142,Missouri
2016,02/21,Missouri - Nebraska Dual,133,L,DEC,4 - 0,Eric Montoya,13414,Nebraska,Zach Synon,12142,Missouri
2016,02/14,Missouri - North Carolina State Dual,133,L,DEC,3 - 0,Jamal Morris,20136,NC State,Zach Synon,12142,Missouri
2016,02/12,Missouri - Appalachian State Dual,133,W,DEC,6 - 2,Irvin Enriquez,40401,Appalachian State,Zach Synon,12142,Missouri
2016,02/07,Missouri - Northern Illinois Dual,133,L,SV-2,5 - 3,Austin Eicher,20200,Northern Illinois,Zach Synon,12142,Missouri
2016,01/31,Old Dominion - Missouri Dual,133,W,DEC,3 - 0,Josh Markham,25207,Old Dominion,Zach Synon,12142,Missouri
2016,01/30,Oklahoma - Missouri Dual,133,L,DEC,10 - 3,Cody Brewer,12037,Oklahoma,Zach Synon,12142,Missouri
2016,01/22,Missouri - Oklahoma State Dual,133,L,DEC,5 - 2,Gary Wayne Harding,20270,Oklahoma State,Zach Synon,12142,Missouri
2016,01/17,Missouri - Central Michigan Dual,133,W,TB-1,5 - 4,Corey Keener,12111,Central Michigan,Zach Synon,12142,Missouri
2016,01/10,Cornell - Missouri Dual,133,L,DEC,12 - 5,Nahshon Garrett,12070,Cornell,Zach Synon,12142,Missouri
2016,01/08,Buffalo - Missouri Dual,133,W,DEC,5 - 0,Bryan Lantry,19723,Buffalo,Zach Synon,12142,Missouri
2016,12/20,Missouri - Kent State Dual,133,L,DEC,8 - 5,Mack McGuire,12004,Kent State,Zach Synon,12142,Missouri
2016,12/13,Ohio - Missouri Dual,133,W,DEC,9 - 4,Cameron Kelly,39687,Ohio,Zach Synon,12142,Missouri
2016,12/12,Ohio State - Missouri Dual,133,W,FALL,5:59,Johnni DiJulius,14679,Ohio State,Zach Synon,12142,Missouri
2016,12/04,Cliff Keen Las Vegas Invitational,133,L,SV-1,1 - 0,Daniel DeShazer,21395,Nebraska-Kearney,Zach Synon,12142,Missouri
2016,12/04,Cliff Keen Las Vegas Invitational,133,L,MD,12 - 4,George DiCamillo,20426,Virginia,Zach Synon,12142,Missouri
2016,12/04,Cliff Keen Las Vegas Invitational,133,W,MD,8 - 0,Grim Gonzalez,18150,Bucknell,Zach Synon,12142,Missouri
2016,11/28,Missouri - Northern Iowa Dual,133,W,DEC,2 - 1,Josh Alber,20208,Northern Iowa,Zach Synon,12142,Missouri
2016,11/21,Joe Parisi Open,133,L,DEC,5 - 3,Jaydin Eierman,39508,Missouri,Zach Synon,12142,Missouri
2016,11/21,Joe Parisi Open,133,W,DEC,4 - 2,John Erneste,20058,Missouri,Zach Synon,12142,Missouri
2016,11/21,Joe Parisi Open,133,W,TF5,16 - 1 3:00,Jordan Olfus,42439,Graceland University,Zach Synon,12142,Missouri
2016,11/21,Joe Parisi Open,133,W,DEC,7 - 0,Cody Pae,15703,Purdue,Zach Synon,12142,Missouri
2016,11/21,Joe Parisi Open,133,W,DEC,5 - 0,Joe Wheeling,13551,West Virginia,Zach Synon,12142,Missouri
2016,11/20,Missouri - Southern Illinois Edwardsville Dual,133,W,MD,10 - 2,Dakota Leach,13281,SIU Edwardsville,Zach Synon,12142,Missouri
2016,11/14,Kaufman Brand Open,133,W,DEC,7 - 1,Hunter Haralson,42263,Lindenwood,Zach Synon,12142,Missouri
2016,11/14,Kaufman Brand Open,133,W,TF5,19 - 2 4:14,Andrew Rettke,23641,McKendree University,Zach Synon,12142,Missouri
2016,01/24,Roger Denker Open,133,W,TF5,20 - 4 5:30,Aaron O'brien,44075,Unattached,Jaydin Eierman,39508,Missouri
2016,01/24,Roger Denker Open,133,W,FALL,2:25,Caleb Basma,41046,Northeastern Oklahoma,Jaydin Eierman,39508,Missouri
2016,01/24,Roger Denker Open,133,W,MD,10 - 2,John Erneste,20058,Missouri,Jaydin Eierman,39508,Missouri
2016,01/24,Roger Denker Open,133,W,TF5,18 - 3 6:15,Sean DeShazer,39873,Oklahoma,Jaydin Eierman,39508,Missouri
2016,12/20,Reno TOC,133,W,TF5,15 - 0 4:10,Vicente Hernandez,42089,Simpson,Jaydin Eierman,39508,Missouri
2016,12/20,Reno TOC,133,W,FALL,1:32,Francis Llorente,22027,Southern Oregon,Jaydin Eierman,39508,Missouri
2016,12/20,Reno TOC,133,W,TF5,15 - 0 5:42,Josh Newburg,13286,Boise State,Jaydin Eierman,39508,Missouri
2016,12/20,Reno TOC,133,W,MD,15 - 4,Garrett Pepple,39561,Indiana,Jaydin Eierman,39508,Missouri
2016,12/20,Reno TOC,133,L,DEC,12 - 5,Zane Richards,14736,Illinois,Jaydin Eierman,39508,Missouri
2016,12/20,Reno TOC,133,W,TF5,15 - 0 3:07,Blake Caudill,13356,Eastern Michigan,Jaydin Eierman,39508,Missouri
2016,12/20,Reno TOC,133,W,FALL,5:19,Nathan Kraisser,20783,Campbell,Jaydin Eierman,39508,Missouri
2016,12/12,UNI Open,133,W,FALL,1:56,Gareth Ballard,23859,Luther,Jaydin Eierman,39508,Missouri
2016,12/12,UNI Open,133,W,FALL,0:31,Ian Cramer,40024,Northwestern,Jaydin Eierman,39508,Missouri
2016,12/12,UNI Open,133,W,MD,16 - 2,Markus Simmons,39505,Iowa State,Jaydin Eierman,39508,Missouri
2016,12/12,UNI Open,133,W,FALL,4:03,Josh Alber,20208,Northern Iowa,Jaydin Eierman,39508,Missouri
2016,11/21,Joe Parisi Open,133,W,FALL,3:34,Ryan Stearns,42239,Missouri Valley,Jaydin Eierman,39508,Missouri
2016,11/21,Joe Parisi Open,133,W,DEC,5 - 3,Zach Synon,12142,Missouri,Jaydin Eierman,39508,Missouri
2016,11/21,Joe Parisi Open,133,W,MD,15 - 4,Cole Baumgartner,13425,Missouri,Jaydin Eierman,39508,Missouri
2016,11/21,Joe Parisi Open,133,W,MD,10 - 2,Cory Stainbrook,12131,West Virginia,Jaydin Eierman,39508,Missouri
2016,11/15,Michigan State Open,133,W,TF5,16 - 1 1:59,Austin Eicher,20200,Northern Illinois,Jaydin Eierman,39508,Missouri
2016,11/15,Michigan State Open,133,W,DEC,9 - 2,Dominick Malone,12015,Northwestern,Jaydin Eierman,39508,Missouri
2016,11/15,Michigan State Open,133,W,FALL,2:06,Stanley Hendricks,24492,Ohio State,Jaydin Eierman,39508,Missouri
2016,11/15,Michigan State Open,133,L,DEC,11 - 4,Javier Gasca,13435,Michigan State,Jaydin Eierman,39508,Missouri
2016,11/15,Michigan State Open,133,W,MD,13 - 1,Luke Welch,13436,Purdue,Jaydin Eierman,39508,Missouri
2016,02/06,Edinboro Open,133,W,FALL,8:21,Ben Lamantia,39644,Michigan,John Erneste,20058,Missouri
2016,02/06,Edinboro Open,133,W,FALL,2:28,Salvatore Profaci,39825,Michigan,John Erneste,20058,Missouri
2016,02/06,Edinboro Open,133,W,TF5,15 - 0 3:23,Tony Recco,40442,Edinboro,John Erneste,20058,Missouri
2016,02/06,Edinboro Open,133,L,FALL,2:16,Jose Rodriguez,39639,Ohio State,John Erneste,20058,Missouri
2016,02/06,Edinboro Open,133,W,DEC,5 - 1,Joe Wheeling,13551,West Virginia,John Erneste,20058,Missouri
2016,01/24,Roger Denker Open,133,L,MD,10 - 2,Jaydin Eierman,39508,Missouri,John Erneste,20058,Missouri
2016,01/24,Roger Denker Open,133,W,MD,8 - 0,Jacob Grant,23924,Grand View,John Erneste,20058,Missouri
2016,01/24,Roger Denker Open,133,W,FALL,2:21,John Murry,44079,Truman,John Erneste,20058,Missouri
2016,01/24,Roger Denker Open,133,W,TF5,16 - 0 7:00,Andy Skaggs,44073,Unattached,John Erneste,20058,Missouri
2016,01/15,Eastern Michigan - Missouri Dual,133,W,MD,13 - 2,Blake Caudill,13356,Eastern Michigan,John Erneste,20058,Missouri
2016,12/20,Reno TOC,133,W,FALL,1:20,Blake Ivie,43634,Montana State-Northern,John Erneste,20058,Missouri
2016,12/20,Reno TOC,133,L,DEC,6 - 3,Corey Keener,12111,Central Michigan,John Erneste,20058,Missouri
2016,12/20,Reno TOC,133,W,FALL,2:46,Ronald Stevens,41507,Oregon State,John Erneste,20058,Missouri
2016,12/20,Reno TOC,133,L,DEC,7 - 3,PT Garcia,21671,Wyoming,John Erneste,20058,Missouri
2016,11/21,Joe Parisi Open,133,W,DEC,5 - 2,Hunter Haralson,42263,Lindenwood,John Erneste,20058,Missouri
2016,11/21,Joe Parisi Open,133,W,DEC,7 - 4,Austin Eicher,20200,Northern Illinois,John Erneste,20058,Missouri
2016,11/21,Joe Parisi Open,133,L,DEC,4 - 2,Zach Synon,12142,Missouri,John Erneste,20058,Missouri
2016,11/21,Joe Parisi Open,133,W,DEC,9 - 7,Cole Baumgartner,13425,Missouri,John Erneste,20058,Missouri
2016,11/21,Joe Parisi Open,133,W,DEC,6 - 4,Cory Stainbrook,12131,West Virginia,John Erneste,20058,Missouri
2016,11/14,Kaufman Brand Open,133,W,MFOR,0 - 0,Dakota Bauer,42265,Maryville University,John Erneste,20058,Missouri
2016,11/14,Kaufman Brand Open,133,W,FALL,2:45,Anthony Calderon,23665,Fort Hays State,John Erneste,20058,Missouri
2016,02/06,Edinboro Open,141,L,DEC,13 - 7,AC Headlee,39627,North Carolina,Cole Baumgartner,13425,Missouri
2016,02/06,Edinboro Open,141,W,DEC,5 - 4,Joe Russ,22848,Nassau Community College,Cole Baumgartner,13425,Missouri
2016,02/06,Edinboro Open,141,L,FALL,0:58,Cortlandt Schuyler,19989,Lehigh,Cole Baumgartner,13425,Missouri
2016,02/06,Edinboro Open,141,W,MD,13 - 4,Jayce Carr,11983,Cleveland State,Cole Baumgartner,13425,Missouri
2016,01/24,Roger Denker Open,141,L,DEC,5 - 2,Will Roark,39509,Missouri,Cole Baumgartner,13425,Missouri
2016,01/24,Roger Denker Open,141,W,DEC,8 - 2,Kevin Kissane,39650,Missouri,Cole Baumgartner,13425,Missouri
2016,01/24,Roger Denker Open,141,W,TF5,16 - 1 6:00,Rio Zamora,44071,Central Oklahoma,Cole Baumgartner,13425,Missouri
2016,01/24,Roger Denker Open,141,W,TF5,18 - 3 5:20,Brady Franklin,44080,Wentworth Junior College,Cole Baumgartner,13425,Missouri
2016,01/08,Buffalo - Missouri Dual,141,W,DEC,3 - 0,Brandon Lapi,19724,Buffalo,Cole Baumgartner,13425,Missouri
2016,12/12,UNI Open,133,W,MD,10 - 0,Michael Cullen,39838,Wisconsin,Cole Baumgartner,13425,Missouri
2016,12/12,UNI Open,133,W,FALL,1:38,Tristan Jimenez,43479,Luther,Cole Baumgartner,13425,Missouri
2016,12/12,UNI Open,133,W,MFOR,0 - 0,Markus Simmons,39505,Iowa State,Cole Baumgartner,13425,Missouri
2016,12/12,UNI Open,133,W,FALL,4:56,Austin Anderson,16080,Iowa State,Cole Baumgartner,13425,Missouri
2016,12/12,UNI Open,133,L,DEC,7 - 1,Josh Alber,20208,Northern Iowa,Cole Baumgartner,13425,Missouri
2016,11/21,Joe Parisi Open,133,L,DEC,9 - 7,John Erneste,20058,Missouri,Cole Baumgartner,13425,Missouri
2016,11/21,Joe Parisi Open,133,W,DEC,7 - 2,Luke Schroeder,12114,Purdue,Cole Baumgartner,13425,Missouri
2016,11/21,Joe Parisi Open,133,L,MD,15 - 4,Jaydin Eierman,39508,Missouri,Cole Baumgartner,13425,Missouri
2016,11/21,Joe Parisi Open,133,W,FALL,4:31,Dakota Bauer,42265,Maryville University,Cole Baumgartner,13425,Missouri
2016,11/21,Joe Parisi Open,133,W,FALL,1:22,Clifford Ikenberry,42438,Benedictine College,Cole Baumgartner,13425,Missouri
2016,11/21,Joe Parisi Open,133,W,DEC,7 - 5,Lincoln Olson,39546,Oklahoma State,Cole Baumgartner,13425,Missouri
2016,11/21,Joe Parisi Open,133,W,TF5,16 - 0 3:00,Joe Wheeling,13551,West Virginia,Cole Baumgartner,13425,Missouri
2016,11/15,Michigan State Open,133,W,MD,10 - 2,Ben Calandrino,12202,Eastern Michigan,Cole Baumgartner,13425,Missouri
2016,11/15,Michigan State Open,133,W,FALL,4:16,Stanley Hendricks,24492,Ohio State,Cole Baumgartner,13425,Missouri
2016,11/15,Michigan State Open,133,L,DEC,10 - 9,Keegan Moore,39680,West Virginia,Cole Baumgartner,13425,Missouri
2016,11/15,Michigan State Open,133,L,MD,13 - 2,Jens Lantz,20484,Wisconsin,Cole Baumgartner,13425,Missouri
2016,02/07,Missouri - Northern Illinois Dual,141,L,MD,15 - 4,Steve Bleise,20195,Northern Illinois,Nick Nasenbeny,20066,Missouri
2016,01/24,Roger Denker Open,133,L,MFOR,0 - 0,Sam Ritchie,42233,Missouri,Nick Nasenbeny,20066,Missouri
2016,01/24,Roger Denker Open,133,L,INJ,7:00,Jacob Grant,23924,Grand View,Nick Nasenbeny,20066,Missouri
2016,01/24,Roger Denker Open,133,W,DEC,9 - 2,Curtis Burnett,41043,Northeastern Oklahoma,Nick Nasenbeny,20066,Missouri
2016,11/21,Joe Parisi Open,133,L,DEC,4 - 0,Cody Pae,15703,Purdue,Nick Nasenbeny,20066,Missouri
2016,11/21,Joe Parisi Open,133,L,DEC,4 - 0,Luke Schroeder,12114,Purdue,Nick Nasenbeny,20066,Missouri
2016,11/21,Joe Parisi Open,133,W,DEC,8 - 6,Nick Crume,42346,Indianapolis,Nick Nasenbeny,20066,Missouri
2016,11/14,Kaufman Brand Open,133,W,MFOR,0 - 0,Naquan Hardy,25021,McKendree University,Nick Nasenbeny,20066,Missouri
2016,11/14,Kaufman Brand Open,133,W,DEC,7 - 1,Ryan Stearns,42239,Missouri Valley,Nick Nasenbeny,20066,Missouri
2016,11/14,Kaufman Brand Open,133,L,DEC,7 - 4,Hunter Haralson,42263,Lindenwood,Nick Nasenbeny,20066,Missouri
2016,11/14,Kaufman Brand Open,133,W,FALL,4:03,Naquan Hardy,25021,McKendree University,Nick Nasenbeny,20066,Missouri
2016,11/14,Kaufman Brand Open,133,W,FALL,3:53,Troy Reed,22261,Missouri Baptist,Nick Nasenbeny,20066,Missouri
2016,11/14,Kaufman Brand Open,133,W,DEC,8 - 1,Ryan Stearns,42239,Missouri Valley,Nick Nasenbeny,20066,Missouri
2016,01/24,Roger Denker Open,133,L,DEC,6 - 2,Caleb Basma,41046,Northeastern Oklahoma,Sam Ritchie,42233,Missouri
2016,01/24,Roger Denker Open,133,L,MD,8 - 0,Aaron O'brien,44075,Unattached,Sam Ritchie,42233,Missouri
2016,01/24,Roger Denker Open,133,W,MFOR,0 - 0,Nick Nasenbeny,20066,Missouri,Sam Ritchie,42233,Missouri
2016,11/21,Joe Parisi Open,133,L,DEC,6 - 2,Jermaine Pryor,42044,Ellsworth CC,Sam Ritchie,42233,Missouri
2016,11/21,Joe Parisi Open,133,W,DEC,5 - 1,Dillon McCaleb,22816,Northeastern Oklahoma,Sam Ritchie,42233,Missouri
2016,11/21,Joe Parisi Open,133,W,DEC,4 - 3,Caleb Basma,41046,Northeastern Oklahoma,Sam Ritchie,42233,Missouri
2016,11/21,Joe Parisi Open,133,W,TF5,16 - 0 7:00,Kreig Askew,42437,McKendree University,Sam Ritchie,42233,Missouri
2016,11/21,Joe Parisi Open,133,L,MD,12 - 1,Curtis Burnett,41043,Northeastern Oklahoma,Sam Ritchie,42233,Missouri
2016,11/21,Joe Parisi Open,133,W,MD,11 - 3,Joshua Averett,42436,Williams Baptist,Sam Ritchie,42233,Missouri
2016,11/14,Kaufman Brand Open,133,L,DEC,4 - 3,Joe Kieffer,42237,Indianapolis,Sam Ritchie,42233,Missouri
2016,11/14,Kaufman Brand Open,133,W,DEC,9 - 6,Joseph Padron,42236,Newman,Sam Ritchie,42233,Missouri
2016,11/14,Kaufman Brand Open,133,W,DEC,8 - 5,Austin Schuler,42235,Lindenwood,Sam Ritchie,42233,Missouri
2016,11/14,Kaufman Brand Open,133,L,FALL,4:56,Curtis Burnett,41043,Northeastern Oklahoma,Sam Ritchie,42233,Missouri
2016,11/14,Kaufman Brand Open,133,W,FALL,3:00,Chase Kelley,42234,Lindenwood,Sam Ritchie,42233,Missouri
2016,11/14,Kaufman Brand Open,133,W,MD,15 - 6,Curtis Burnett,41043,Northeastern Oklahoma,Quinn Smith,20376,Missouri
2016,11/14,Kaufman Brand Open,133,W,FALL,3:37,Michael Lopez,41040,Northeastern Oklahoma,Quinn Smith,20376,Missouri
2016,11/14,Kaufman Brand Open,133,W,INJ,7:00,Connor Knapp,42238,Indianapolis,Quinn Smith,20376,Missouri
2016,11/14,Kaufman Brand Open,133,W,TF5,19 - 3 5:41,Dillon McCaleb,22816,Northeastern Oklahoma,Quinn Smith,20376,Missouri
2016,11/14,Kaufman Brand Open,133,W,FALL,2:57,Austin Schuler,42235,Lindenwood,Quinn Smith,20376,Missouri
2016,03/17,NCAA Championships,141,L,TF5,17 - 2 7:00,Jimmy Gulibon,13371,Penn State,Matt Manley,13384,Missouri
2016,03/17,NCAA Championships,141,L,MD,12 - 3,Michael Longo,19624,Appalachian State,Matt Manley,13384,Missouri
2016,03/05,MAC Championships,141,W,DEC,3 - 2,Brandon Lapi,19724,Buffalo,Matt Manley,13384,Missouri
2016,03/05,MAC Championships,141,L,MFOR,0 - 0,Chris Mecate,11835,Old Dominion,Matt Manley,13384,Missouri
2016,03/05,MAC Championships,141,W,SV-1,6 - 4,Zach Horan,11624,Central Michigan,Matt Manley,13384,Missouri
2016,02/21,Missouri - Nebraska Dual,141,W,DEC,6 - 2,Anthony Abidin,11584,Nebraska,Matt Manley,13384,Missouri
2016,02/14,Missouri - North Carolina State Dual,141,L,DEC,4 - 2,Kevin Jack,20130,NC State,Matt Manley,13384,Missouri
2016,02/12,Missouri - Appalachian State Dual,141,W,DEC,7 - 5,Michael Longo,19624,Appalachian State,Matt Manley,13384,Missouri
2016,01/31,Old Dominion - Missouri Dual,141,W,DEC,4 - 1,Chris Mecate,11835,Old Dominion,Matt Manley,13384,Missouri
2016,01/30,Oklahoma - Missouri Dual,141,W,FALL,2:40,Trae Blackwell,20807,Oklahoma,Matt Manley,13384,Missouri
2016,01/22,Missouri - Oklahoma State Dual,141,L,DEC,3 - 1,Dean Heil,15376,Oklahoma State,Matt Manley,13384,Missouri
2016,01/17,Missouri - Central Michigan Dual,141,W,TB-1,2 - 1,Zach Horan,11624,Central Michigan,Matt Manley,13384,Missouri
2016,01/15,Eastern Michigan - Missouri Dual,141,W,DEC,5 - 3,Kyle Springer,37484,Eastern Michigan,Matt Manley,13384,Missouri
2016,01/10,Cornell - Missouri Dual,141,W,MD,9 - 1,William Koll,40375,Cornell,Matt Manley,13384,Missouri
2016,12/20,Missouri - Kent State Dual,141,W,MD,10 - 1,Anthony Tutolo,19968,Kent State,Matt Manley,13384,Missouri
2016,12/13,Ohio - Missouri Dual,141,W,TB-1,6 - 5,Noah Forrider,11648,Ohio,Matt Manley,13384,Missouri
2016,12/12,Ohio State - Missouri Dual,141,W,DEC,4 - 3,Micah Jordan,20557,Ohio State,Matt Manley,13384,Missouri
2016,12/04,Cliff Keen Las Vegas Invitational,141,W,DEC,6 - 3,Jack Hathaway,15765,Oregon State,Matt Manley,13384,Missouri
2016,12/04,Cliff Keen Las Vegas Invitational,141,W,MD,11 - 3,Austin Solari,23973,Grand Canyon,Matt Manley,13384,Missouri
2016,12/04,Cliff Keen Las Vegas Invitational,141,W,TF5,15 - 0 5:54,Ian Nickell,20540,CSU Bakersfield,Matt Manley,13384,Missouri
2016,12/04,Cliff Keen Las Vegas Invitational,141,W,DEC,11 - 6,Mitch Bengtson,11619,North Dakota State,Matt Manley,13384,Missouri
2016,12/04,Cliff Keen Las Vegas Invitational,141,W,MD,11 - 3,Tony DeAngelo,22458,West Virginia,Matt Manley,13384,Missouri
2016,12/04,Cliff Keen Las Vegas Invitational,141,W,FALL,3:54,Solomon Chishko,20440,Virginia Tech,Matt Manley,13384,Missouri
2016,12/04,Cliff Keen Las Vegas Invitational,141,L,DEC,11 - 5,Thomas Thorn,21082,Minnesota,Matt Manley,13384,Missouri
2016,12/04,Cliff Keen Las Vegas Invitational,141,L,DEC,6 - 5,Thomas Thorn,21082,Minnesota,Matt Manley,13384,Missouri
2016,11/28,Missouri - Northern Iowa Dual,141,W,DEC,4 - 3,Trevor Jauch,22449,Northern Iowa,Matt Manley,13384,Missouri
2016,11/21,Joe Parisi Open,141,W,DEC,9 - 2,Steve Bleise,20195,Northern Illinois,Matt Manley,13384,Missouri
2016,11/21,Joe Parisi Open,141,W,MD,11 - 1,Tyler Tustin,42411,Central Oklahoma,Matt Manley,13384,Missouri
2016,11/21,Joe Parisi Open,141,W,DEC,9 - 3,Eli Stickley,39697,Wisconsin,Matt Manley,13384,Missouri
2016,11/21,Joe Parisi Open,141,L,DEC,6 - 4,Le'Roy Barnes,20053,Missouri,Matt Manley,13384,Missouri
2016,11/21,Joe Parisi Open,141,W,DEC,10 - 3,Tristan Moran,39545,Oklahoma State,Matt Manley,13384,Missouri
2016,11/21,Joe Parisi Open,141,W,DEC,3 - 2,Dusty Hone,20271,Oklahoma State,Matt Manley,13384,Missouri
2016,11/20,Missouri - Southern Illinois Edwardsville Dual,141,W,MD,16 - 4,Angelo Silvestro,20385,SIU Edwardsville,Matt Manley,13384,Missouri
2016,11/14,Kaufman Brand Open,141,L,DEC,3 - 2,Nate Rodriguez,42251,Maryville University,Matt Manley,13384,Missouri
2016,11/14,Kaufman Brand Open,141,W,FALL,2:44,Andrew Frey,25041,Indianapolis,Matt Manley,13384,Missouri
2016,11/14,Kaufman Brand Open,141,W,FALL,2:17,Dante Padilla,42250,Williams Baptist,Matt Manley,13384,Missouri
2016,02/06,Edinboro Open,141,L,MFOR,0 - 0,JP Ascolese,19808,Columbia,Will Roark,39509,Missouri
2016,02/06,Edinboro Open,141,W,DEC,12 - 6,Jonathan Mele,12168,Lehigh,Will Roark,39509,Missouri
2016,02/06,Edinboro Open,141,W,MD,12 - 2,Jordan Reich,20339,Princeton,Will Roark,39509,Missouri
2016,02/06,Edinboro Open,141,W,FALL,1:19,William Kui,39784,Columbia,Will Roark,39509,Missouri
2016,02/06,Edinboro Open,141,L,MD,12 - 2,Matt Kolodzik,45071,Unattached,Will Roark,39509,Missouri
2016,01/24,Roger Denker Open,141,W,DEC,9 - 2,Dylan Lucas,39859,Oklahoma,Will Roark,39509,Missouri
2016,01/24,Roger Denker Open,141,W,MD,8 - 0,John Giofreddi,21433,Grand View,Will Roark,39509,Missouri
2016,01/24,Roger Denker Open,141,W,FALL,4:26,Tyler Brown,24581,Baker,Will Roark,39509,Missouri
2016,01/24,Roger Denker Open,141,W,DEC,5 - 2,Cole Baumgartner,13425,Missouri,Will Roark,39509,Missouri
2016,12/06,Bob Smith Open,141,L,TF5,15 - 0 7:00,Anthony Abidin,11584,Nebraska,Will Roark,39509,Missouri
2016,12/06,Bob Smith Open,141,W,FALL,2:45,Collin Purinton,40505,Nebraska,Will Roark,39509,Missouri
2016,12/06,Bob Smith Open,141,L,DEC,8 - 7,Collin Purinton,40505,Nebraska,Will Roark,39509,Missouri
2016,11/21,Joe Parisi Open,141,L,DEC,10 - 4,Nate Rodriguez,42251,Maryville University,Will Roark,39509,Missouri
2016,11/21,Joe Parisi Open,141,W,DEC,6 - 5,Darren Wynn,23462,McKendree University,Will Roark,39509,Missouri
2016,11/21,Joe Parisi Open,141,W,TF5,18 - 0 6:00,Logan Smith,42442,Liberty University,Will Roark,39509,Missouri
2016,11/21,Joe Parisi Open,141,L,DEC,5 - 1,Tristan Moran,39545,Oklahoma State,Will Roark,39509,Missouri
2016,11/21,Joe Parisi Open,141,L,DEC,4 - 2,Dusty Hone,20271,Oklahoma State,Will Roark,39509,Missouri
2016,11/21,Joe Parisi Open,141,W,DEC,5 - 3,Christian Monserrat,20473,West Virginia,Will Roark,39509,Missouri
2016,11/14,Kaufman Brand Open,141,W,TF5,16 - 0 3:15,Nick Mcghee,42243,Maryville University,Will Roark,39509,Missouri
2016,11/14,Kaufman Brand Open,141,W,MD,8 - 0,Mitchell Sellers,40987,Northeastern Oklahoma,Will Roark,39509,Missouri
2016,11/14,Kaufman Brand Open,141,W,FALL,1:14,Ethan Rentschler,22404,Truman,Will Roark,39509,Missouri
2016,11/14,Kaufman Brand Open,141,W,FALL,4:22,Bryson Laytart,42245,Williams Baptist,Will Roark,39509,Missouri
2016,11/08,UCM Open,141,W,DEC,6 - 2,Darren Wynn,23462,McKendree University,Will Roark,39509,Missouri
2016,11/08,UCM Open,141,W,FALL,5:20,Jared Mestas,41160,Lindenwood,Will Roark,39509,Missouri
2016,11/08,UCM Open,141,W,TF5,15 - 0 5:00,Shaquille Wright,41162,Labette Community College,Will Roark,39509,Missouri
2016,11/08,UCM Open,141,W,TF5,15 - 0 4:10,Steffon Fassett,41161,Central Missouri,Will Roark,39509,Missouri
2016,01/24,Roger Denker Open,141,W,DEC,10 - 3,Seth Johnson,42458,Missouri Valley,Kevin Kissane,39650,Missouri
2016,01/24,Roger Denker Open,141,L,DEC,8 - 2,Cole Baumgartner,13425,Missouri,Kevin Kissane,39650,Missouri
2016,01/24,Roger Denker Open,141,L,INJ,7:00,Cameron Kelly,22455,SIU Edwardsville,Kevin Kissane,39650,Missouri
2016,11/21,Joe Parisi Open,141,L,FALL,1:38,John Giofreddi,21433,Grand View,Kevin Kissane,39650,Missouri
2016,11/21,Joe Parisi Open,141,W,FALL,4:11,Bryson Laytart,42245,Williams Baptist,Kevin Kissane,39650,Missouri
2016,11/21,Joe Parisi Open,141,W,DEC,13 - 11,Hunter Genco,24693,Grand View,Kevin Kissane,39650,Missouri
2016,11/21,Joe Parisi Open,141,L,DEC,7 - 4,Kyle Barkovich,42244,Indianapolis,Kevin Kissane,39650,Missouri
2016,11/14,Kaufman Brand Open,141,W,DEC,6 - 3,Mitchell Sellers,40987,Northeastern Oklahoma,Kevin Kissane,39650,Missouri
2016,11/14,Kaufman Brand Open,141,W,DEC,6 - 5,Kyle Barkovich,42244,Indianapolis,Kevin Kissane,39650,Missouri
2016,11/14,Kaufman Brand Open,141,L,DEC,13 - 9,Nick Mcghee,42243,Maryville University,Kevin Kissane,39650,Missouri
2016,11/14,Kaufman Brand Open,141,W,DEC,3 - 1,Cy Trindle,42242,Labette Community College,Kevin Kissane,39650,Missouri
2016,11/14,Kaufman Brand Open,141,W,DEC,5 - 1,James Mosher,42241,Missouri Baptist,Kevin Kissane,39650,Missouri
2016,11/14,Kaufman Brand Open,141,W,MD,11 - 3,Evan Smiley,42240,Indianapolis,Kevin Kissane,39650,Missouri
2016,11/08,UCM Open,141,W,MFOR,0 - 0,Jared Mestas,41160,Lindenwood,Kevin Kissane,39650,Missouri
2016,11/08,UCM Open,141,W,DEC,10 - 7,Juan Rivera,21210,Baker,Kevin Kissane,39650,Missouri
2016,11/08,UCM Open,141,L,DEC,12 - 6,Darren Wynn,23462,McKendree University,Kevin Kissane,39650,Missouri
2016,11/08,UCM Open,141,W,DEC,10 - 4,Dakota Jones,41159,Central Missouri,Kevin Kissane,39650,Missouri
2016,11/08,UCM Open,141,W,FALL,5:00,Kahaleel Shaw,41158,Labette Community College,Kevin Kissane,39650,Missouri
2016,03/17,NCAA Championships,149,W,DEC,3 - 2,Anthony Collica,11723,Oklahoma State,Lavion Mayes,11599,Missouri
2016,03/17,NCAA Championships,149,L,DEC,3 - 2,Anthony Collica,11723,Oklahoma State,Lavion Mayes,11599,Missouri
2016,03/17,NCAA Championships,149,W,DEC,3 - 2,Davion Jeffries,39653,Oklahoma,Lavion Mayes,11599,Missouri
2016,03/17,NCAA Championships,149,W,FALL,2:49,Alec Pantaleo,20020,Michigan,Lavion Mayes,11599,Missouri
2016,03/17,NCAA Championships,149,W,DEC,6 - 2,Patricio Lugo,39919,Edinboro,Lavion Mayes,11599,Missouri
2016,03/17,NCAA Championships,149,W,DEC,5 - 1,Geordan Martinez,19690,Boise State,Lavion Mayes,11599,Missouri
2016,03/17,NCAA Championships,149,W,DEC,5 - 3,Mitch Finesilver,19861,Duke,Lavion Mayes,11599,Missouri
2016,03/05,MAC Championships,149,W,MD,15 - 6,Colt Cotten,11905,Buffalo,Lavion Mayes,11599,Missouri
2016,03/05,MAC Championships,149,L,DEC,6 - 5,Michael DePalma,13801,Kent State,Lavion Mayes,11599,Missouri
2016,03/05,MAC Championships,149,L,MFOR,0 - 0,Nicholas Barber,11739,Eastern Michigan,Lavion Mayes,11599,Missouri
2016,03/05,MAC Championships,149,W,MD,15 - 5,Adam Perrin,11645,Northern Iowa,Lavion Mayes,11599,Missouri
2016,02/21,Missouri - Nebraska Dual,149,L,TB-1,4 - 1,Jake Sueflohn,13613,Nebraska,Lavion Mayes,11599,Missouri
2016,02/14,Missouri - North Carolina State Dual,149,W,MD,14 - 4,Beau Donahue,11933,NC State,Lavion Mayes,11599,Missouri
2016,02/12,Missouri - Appalachian State Dual,149,W,TF5,19 - 4 7:00,Matthew Zovistoski,40049,Appalachian State,Lavion Mayes,11599,Missouri
2016,02/07,Missouri - Northern Illinois Dual,149,W,DEC,5 - 4,Gabe Morse,13579,Northern Illinois,Lavion Mayes,11599,Missouri
2016,01/31,Old Dominion - Missouri Dual,149,W,DEC,2 - 1,Alexander Richardson,13802,Old Dominion,Lavion Mayes,11599,Missouri
2016,01/30,Oklahoma - Missouri Dual,149,W,DEC,4 - 2,Davion Jeffries,39653,Oklahoma,Lavion Mayes,11599,Missouri
2016,01/22,Missouri - Oklahoma State Dual,149,W,DEC,5 - 2,Anthony Collica,11723,Oklahoma State,Lavion Mayes,11599,Missouri
2016,01/17,Missouri - Central Michigan Dual,149,W,DEC,5 - 4,Colin Heffernan,13795,Central Michigan,Lavion Mayes,11599,Missouri
2016,01/15,Eastern Michigan - Missouri Dual,149,W,DEC,2 - 0,Nicholas Barber,11739,Eastern Michigan,Lavion Mayes,11599,Missouri
2016,01/10,Cornell - Missouri Dual,149,W,DEC,9 - 2,Joseph Galasso,40376,Cornell,Lavion Mayes,11599,Missouri
2016,01/08,Buffalo - Missouri Dual,149,W,DEC,13 - 10,Colt Cotten,11905,Buffalo,Lavion Mayes,11599,Missouri
2016,12/20,Missouri - Kent State Dual,149,W,DEC,9 - 3,Michael DePalma,13801,Kent State,Lavion Mayes,11599,Missouri
2016,12/13,Ohio - Missouri Dual,149,W,MD,20 - 12,Cullen Cummings,13873,Ohio,Lavion Mayes,11599,Missouri
2016,12/12,Ohio State - Missouri Dual,149,W,MD,12 - 3,Cody Burcher,20243,Ohio State,Lavion Mayes,11599,Missouri
2016,12/04,Cliff Keen Las Vegas Invitational,149,W,DEC,5 - 4,Davion Jeffries,39653,Oklahoma,Lavion Mayes,11599,Missouri
2016,12/04,Cliff Keen Las Vegas Invitational,149,W,MD,14 - 5,Tom Page,11812,American,Lavion Mayes,11599,Missouri
2016,12/04,Cliff Keen Las Vegas Invitational,149,W,MD,13 - 5,Geordan Martinez,19690,Boise State,Lavion Mayes,11599,Missouri
2016,12/04,Cliff Keen Las Vegas Invitational,149,W,FALL,6:59,Rylan Lubeck,13818,Wisconsin,Lavion Mayes,11599,Missouri
2016,12/04,Cliff Keen Las Vegas Invitational,149,W,DEC,8 - 6,Jake Short,13599,Minnesota,Lavion Mayes,11599,Missouri
2016,11/28,Missouri - Northern Iowa Dual,149,W,DEC,9 - 3,Gunnar Wolfensperger,13604,Northern Iowa,Lavion Mayes,11599,Missouri
2016,11/21,Joe Parisi Open,149,W,MD,15 - 3,John Fahy,11776,SIU Edwardsville,Lavion Mayes,11599,Missouri
2016,11/21,Joe Parisi Open,149,W,FALL,6:23,Greg Jacquez,41168,Lindenwood,Lavion Mayes,11599,Missouri
2016,11/21,Joe Parisi Open,149,W,DEC,10 - 4,Isaac Reinemann,19941,Illinois,Lavion Mayes,11599,Missouri
2016,11/21,Joe Parisi Open,149,W,MD,9 - 0,Jake S Smith,20479,West Virginia,Lavion Mayes,11599,Missouri
2016,11/20,Missouri - Southern Illinois Edwardsville Dual,149,W,DEC,11 - 6,John Fahy,11776,SIU Edwardsville,Lavion Mayes,11599,Missouri
2016,02/06,Edinboro Open,149,W,MFOR,0 - 0,Chad Saunders,20453,Virginia Tech,Alexander Butler,39647,Missouri
2016,02/06,Edinboro Open,149,W,DEC,5 - 2,Grant Turnmire,39857,Cleveland State,Alexander Butler,39647,Missouri
2016,02/06,Edinboro Open,149,W,MD,13 - 2,Ty Millward,17929,West Virginia,Alexander Butler,39647,Missouri
2016,02/06,Edinboro Open,149,L,DEC,10 - 4,James Dekrone,20467,West Virginia,Alexander Butler,39647,Missouri
2016,02/06,Edinboro Open,149,W,DEC,4 - 2,Gino Fluri,40130,Rider,Alexander Butler,39647,Missouri
2016,02/06,Edinboro Open,149,W,MD,12 - 2,William Povalac,39531,Rutgers,Alexander Butler,39647,Missouri
2016,02/06,Edinboro Open,149,L,MD,10 - 1,Josh Maruca,39512,Arizona State,Alexander Butler,39647,Missouri
2016,01/24,Roger Denker Open,149,L,DEC,3 - 1,Austin Eveler,39579,Missouri,Alexander Butler,39647,Missouri
2016,01/24,Roger Denker Open,149,W,DEC,11 - 7,George Benoit,41122,Grand View,Alexander Butler,39647,Missouri
2016,01/24,Roger Denker Open,149,L,DEC,7 - 3,Nosomy Pozo,17749,Unattached,Alexander Butler,39647,Missouri
2016,01/24,Roger Denker Open,149,W,DEC,4 - 2,Will Steltzlen,23690,Central Oklahoma,Alexander Butler,39647,Missouri
2016,12/20,Reno TOC,149,W,DEC,9 - 5,Drew Schumann,22786,Colorado Mesa,Alexander Butler,39647,Missouri
2016,12/20,Reno TOC,149,W,SV-1,1 - 0,Jay Tovey,18449,Oregon State,Alexander Butler,39647,Missouri
2016,12/20,Reno TOC,149,L,MD,17 - 6,Luke Blanton,13850,Indiana,Alexander Butler,39647,Missouri
2016,12/20,Reno TOC,149,L,DEC,8 - 2,Kyle Gliva,13424,North Dakota State,Alexander Butler,39647,Missouri
2016,12/20,Reno TOC,149,W,DEC,3 - 2,Brayden Humpherys,20413,Utah Valley,Alexander Butler,39647,Missouri
2016,11/21,Joe Parisi Open,149,W,DEC,11 - 5,Dustin Hayden,40994,Northeastern Oklahoma,Alexander Butler,39647,Missouri
2016,11/21,Joe Parisi Open,149,W,DEC,7 - 2,Tony Vaughn,42441,Indianapolis,Alexander Butler,39647,Missouri
2016,11/21,Joe Parisi Open,149,W,DEC,3 - 2,Matt Wempen,40022,Iowa,Alexander Butler,39647,Missouri
2016,11/21,Joe Parisi Open,149,W,DEC,10 - 7,Aaron Meyer,39779,Iowa,Alexander Butler,39647,Missouri
2016,11/21,Joe Parisi Open,149,L,FALL,1:53,Michael Kemerer,39526,Iowa,Alexander Butler,39647,Missouri
2016,11/15,Michigan State Open,149,L,DEC,5 - 2,Matthew Zovistoski,40049,Appalachian State,Alexander Butler,39647,Missouri
2016,11/15,Michigan State Open,149,W,SV-1,8 - 6,Austin Thompson,39737,Michigan State,Alexander Butler,39647,Missouri
2016,11/15,Michigan State Open,149,W,DEC,8 - 7,Cole Wysocki,39960,Purdue,Alexander Butler,39647,Missouri
2016,11/15,Michigan State Open,149,L,DEC,8 - 4,Nate Limmex,39663,Purdue,Alexander Butler,39647,Missouri
2016,11/08,UCM Open,149,W,SV-1,6 - 4,Cole Franklin,41165,Neosho County Community College,Alexander Butler,39647,Missouri
2016,11/08,UCM Open,149,L,SV-2,4 - 3,Austin Eveler,39579,Missouri,Alexander Butler,39647,Missouri
2016,11/08,UCM Open,149,L,DEC,4 - 2,Darick Lapaglia,41166,Central Missouri,Alexander Butler,39647,Missouri
2016,11/08,UCM Open,149,W,DEC,19 - 18,Cole Franklin,41165,Neosho County Community College,Alexander Butler,39647,Missouri
2016,11/08,UCM Open,149,W,TF5,17 - 2 4:30,Marcus Prosser,41164,Lindenwood,Alexander Butler,39647,Missouri
2016,02/07,Missouri Valley College Open,165,L,FALL,3:00,Brogan Humphrey,44383,Unattached,Austin Eveler,39579,Missouri
2016,02/07,Missouri Valley College Open,165,L,TF5,18 - 3 7:00,Matt Pratt,42252,Maryville University,Austin Eveler,39579,Missouri
2016,02/07,Missouri Valley College Open,149,W,FALL,1:42,Caleb Osborn,44372,Truman,Austin Eveler,39579,Missouri
2016,02/07,Missouri Valley College Open,149,L,MD,23 - 14,William Homalon,23685,Fort Hays State,Austin Eveler,39579,Missouri
2016,02/07,Missouri Valley College Open,149,L,FALL,2:11,Blayne Briceno,13636,Iowa State,Austin Eveler,39579,Missouri
2016,02/07,Missouri Valley College Open,149,W,FALL,3:45,Logan Coleman,23754,Graceland University,Austin Eveler,39579,Missouri
2016,02/06,Edinboro Open,165,L,FALL,1:50,Gavin Murray,39788,Purdue,Austin Eveler,39579,Missouri
2016,01/24,Roger Denker Open,165,L,FALL,2:34,Dakota Head,44078,Central Oklahoma,Austin Eveler,39579,Missouri
2016,01/24,Roger Denker Open,165,L,FALL,2:04,Hayden Hansen,39613,Oklahoma,Austin Eveler,39579,Missouri
2016,01/24,Roger Denker Open,149,W,MFOR,0 - 0,Andrew Tujague,41169,Central Missouri,Austin Eveler,39579,Missouri
2016,01/24,Roger Denker Open,149,W,FALL,0:23,Tyler Jones,41178,Wentworth Junior College,Austin Eveler,39579,Missouri
2016,01/24,Roger Denker Open,149,W,DEC,8 - 3,Will Steltzlen,23690,Central Oklahoma,Austin Eveler,39579,Missouri
2016,01/24,Roger Denker Open,149,W,DEC,8 - 2,Mason Miller,41147,Grand View,Austin Eveler,39579,Missouri
2016,01/24,Roger Denker Open,149,W,DEC,3 - 1,Alexander Butler,39647,Missouri,Austin Eveler,39579,Missouri
2016,01/24,Roger Denker Open,149,L,MD,17 - 7,Tyshawn Williams,40203,SIU Edwardsville,Austin Eveler,39579,Missouri
2016,11/14,Kaufman Brand Open,149,W,DEC,11 - 9,Asa Alex nelson,42248,Northeastern Oklahoma,Austin Eveler,39579,Missouri
2016,11/14,Kaufman Brand Open,149,L,FALL,2:38,Tanner Anthony,42247,McKendree University,Austin Eveler,39579,Missouri
2016,11/14,Kaufman Brand Open,149,W,TF5,20 - 1 2:11,David Leyva,42246,Williams Baptist,Austin Eveler,39579,Missouri
2016,11/14,Kaufman Brand Open,149,W,FALL,2:55,Jason Hall-box,40996,Northeastern Oklahoma,Austin Eveler,39579,Missouri
2016,11/08,UCM Open,149,L,DEC,9 - 3,Andrew Tujague,41169,Central Missouri,Austin Eveler,39579,Missouri
2016,11/08,UCM Open,149,W,DEC,10 - 5,Ryan Strope,25037,McKendree University,Austin Eveler,39579,Missouri
2016,11/08,UCM Open,149,W,FALL,6:38,Greg Jacquez,41168,Lindenwood,Austin Eveler,39579,Missouri
2016,11/08,UCM Open,149,L,MD,14 - 4,Mech Spraggins,41167,McKendree University,Austin Eveler,39579,Missouri
2016,11/08,UCM Open,149,W,DEC,8 - 1,Ryan Strope,25037,McKendree University,Austin Eveler,39579,Missouri
2016,11/08,UCM Open,149,W,SV-2,4 - 3,Alexander Butler,39647,Missouri,Austin Eveler,39579,Missouri
2016,02/07,Missouri Valley College Open,149,L,FALL,2:11,Blayne Briceno,13636,Iowa State,Austin Schnieders,44366,Missouri
2016,03/17,NCAA Championships,157,L,TB-2,4 - 3,Justin Staudenmayer,15115,Brown,Le'Roy Barnes,20053,Missouri
2016,03/17,NCAA Championships,157,L,DEC,7 - 3,Dylan Palacio,11481,Cornell,Le'Roy Barnes,20053,Missouri
2016,03/05,MAC Championships,157,W,INJ,7:00,Ian Miller,11851,Kent State,Le'Roy Barnes,20053,Missouri
2016,03/05,MAC Championships,157,W,FALL,3:40,Spartak Chino,13542,Ohio,Le'Roy Barnes,20053,Missouri
2016,03/05,MAC Championships,157,W,MD,10 - 2,Bryce Steiert,39504,Northern Iowa,Le'Roy Barnes,20053,Missouri
2016,02/21,Missouri - Nebraska Dual,157,L,MD,10 - 2,Tyler Berger,20096,Nebraska,Le'Roy Barnes,20053,Missouri
2016,02/14,Missouri - North Carolina State Dual,157,L,DEC,5 - 2,Thomas Gantt,40196,NC State,Le'Roy Barnes,20053,Missouri
2016,02/12,Missouri - Appalachian State Dual,157,W,FALL,1:43,David Peters-Logue,19628,Appalachian State,Le'Roy Barnes,20053,Missouri
2016,02/07,Missouri - Northern Illinois Dual,157,W,MD,11 - 2,Andrew Morse,13512,Northern Illinois,Le'Roy Barnes,20053,Missouri
2016,01/31,Old Dominion - Missouri Dual,157,W,DEC,10 - 5,Austin Eads,13790,Old Dominion,Le'Roy Barnes,20053,Missouri
2016,01/30,Oklahoma - Missouri Dual,157,W,MD,8 - 0,Brock Wingbermuehle,20823,Oklahoma,Le'Roy Barnes,20053,Missouri
2016,01/22,Missouri - Oklahoma State Dual,157,L,DEC,10 - 4,Joe Smith,39786,Oklahoma State,Le'Roy Barnes,20053,Missouri
2016,01/17,Missouri - Central Michigan Dual,157,L,DEC,3 - 2,Luke Smith,13537,Central Michigan,Le'Roy Barnes,20053,Missouri
2016,01/15,Eastern Michigan - Missouri Dual,157,W,MD,12 - 1,Devan Marry,14832,Eastern Michigan,Le'Roy Barnes,20053,Missouri
2016,01/10,Cornell - Missouri Dual,157,L,DEC,9 - 7,Dylan Palacio,11481,Cornell,Le'Roy Barnes,20053,Missouri
2016,01/08,Buffalo - Missouri Dual,157,W,DEC,6 - 1,Timothy Schaefer,40475,Buffalo,Le'Roy Barnes,20053,Missouri
2016,12/20,Reno TOC,157,L,DEC,7 - 0,Luke Smith,13537,Central Michigan,Le'Roy Barnes,20053,Missouri
2016,12/20,Reno TOC,157,L,DEC,4 - 2,Luke Smith,13537,Central Michigan,Le'Roy Barnes,20053,Missouri
2016,12/20,Reno TOC,157,W,FALL,7:00,Oliver Pierce,20578,Arizona State,Le'Roy Barnes,20053,Missouri
2016,12/20,Reno TOC,157,W,FALL,0:45,Austin Blaede,43231,Montana State-Northern,Le'Roy Barnes,20053,Missouri
2016,12/20,Reno TOC,157,W,MD,13 - 0,Isaiah Hokit,39691,Drexel,Le'Roy Barnes,20053,Missouri
2016,12/20,Reno TOC,157,W,MFOR,0 - 0,Joey Lavallee,13513,Missouri,Le'Roy Barnes,20053,Missouri
2016,12/20,Reno TOC,157,W,FALL,3:46,Merlin Bope Miongolo,41454,Boise State,Le'Roy Barnes,20053,Missouri
2016,12/20,Reno TOC,157,W,FALL,1:24,Jake Danishek,20520,Indiana,Le'Roy Barnes,20053,Missouri
2016,12/20,Reno TOC,157,W,DEC,9 - 6,Eric Roach,13723,Indiana,Le'Roy Barnes,20053,Missouri
2016,12/12,UNI Open,141,W,DEC,9 - 2,Eli Stickley,39697,Wisconsin,Le'Roy Barnes,20053,Missouri
2016,12/12,UNI Open,141,W,DEC,5 - 4,Cole Martin,39773,Wisconsin,Le'Roy Barnes,20053,Missouri
2016,12/12,UNI Open,141,W,TF5,16 - 0 2:19,Tyler Janes,43478,Maryville University,Le'Roy Barnes,20053,Missouri
2016,12/12,UNI Open,141,W,FALL,5:39,Tyler Willers,13399,Northern Iowa,Le'Roy Barnes,20053,Missouri
2016,12/12,UNI Open,141,W,FALL,1:48,Jake Hodges,11666,Northern Iowa,Le'Roy Barnes,20053,Missouri
2016,11/21,Joe Parisi Open,141,L,DEC,9 - 5,Nate Rodriguez,42251,Maryville University,Le'Roy Barnes,20053,Missouri
2016,11/21,Joe Parisi Open,141,W,DEC,6 - 4,Matt Manley,13384,Missouri,Le'Roy Barnes,20053,Missouri
2016,11/21,Joe Parisi Open,141,W,FALL,1:51,Justin Kieffer,42440,Indianapolis,Le'Roy Barnes,20053,Missouri
2016,11/21,Joe Parisi Open,141,W,DEC,6 - 4,Dusty Hone,20271,Oklahoma State,Le'Roy Barnes,20053,Missouri
2016,11/14,Kaufman Brand Open,141,W,FALL,2:43,Darren Wynn,23462,McKendree University,Le'Roy Barnes,20053,Missouri
2016,11/14,Kaufman Brand Open,141,W,DEC,6 - 2,Blake Clevenger,23630,Ouachita Baptist University,Le'Roy Barnes,20053,Missouri
2016,11/14,Kaufman Brand Open,141,W,TF5,17 - 2 6:04,John Muldoon,20384,SIU Edwardsville,Le'Roy Barnes,20053,Missouri
2016,12/20,Reno TOC,157,L,MFOR,0 - 0,Andrew Fierro,37928,CSU Bakersfield,Joey Lavallee,13513,Missouri
2016,12/20,Reno TOC,157,L,MFOR,0 - 0,Le'Roy Barnes,20053,Missouri,Joey Lavallee,13513,Missouri
2016,12/20,Reno TOC,157,W,DEC,9 - 3,Nick Swanson,21913,Colorado Mesa,Joey Lavallee,13513,Missouri
2016,12/20,Reno TOC,157,W,FALL,3:29,Josh Smith,43641,Highline Community College,Joey Lavallee,13513,Missouri
2016,12/20,Reno TOC,157,W,TF5,15 - 0 5:51,Colbran Meeker,39814,Oregon State,Joey Lavallee,13513,Missouri
2016,12/20,Reno TOC,157,W,TF5,15 - 0 6:00,Eric Roach,13723,Indiana,Joey Lavallee,13513,Missouri
2016,12/20,Reno TOC,157,L,MFOR,0 - 0,Isaiah Martinez,13466,Illinois,Joey Lavallee,13513,Missouri
2016,12/20,Reno TOC,157,L,MFOR,0 - 0,Adam Fierro,15184,CSU Bakersfield,Joey Lavallee,13513,Missouri
2016,11/21,Joe Parisi Open,157,L,MFOR,0 - 0,Nate Higgins,20380,SIU Edwardsville,Joey Lavallee,13513,Missouri
2016,11/21,Joe Parisi Open,157,W,DEC,6 - 1,Erik Travers,20386,SIU Edwardsville,Joey Lavallee,13513,Missouri
2016,11/21,Joe Parisi Open,157,W,DEC,12 - 5,Dayton Racer,39978,VA/Southeast Regional Training,Joey Lavallee,13513,Missouri
2016,11/21,Joe Parisi Open,157,L,DEC,5 - 3,Joe Smith,39786,Oklahoma State,Joey Lavallee,13513,Missouri
2016,11/21,Joe Parisi Open,157,W,DEC,18 - 15,Ryan Blees,20267,Oklahoma State,Joey Lavallee,13513,Missouri
2016,11/21,Joe Parisi Open,157,L,MFOR,0 - 0,Logan Thompson,40883,Iowa,Joey Lavallee,13513,Missouri
2016,11/15,Michigan State Open,157,L,DEC,3 - 0,Luke Smith,13537,Central Michigan,Joey Lavallee,13513,Missouri
2016,11/15,Michigan State Open,157,W,DEC,8 - 2,Tevin Machart,19755,Central Michigan,Joey Lavallee,13513,Missouri
2016,11/15,Michigan State Open,157,W,DEC,7 - 6,David Peters-Logue,19628,Appalachian State,Joey Lavallee,13513,Missouri
2016,11/15,Michigan State Open,157,W,DEC,3 - 2,Spartak Chino,13542,Ohio,Joey Lavallee,13513,Missouri
2016,02/06,Edinboro Open,157,L,TF5,16 - 0 3:22,Joe Velliquette,20320,Pennsylvania,Keegan McCormick,39733,Missouri
2016,02/06,Edinboro Open,157,W,MD,13 - 1,Dominic Vitale,40005,Pittsburgh,Keegan McCormick,39733,Missouri
2016,02/06,Edinboro Open,157,W,TF5,15 - 0 2:19,Teagan O'sullivan,44271,Gannon,Keegan McCormick,39733,Missouri
2016,02/06,Edinboro Open,157,L,TF5,15 - 0 3:43,Andrew Shomers,39642,Edinboro,Keegan McCormick,39733,Missouri
2016,02/06,Edinboro Open,157,W,MFOR,0 - 0,Jake Deutschlander,39957,Arizona State,Keegan McCormick,39733,Missouri
2016,01/24,Roger Denker Open,157,L,DEC,8 - 3,Dawaylon Barnes,22085,Northeastern Oklahoma,Keegan McCormick,39733,Missouri
2016,01/24,Roger Denker Open,157,W,FALL,0:30,Joshua Thomas,22397,Baker,Keegan McCormick,39733,Missouri
2016,01/24,Roger Denker Open,157,W,FALL,5:54,Alex Destra,44081,Missouri Valley,Keegan McCormick,39733,Missouri
2016,01/24,Roger Denker Open,157,W,DEC,8 - 2,Sam Zimmerman,13707,SIU Edwardsville,Keegan McCormick,39733,Missouri
2016,11/21,Joe Parisi Open,157,W,DEC,9 - 3,Caden McWhirter,40016,Northern Illinois,Keegan McCormick,39733,Missouri
2016,11/21,Joe Parisi Open,157,W,MD,14 - 1,Isaiah Frank,41853,Lindsey Wilson,Keegan McCormick,39733,Missouri
2016,11/21,Joe Parisi Open,157,W,TF5,17 - 2 7:00,Brandon Bellant,41917,Davenport,Keegan McCormick,39733,Missouri
2016,11/21,Joe Parisi Open,157,L,DEC,3 - 2,Luke Fortuna,39654,Missouri,Keegan McCormick,39733,Missouri
2016,11/21,Joe Parisi Open,157,W,DEC,4 - 0,Cole Erickson,39527,Iowa,Keegan McCormick,39733,Missouri
2016,11/15,Michigan State Open,157,L,DEC,7 - 2,Bret Romanzak,41599,Ashland,Keegan McCormick,39733,Missouri
2016,11/15,Michigan State Open,157,W,FALL,4:16,Anthony Petrone,39585,Northwestern,Keegan McCormick,39733,Missouri
2016,11/15,Michigan State Open,157,L,DEC,10 - 7,Casey Sparkman,19970,Kent State,Keegan McCormick,39733,Missouri
2016,11/08,UCM Open,157,W,MD,11 - 0,Colton Orlando,41180,Lindenwood,Keegan McCormick,39733,Missouri
2016,11/08,UCM Open,157,W,FALL,3:14,Kawika Crown,41179,McKendree University,Keegan McCormick,39733,Missouri
2016,11/08,UCM Open,157,W,FALL,1:39,Tyler Jones,41178,Wentworth Junior College,Keegan McCormick,39733,Missouri
2016,11/08,UCM Open,157,W,FALL,4:30,Cam Coquyt,41177,Unattached,Keegan McCormick,39733,Missouri
2016,11/08,UCM Open,157,W,MD,9 - 1,Phyllip DeLoach,40074,Missouri,Keegan McCormick,39733,Missouri
2016,02/06,Edinboro Open,157,L,DEC,5 - 2,Chas Busz,11902,Cleveland State,Luke Fortuna,39654,Missouri
2016,02/06,Edinboro Open,157,W,DEC,5 - 1,Jason West,21302,Alderson-Broaddus University,Luke Fortuna,39654,Missouri
2016,02/06,Edinboro Open,157,L,TF5,15 - 0 3:41,Oliver Pierce,20578,Arizona State,Luke Fortuna,39654,Missouri
2016,12/20,Reno TOC,157,W,DEC,4 - 1,Rodney Williams,20296,Oregon State,Luke Fortuna,39654,Missouri
2016,12/20,Reno TOC,157,L,DEC,3 - 0,Colbran Meeker,39814,Oregon State,Luke Fortuna,39654,Missouri
2016,12/20,Reno TOC,157,L,MD,19 - 7,Joe Smith,39786,Oklahoma State,Luke Fortuna,39654,Missouri
2016,12/13,Ohio - Missouri Dual,157,L,DEC,4 - 3,Spartak Chino,13542,Ohio,Luke Fortuna,39654,Missouri
2016,12/12,Ohio State - Missouri Dual,157,L,MD,10 - 2,Jake Ryan,20252,Ohio State,Luke Fortuna,39654,Missouri
2016,12/04,Cliff Keen Las Vegas Invitational,157,L,DEC,4 - 0,Raider Lofthouse,20414,Utah Valley,Luke Fortuna,39654,Missouri
2016,12/04,Cliff Keen Las Vegas Invitational,157,L,TF5,15 - 0 2:54,Andrew Atkinson,11982,Virginia,Luke Fortuna,39654,Missouri
2016,12/04,Cliff Keen Las Vegas Invitational,157,W,DEC,4 - 3,Logan Kerin,11850,Bucknell,Luke Fortuna,39654,Missouri
2016,12/04,Cliff Keen Las Vegas Invitational,157,W,DEC,4 - 3,Jordan Amine,20551,Michigan,Luke Fortuna,39654,Missouri
2016,11/28,Missouri - Northern Iowa Dual,157,L,FALL,3:32,Bryce Steiert,39504,Northern Iowa,Luke Fortuna,39654,Missouri
2016,11/21,Joe Parisi Open,157,W,DEC,3 - 2,Keegan McCormick,39733,Missouri,Luke Fortuna,39654,Missouri
2016,11/21,Joe Parisi Open,157,W,DEC,4 - 1,Kristian Holguin-mendez,41051,Northeastern Oklahoma,Luke Fortuna,39654,Missouri
2016,11/21,Joe Parisi Open,157,W,MD,8 - 0,JD Waters,24573,Indianapolis,Luke Fortuna,39654,Missouri
2016,11/21,Joe Parisi Open,157,W,TF5,15 - 0 7:00,Trey Norton,42443,Lindsey Wilson,Luke Fortuna,39654,Missouri
2016,11/21,Joe Parisi Open,157,W,DEC,8 - 2,Hayden Cregg,41927,Davenport,Luke Fortuna,39654,Missouri
2016,11/15,Michigan State Open,157,W,DEC,7 - 3,Zac Carson,39692,Eastern Michigan,Luke Fortuna,39654,Missouri
2016,11/15,Michigan State Open,157,W,DEC,4 - 3,Logan Parks,40153,Central Michigan,Luke Fortuna,39654,Missouri
2016,11/15,Michigan State Open,157,W,SV-1,2 - 1,Nick Wrobel,41261,Notre Dame,Luke Fortuna,39654,Missouri
2016,11/15,Michigan State Open,157,W,MD,8 - 0,Raven Hedden,40413,Indiana,Luke Fortuna,39654,Missouri
2016,11/15,Michigan State Open,157,W,DEC,5 - 3,Jonathan Carrera,40266,Navy,Luke Fortuna,39654,Missouri
2016,11/15,Michigan State Open,157,L,DEC,6 - 3,Jonathan Carrera,40266,Navy,Luke Fortuna,39654,Missouri
2016,11/15,Michigan State Open,157,W,DEC,3 - 1,Angel Najar,40406,Appalachian State,Luke Fortuna,39654,Missouri
2016,11/08,UCM Open,157,W,DEC,5 - 2,Kevin Cooper,41171,McKendree University,Luke Fortuna,39654,Missouri
2016,11/08,UCM Open,157,W,DEC,7 - 1,Cambdon Peper,41176,Labette Community College,Luke Fortuna,39654,Missouri
2016,11/08,UCM Open,157,W,MD,16 - 3,Kendrick Rivera,41175,Baker,Luke Fortuna,39654,Missouri
2016,11/08,UCM Open,157,L,DEC,3 - 1,Isaiah Kemper,41173,McKendree University,Luke Fortuna,39654,Missouri
2016,11/08,UCM Open,157,W,FALL,2:13,Zane Heiter,41174,Central Missouri,Luke Fortuna,39654,Missouri
2016,11/08,UCM Open,157,W,DEC,3 - 2,Phyllip DeLoach,40074,Missouri,Luke Fortuna,39654,Missouri
2016,12/20,Missouri - Kent State Dual,157,L,DEC,7 - 2,Casey Sparkman,19970,Kent State,Blake Pepper,20067,Missouri
2016,02/07,Missouri - Northern Illinois Dual,165,L,MD,15 - 5,Shaun'Qae McMurtry,15516,Northern Illinois,Matt Lemanowicz,20061,Missouri
2016,01/24,Roger Denker Open,165,L,DEC,3 - 1,Yoanse Mejias,41470,Oklahoma,Matt Lemanowicz,20061,Missouri
2016,01/24,Roger Denker Open,165,W,FALL,4:36,Christian Kaser,44083,Missouri Valley,Matt Lemanowicz,20061,Missouri
2016,01/24,Roger Denker Open,165,W,TF5,21 - 5 7:00,Grant Baker,44082,Unattached,Matt Lemanowicz,20061,Missouri
2016,01/24,Roger Denker Open,165,W,DEC,4 - 0,Hayden Hansen,39613,Oklahoma,Matt Lemanowicz,20061,Missouri
2016,11/21,Joe Parisi Open,157,L,DEC,6 - 4,Dayton Racer,39978,VA/Southeast Regional Training,Matt Lemanowicz,20061,Missouri
2016,11/21,Joe Parisi Open,157,L,DEC,5 - 4,Dylan Cottrell,14019,West Virginia,Matt Lemanowicz,20061,Missouri
2016,11/20,Missouri - Southern Illinois Edwardsville Dual,157,L,MD,13 - 4,Nate Higgins,20380,SIU Edwardsville,Matt Lemanowicz,20061,Missouri
2016,11/14,Kaufman Brand Open,157,W,FALL,3:00,Kevin Cooper,41171,McKendree University,Matt Lemanowicz,20061,Missouri
2016,11/14,Kaufman Brand Open,157,W,DEC,2 - 0,Sawyer Smith,42260,Ouachita Baptist University,Matt Lemanowicz,20061,Missouri
2016,11/14,Kaufman Brand Open,157,W,DEC,8 - 3,Ryan Strope,25037,McKendree University,Matt Lemanowicz,20061,Missouri
2016,11/14,Kaufman Brand Open,157,W,TF5,18 - 1 4:23,Shay Lauderdale,42259,Missouri Baptist,Matt Lemanowicz,20061,Missouri
2016,02/07,Missouri Valley College Open,157,W,DEC,7 - 3,Chase Krutzky,44373,Missouri Valley,Phyllip DeLoach,40074,Missouri
2016,02/07,Missouri Valley College Open,157,W,MD,13 - 5,Bradley Watson,40885,William Penn,Phyllip DeLoach,40074,Missouri
2016,02/07,Missouri Valley College Open,157,W,DEC,5 - 3,Christian Padilla,41081,William Penn,Phyllip DeLoach,40074,Missouri
2016,02/07,Missouri Valley College Open,157,W,MD,14 - 5,Bradley Watson,40885,William Penn,Phyllip DeLoach,40074,Missouri
2016,02/07,Missouri Valley College Open,157,L,DEC,8 - 2,Logan Breitenbach,19957,Iowa State,Phyllip DeLoach,40074,Missouri
2016,11/21,Joe Parisi Open,157,L,MD,14 - 5,Kristian Holguin-mendez,41051,Northeastern Oklahoma,Phyllip DeLoach,40074,Missouri
2016,11/21,Joe Parisi Open,157,L,MD,12 - 3,Caden McWhirter,40016,Northern Illinois,Phyllip DeLoach,40074,Missouri
2016,11/21,Joe Parisi Open,157,W,MD,11 - 3,Isaiah Kemper,41173,McKendree University,Phyllip DeLoach,40074,Missouri
2016,11/21,Joe Parisi Open,157,L,DEC,9 - 4,Kristian Holguin-mendez,41051,Northeastern Oklahoma,Phyllip DeLoach,40074,Missouri
2016,11/21,Joe Parisi Open,157,W,DEC,3 - 2,Derrick Swaney,42401,Maryville University,Phyllip DeLoach,40074,Missouri
2016,11/21,Joe Parisi Open,157,W,DEC,6 - 5,Nick Gasbarro,39724,Illinois,Phyllip DeLoach,40074,Missouri
2016,11/21,Joe Parisi Open,157,W,DEC,6 - 2,Nick Gasbarro,39724,Illinois,Phyllip DeLoach,40074,Missouri
2016,11/14,Kaufman Brand Open,157,L,DEC,4 - 3,Kristian Holguin-mendez,41051,Northeastern Oklahoma,Phyllip DeLoach,40074,Missouri
2016,11/14,Kaufman Brand Open,157,W,DEC,6 - 2,Isaiah Kemper,41173,McKendree University,Phyllip DeLoach,40074,Missouri
2016,11/14,Kaufman Brand Open,157,W,DEC,3 - 2,JD Waters,24573,Indianapolis,Phyllip DeLoach,40074,Missouri
2016,11/14,Kaufman Brand Open,157,W,TF5,20 - 5 4:59,Chris Gillesse,42266,McKendree University,Phyllip DeLoach,40074,Missouri
2016,11/08,UCM Open,157,W,DEC,5 - 3,Isaiah Kemper,41173,McKendree University,Phyllip DeLoach,40074,Missouri
2016,11/08,UCM Open,157,L,DEC,3 - 2,Luke Fortuna,39654,Missouri,Phyllip DeLoach,40074,Missouri
2016,11/08,UCM Open,157,L,MD,9 - 1,Keegan McCormick,39733,Missouri,Phyllip DeLoach,40074,Missouri
2016,11/08,UCM Open,157,W,FALL,5:28,Zachary Pitts,41172,Neosho County Community College,Phyllip DeLoach,40074,Missouri
2016,11/08,UCM Open,157,W,SV-1,9 - 7,Kevin Cooper,41171,McKendree University,Phyllip DeLoach,40074,Missouri
2016,11/08,UCM Open,157,W,TF5,20 - 2 6:08,Shea Spradley,41170,Lindenwood,Phyllip DeLoach,40074,Missouri
2016,02/07,Missouri Valley College Open,157,L,TF5,18 - 0 7:00,Logan Breitenbach,19957,Iowa State,Robert Miller,44367,Missouri
2016,02/06,Edinboro Open,157,L,FALL,6:32,Sam Zimmerman,13707,SIU Edwardsville,Michael Taylor,44334,Missouri
2016,02/06,Edinboro Open,157,L,TF5,17 - 2 4:30,Kyle Kaminski,39774,Ohio,Michael Taylor,44334,Missouri
2016,03/17,NCAA Championships,165,L,DEC,9 - 7,Bo Jordan,14840,Ohio State,Daniel Lewis,20062,Missouri
2016,03/17,NCAA Championships,165,L,MD,14 - 4,Alex Dieringer,13470,Oklahoma State,Daniel Lewis,20062,Missouri
2016,03/17,NCAA Championships,165,W,DEC,3 - 0,Connor Brennan,12786,Rider,Daniel Lewis,20062,Missouri
2016,03/17,NCAA Championships,165,W,DEC,5 - 1,Jim Wilson,11535,Stanford,Daniel Lewis,20062,Missouri
2016,03/17,NCAA Championships,165,W,FALL,3:50,Steven Rodrigues,11888,Illinois,Daniel Lewis,20062,Missouri
2016,03/17,NCAA Championships,165,W,FALL,5:39,Casey Fuller,14860,Edinboro,Daniel Lewis,20062,Missouri
2016,03/05,MAC Championships,165,W,MD,12 - 0,Tyler Buckwalter,15498,Kent State,Daniel Lewis,20062,Missouri
2016,03/05,MAC Championships,165,W,DEC,8 - 3,Dakota Juarez,19873,Eastern Michigan,Daniel Lewis,20062,Missouri
2016,03/05,MAC Championships,165,W,MD,10 - 0,Colin Heffernan,13795,Central Michigan,Daniel Lewis,20062,Missouri
2016,02/21,Missouri - Nebraska Dual,165,W,DEC,4 - 0,Austin Wilson,11470,Nebraska,Daniel Lewis,20062,Missouri
2016,02/14,Missouri - North Carolina State Dual,165,W,DEC,6 - 1,Max Rohskopf,13645,NC State,Daniel Lewis,20062,Missouri
2016,02/12,Missouri - Appalachian State Dual,165,W,DEC,14 - 7,Forrest Przybysz,12877,Appalachian State,Daniel Lewis,20062,Missouri
2016,01/31,Old Dominion - Missouri Dual,165,W,MD,8 - 0,Seldon Wright,39604,Old Dominion,Daniel Lewis,20062,Missouri
2016,01/30,Oklahoma - Missouri Dual,165,W,DEC,4 - 0,Clark Glass,11488,Oklahoma,Daniel Lewis,20062,Missouri
2016,01/22,Missouri - Oklahoma State Dual,165,L,DEC,4 - 3,Alex Dieringer,13470,Oklahoma State,Daniel Lewis,20062,Missouri
2016,01/17,Missouri - Central Michigan Dual,165,W,MD,11 - 0,Jordan Atienza,19747,Central Michigan,Daniel Lewis,20062,Missouri
2016,01/15,Eastern Michigan - Missouri Dual,165,W,DEC,8 - 4,Dakota Juarez,19873,Eastern Michigan,Daniel Lewis,20062,Missouri
2016,01/10,Cornell - Missouri Dual,165,W,TB-1,3 - 2,Duke Pickett,12281,Cornell,Daniel Lewis,20062,Missouri
2016,01/08,Buffalo - Missouri Dual,165,W,MD,11 - 2,Rrok Ndokaj,12255,Buffalo,Daniel Lewis,20062,Missouri
2016,12/20,Missouri - Kent State Dual,165,W,FALL,2:30,Tyler Buckwalter,15498,Kent State,Daniel Lewis,20062,Missouri
2016,12/13,Ohio - Missouri Dual,165,W,TF5,17 - 1 7:00,Austin Reese,20240,Ohio,Daniel Lewis,20062,Missouri
2016,12/12,Ohio State - Missouri Dual,165,L,DEC,6 - 4,Bo Jordan,14840,Ohio State,Daniel Lewis,20062,Missouri
2016,12/04,Cliff Keen Las Vegas Invitational,165,W,DEC,8 - 2,Clark Glass,11488,Oklahoma,Daniel Lewis,20062,Missouri
2016,12/04,Cliff Keen Las Vegas Invitational,165,W,FALL,0:50,Jade Lloyd,42566,gateway international bible institute,Daniel Lewis,20062,Missouri
2016,12/04,Cliff Keen Las Vegas Invitational,165,W,FALL,2:42,Jacen Petersen,20577,Arizona State,Daniel Lewis,20062,Missouri
2016,12/04,Cliff Keen Las Vegas Invitational,165,W,FALL,1:00,Isaac Deaton,21410,Nebraska-Kearney,Daniel Lewis,20062,Missouri
2016,12/04,Cliff Keen Las Vegas Invitational,165,W,FALL,0:41,Adam Fierro,15184,CSU Bakersfield,Daniel Lewis,20062,Missouri
2016,12/04,Cliff Keen Las Vegas Invitational,165,W,DEC,4 - 2,Duke Pickett,12281,Cornell,Daniel Lewis,20062,Missouri
2016,12/04,Cliff Keen Las Vegas Invitational,165,L,DEC,8 - 4,David McFadden,39633,Virginia Tech,Daniel Lewis,20062,Missouri
2016,12/04,Cliff Keen Las Vegas Invitational,165,W,FALL,2:20,Tyrel White,19820,Columbia,Daniel Lewis,20062,Missouri
2016,12/04,Cliff Keen Las Vegas Invitational,165,W,DEC,8 - 2,Cooper Moore,11482,Northern Iowa,Daniel Lewis,20062,Missouri
2016,11/21,Joe Parisi Open,165,L,MFOR,0 - 0,Shaun'Qae McMurtry,15516,Northern Illinois,Daniel Lewis,20062,Missouri
2016,11/21,Joe Parisi Open,165,L,FALL,4:15,Dimitri Willis,42444,Maryville University,Daniel Lewis,20062,Missouri
2016,11/21,Joe Parisi Open,165,W,FALL,0:55,Clayton Monebrake,24574,Indianapolis,Daniel Lewis,20062,Missouri
2016,11/21,Joe Parisi Open,165,W,DEC,6 - 0,Ross Renzi,11474,West Virginia,Daniel Lewis,20062,Missouri
2016,11/21,Joe Parisi Open,165,L,MFOR,0 - 0,Timothy Wheeling,40855,West Virginia,Daniel Lewis,20062,Missouri
2016,11/20,Missouri - Southern Illinois Edwardsville Dual,165,W,FALL,0:58,Erik Travers,20386,SIU Edwardsville,Daniel Lewis,20062,Missouri
2016,02/07,Missouri Valley College Open,165,L,DEC,3 - 1,Matt Pratt,42252,Maryville University,Taylor Watkins,40180,Missouri
2016,02/07,Missouri Valley College Open,165,W,TF5,16 - 0 4:30,Christian Kaser,44083,Missouri Valley,Taylor Watkins,40180,Missouri
2016,02/07,Missouri Valley College Open,165,W,TF5,15 - 0 2:12,Wesley Yoder,44376,William Penn,Taylor Watkins,40180,Missouri
2016,02/07,Missouri Valley College Open,165,W,TF5,15 - 0 3:00,Wesley Yoder,44376,William Penn,Taylor Watkins,40180,Missouri
2016,12/06,Bob Smith Open,165,L,DEC,8 - 1,Lucas Lovvorn,42626,Wyoming,Taylor Watkins,40180,Missouri
2016,12/06,Bob Smith Open,165,W,DEC,9 - 8,Tyler Mann,20274,Oklahoma State,Taylor Watkins,40180,Missouri
2016,11/21,Joe Parisi Open,165,L,FALL,5:20,Gage Stallworth,42405,Central Oklahoma,Taylor Watkins,40180,Missouri
2016,11/21,Joe Parisi Open,165,W,MD,11 - 1,Kyle Nixon,41875,Davenport,Taylor Watkins,40180,Missouri
2016,11/21,Joe Parisi Open,165,W,FALL,3:36,Ryan Whittle,42427,Williams Baptist,Taylor Watkins,40180,Missouri
2016,11/21,Joe Parisi Open,165,W,DEC,5 - 1,Saul Ortiz,41000,Northeastern Oklahoma,Taylor Watkins,40180,Missouri
2016,11/21,Joe Parisi Open,165,W,TF5,17 - 1 7:00,Joshua Jacobson,23677,Central Oklahoma,Taylor Watkins,40180,Missouri
2016,11/21,Joe Parisi Open,165,W,DEC,4 - 2,Nick Deloach,41181,Missouri,Taylor Watkins,40180,Missouri
2016,11/21,Joe Parisi Open,165,L,DEC,3 - 1,Joey Gunther,39725,Iowa,Taylor Watkins,40180,Missouri
2016,11/14,Kaufman Brand Open,165,L,FALL,2:34,Dalton Tipton,42253,Missouri Valley,Taylor Watkins,40180,Missouri
2016,11/14,Kaufman Brand Open,165,W,DEC,6 - 1,Saul Ortiz,41000,Northeastern Oklahoma,Taylor Watkins,40180,Missouri
2016,11/14,Kaufman Brand Open,165,L,FALL,0:39,Dawaylon Barnes,22085,Northeastern Oklahoma,Taylor Watkins,40180,Missouri
2016,11/14,Kaufman Brand Open,165,W,DEC,2 - 1,Matt Pratt,42252,Maryville University,Taylor Watkins,40180,Missouri
2016,02/06,Edinboro Open,165,L,MFOR,0 - 0,Joe Tavoso,39570,Princeton,Nick Deloach,41181,Missouri
2016,02/06,Edinboro Open,165,L,MFOR,0 - 0,Hadley Harrison,44268,Unattached,Nick Deloach,41181,Missouri
2016,02/06,Edinboro Open,165,W,MD,16 - 4,Corey Fitzgerald,44272,Gannon,Nick Deloach,41181,Missouri
2016,12/20,Reno TOC,157,W,MD,13 - 4,Brandon Davidson,24812,Clackamas Community College,Nick Deloach,41181,Missouri
2016,12/20,Reno TOC,157,L,DEC,10 - 6,Demetrius Romero,39948,Boise State,Nick Deloach,41181,Missouri
2016,12/20,Reno TOC,157,L,TF5,15 - 0 6:40,Jake Danishek,20520,Indiana,Nick Deloach,41181,Missouri
2016,12/20,Reno TOC,157,W,DEC,15 - 12,Mike Herrera,19834,CSU Bakersfield,Nick Deloach,41181,Missouri
2016,11/28,Missouri - Northern Iowa Dual,165,L,TF5,15 - 0 6:01,Cooper Moore,11482,Northern Iowa,Nick Deloach,41181,Missouri
2016,11/21,Joe Parisi Open,165,L,DEC,4 - 2,Taylor Watkins,40180,Missouri,Nick Deloach,41181,Missouri
2016,11/21,Joe Parisi Open,165,W,DEC,5 - 4,Andrew Scott,40213,Northern Illinois,Nick Deloach,41181,Missouri
2016,11/21,Joe Parisi Open,165,W,MD,16 - 8,Patrick Masterson,42446,Unattached,Nick Deloach,41181,Missouri
2016,11/21,Joe Parisi Open,165,W,DEC,6 - 4,Cole Kemna,42445,Missouri Valley,Nick Deloach,41181,Missouri
2016,11/21,Joe Parisi Open,165,L,DEC,4 - 3,Jeremiah Moody,39968,Iowa,Nick Deloach,41181,Missouri
2016,11/08,UCM Open,165,W,MFOR,0 - 0,Colton Looper,41184,Neosho County Community College,Nick Deloach,41181,Missouri
2016,11/08,UCM Open,165,W,MD,15 - 4,Joey Reis,41183,Central Missouri,Nick Deloach,41181,Missouri
2016,11/08,UCM Open,165,W,DEC,6 - 1,Shae Conley,41182,Labette Community College,Nick Deloach,41181,Missouri
2016,11/08,UCM Open,165,W,DEC,4 - 2,Connor Middleton,21213,Baker,Nick Deloach,41181,Missouri
2016,03/17,NCAA Championships,174,L,SV-1,4 - 2,Cody Walters,12401,Ohio,Blaise Butler,13756,Missouri
2016,03/17,NCAA Championships,174,W,MD,13 - 2,Jonathan Schleifer,20340,Princeton,Blaise Butler,13756,Missouri
2016,03/17,NCAA Championships,174,L,DEC,16 - 9,Matt Reed,15381,Oklahoma,Blaise Butler,13756,Missouri
2016,03/17,NCAA Championships,174,W,MD,17 - 8,Gordon Wolf,19992,Lehigh,Blaise Butler,13756,Missouri
2016,03/17,NCAA Championships,174,W,DEC,3 - 2,Zac Brunson,15112,Illinois,Blaise Butler,13756,Missouri
2016,03/05,MAC Championships,174,W,DEC,2 - 1,Cody Walters,12401,Ohio,Blaise Butler,13756,Missouri
2016,03/05,MAC Championships,174,W,DEC,8 - 4,Muhamid McBryde,15128,Buffalo,Blaise Butler,13756,Missouri
2016,03/05,MAC Championships,174,W,TB-2,4 - 3,Mike Ottinger,12372,Central Michigan,Blaise Butler,13756,Missouri
2016,02/21,Missouri - Nebraska Dual,174,W,DEC,7 - 5,Micah Barnes,16164,Nebraska,Blaise Butler,13756,Missouri
2016,02/14,Missouri - North Carolina State Dual,174,W,MD,12 - 4,Nicky Hall,20129,NC State,Blaise Butler,13756,Missouri
2016,02/12,Missouri - Appalachian State Dual,174,W,FALL,1:34,Nick Kee,14557,Appalachian State,Blaise Butler,13756,Missouri
2016,02/07,Missouri - Northern Illinois Dual,174,W,FALL,1:53,Trace Engelkes,11506,Northern Illinois,Blaise Butler,13756,Missouri
2016,01/31,Old Dominion - Missouri Dual,174,W,MD,11 - 3,Brooks Climmons,20808,Old Dominion,Blaise Butler,13756,Missouri
2016,01/30,Oklahoma - Missouri Dual,174,W,FALL,2:16,Matt Reed,15381,Oklahoma,Blaise Butler,13756,Missouri
2016,01/22,Missouri - Oklahoma State Dual,174,W,SV-1,3 - 1,Kyle Crutchmer,12286,Oklahoma State,Blaise Butler,13756,Missouri
2016,01/17,Missouri - Central Michigan Dual,174,L,DEC,3 - 2,Mike Ottinger,12372,Central Michigan,Blaise Butler,13756,Missouri
2016,01/10,Cornell - Missouri Dual,174,L,DEC,3 - 2,Brian Realbuto,13519,Cornell,Blaise Butler,13756,Missouri
2016,01/08,Buffalo - Missouri Dual,174,W,DEC,8 - 2,Muhamid McBryde,15128,Buffalo,Blaise Butler,13756,Missouri
2016,12/20,Missouri - Kent State Dual,174,W,MD,14 - 5,Michael Vollant,14777,Kent State,Blaise Butler,13756,Missouri
2016,12/13,Ohio - Missouri Dual,174,W,DEC,5 - 4,Cody Walters,12401,Ohio,Blaise Butler,13756,Missouri
2016,12/12,Ohio State - Missouri Dual,174,W,MD,13 - 3,Domenic Prezzia,41590,Ohio State,Blaise Butler,13756,Missouri
2016,12/04,Cliff Keen Las Vegas Invitational,174,W,DEC,3 - 1,Drew Foster,20212,Northern Iowa,Blaise Butler,13756,Missouri
2016,12/04,Cliff Keen Las Vegas Invitational,174,L,DEC,10 - 7,Bryce Hammond,12329,CSU Bakersfield,Blaise Butler,13756,Missouri
2016,12/04,Cliff Keen Las Vegas Invitational,174,W,DEC,8 - 3,Jadaen Bernstein,20595,Navy,Blaise Butler,13756,Missouri
2016,12/04,Cliff Keen Las Vegas Invitational,174,W,FALL,0:54,Ricky Robertson,14042,Wisconsin,Blaise Butler,13756,Missouri
2016,12/04,Cliff Keen Las Vegas Invitational,174,W,TF5,15 - 0 6:46,Brian Harvey,12302,Army West Point,Blaise Butler,13756,Missouri
2016,12/04,Cliff Keen Las Vegas Invitational,174,W,MD,13 - 3,Rustin Barrick,11515,Bucknell,Blaise Butler,13756,Missouri
2016,12/04,Cliff Keen Las Vegas Invitational,174,W,DEC,4 - 3,Drew Foster,20212,Northern Iowa,Blaise Butler,13756,Missouri
2016,11/28,Missouri - Northern Iowa Dual,174,W,FALL,6:37,Kyle Lux,12278,Northern Iowa,Blaise Butler,13756,Missouri
2016,02/06,Edinboro Open,174,W,SV-1,1 - 0,Paul Dunn,40247,Lehigh,Dylan Wisman,39507,Missouri
2016,02/06,Edinboro Open,174,W,FALL,0:28,Jerald Spohn,12856,Kent State,Dylan Wisman,39507,Missouri
2016,02/06,Edinboro Open,174,L,DEC,7 - 4,Myles Amine,39586,Michigan,Dylan Wisman,39507,Missouri
2016,02/06,Edinboro Open,174,W,FALL,0:29,louis crawford,25160,Gannon,Dylan Wisman,39507,Missouri
2016,02/06,Edinboro Open,174,W,MD,16 - 6,Robert Winning,12872,Navy,Dylan Wisman,39507,Missouri
2016,01/24,Roger Denker Open,174,L,DEC,5 - 3,Jacobe Smith,22087,Northeastern Oklahoma,Dylan Wisman,39507,Missouri
2016,01/24,Roger Denker Open,174,W,FALL,1:32,Daniel Agao,42482,Missouri Valley,Dylan Wisman,39507,Missouri
2016,01/24,Roger Denker Open,174,W,DEC,5 - 2,Ryan Niven,41881,Grand View,Dylan Wisman,39507,Missouri
2016,01/24,Roger Denker Open,174,W,DEC,5 - 2,Jake Residori,12297,SIU Edwardsville,Dylan Wisman,39507,Missouri
2016,12/20,Reno TOC,174,L,TF5,15 - 0 6:45,Keaton Subjeck,14567,Stanford,Dylan Wisman,39507,Missouri
2016,12/20,Reno TOC,174,W,FALL,1:51,Stone Escobedo,42076,Menlo,Dylan Wisman,39507,Missouri
2016,12/20,Reno TOC,174,L,SV-1,1 - 0,Mike Ottinger,12372,Central Michigan,Dylan Wisman,39507,Missouri
2016,12/20,Reno TOC,174,W,DEC,8 - 7,Tyler Chay,18454,Oregon State,Dylan Wisman,39507,Missouri
2016,12/20,Reno TOC,174,W,FALL,0:58,Jacob Davis,11492,Eastern Michigan,Dylan Wisman,39507,Missouri
2016,12/20,Reno TOC,174,W,MD,11 - 0,Dylan Morris,20563,Stanford,Dylan Wisman,39507,Missouri
2016,12/20,Reno TOC,174,L,TF5,22 - 7 7:00,Keaton Subjeck,14567,Stanford,Dylan Wisman,39507,Missouri
2016,12/20,Reno TOC,174,L,SV-1,7 - 5,Mike Ottinger,12372,Central Michigan,Dylan Wisman,39507,Missouri
2016,12/06,Nittany Lion Open,174,W,FALL,2:18,Dan Frankenfield,43220,Pennsylvania College of Technology,Dylan Wisman,39507,Missouri
2016,12/06,Nittany Lion Open,174,W,DEC,5 - 0,Milik Dawkins,41360,Spartan Combat RTC,Dylan Wisman,39507,Missouri
2016,12/06,Nittany Lion Open,174,W,DEC,5 - 1,Nick Stephani,40369,Bucknell,Dylan Wisman,39507,Missouri
2016,12/06,Nittany Lion Open,174,W,DEC,5 - 1,Anthony Pafumi,12873,Rutgers,Dylan Wisman,39507,Missouri
2016,12/06,Nittany Lion Open,174,L,MD,16 - 6,Casey Kent,11517,Pennsylvania,Dylan Wisman,39507,Missouri
2016,12/06,Nittany Lion Open,174,L,DEC,8 - 2,Casey Kent,11517,Pennsylvania,Dylan Wisman,39507,Missouri
2016,12/06,Nittany Lion Open,174,W,MD,13 - 3,Brian Brill,40239,Penn State,Dylan Wisman,39507,Missouri
2016,11/15,Michigan State Open,174,L,FALL,2:00,Myles Martin,39622,Ohio State,Dylan Wisman,39507,Missouri
2016,11/15,Michigan State Open,174,L,FALL,9:00,Christian Brucki,20980,Central Michigan,Dylan Wisman,39507,Missouri
2016,11/15,Michigan State Open,174,W,DEC,4 - 0,Domenic Prezzia,41590,Ohio State,Dylan Wisman,39507,Missouri
2016,11/15,Michigan State Open,174,W,FALL,6:54,Randy Caris,41949,Findlay,Dylan Wisman,39507,Missouri
2016,11/15,Michigan State Open,174,W,DEC,8 - 4,Ricky Robertson,14042,Wisconsin,Dylan Wisman,39507,Missouri
2016,03/05,MAC Championships,285,L,DEC,7 - 2,Devin Nye,19975,Kent State,Cody Johnston,12284,Missouri
2016,03/05,MAC Championships,285,W,TF5,16 - 0 4:28,Jesse Webb,20242,Ohio,Cody Johnston,12284,Missouri
2016,03/05,MAC Championships,285,W,DEC,5 - 3,Austin Coburn,12273,Old Dominion,Cody Johnston,12284,Missouri
2016,03/05,MAC Championships,285,L,DEC,6 - 0,Newton Smerchek,14224,Central Michigan,Cody Johnston,12284,Missouri
2016,03/05,MAC Championships,285,L,DEC,10 - 6,Blaize Cabell,14147,Northern Iowa,Cody Johnston,12284,Missouri
2016,02/21,Missouri - Nebraska Dual,285,L,MD,9 - 1,Collin Jensen,14132,Nebraska,Cody Johnston,12284,Missouri
2016,02/07,Missouri - Northern Illinois Dual,184,W,FALL,3:51,Quinton Rosser,20206,Northern Illinois,Cody Johnston,12284,Missouri
2016,01/31,Old Dominion - Missouri Dual,184,L,MD,14 - 4,Jack Dechow,12476,Old Dominion,Cody Johnston,12284,Missouri
2016,01/30,Oklahoma - Missouri Dual,184,W,TF5,16 - 0 3:45,Andrew Dixon,20809,Oklahoma,Cody Johnston,12284,Missouri
2016,01/15,Eastern Michigan - Missouri Dual,174,L,DEC,5 - 3,Jacob Davis,11492,Eastern Michigan,Cody Johnston,12284,Missouri
2016,12/20,Reno TOC,174,W,FALL,1:54,Tyler Webley,41553,Southwestern Oregon Community College,Cody Johnston,12284,Missouri
2016,12/20,Reno TOC,174,W,FALL,0:50,Oscar Flores,44313,Southern Oregon,Cody Johnston,12284,Missouri
2016,12/20,Reno TOC,174,W,FALL,1:42,Ali Alshujery,20290,Oregon State,Cody Johnston,12284,Missouri
2016,12/20,Reno TOC,174,W,TF5,15 - 0 4:03,Blake Thompson,20422,North Dakota State,Cody Johnston,12284,Missouri
2016,12/20,Reno TOC,174,L,FALL,0:49,Keaton Subjeck,14567,Stanford,Cody Johnston,12284,Missouri
2016,12/20,Reno TOC,174,L,MD,15 - 3,Christian Brucki,20980,Central Michigan,Cody Johnston,12284,Missouri
2016,02/07,Missouri Valley College Open,174,L,DEC,6 - 3,Colston DiBlasi,39718,Iowa State,Tim Miklus,20552,Missouri
2016,02/07,Missouri Valley College Open,174,W,DEC,5 - 3,Luke Entzel,40219,Iowa State,Tim Miklus,20552,Missouri
2016,02/07,Missouri Valley College Open,174,W,FALL,0:38,Luke Kotomos,22405,Truman,Tim Miklus,20552,Missouri
2016,02/07,Missouri Valley College Open,174,W,FALL,0:35,Mason Baum,44084,Baker,Tim Miklus,20552,Missouri
2016,01/24,Roger Denker Open,174,W,FALL,0:56,Miguel Barreras,44074,Central Oklahoma,Tim Miklus,20552,Missouri
2016,01/24,Roger Denker Open,174,L,FALL,2:48,Jacobe Smith,22087,Northeastern Oklahoma,Tim Miklus,20552,Missouri
2016,01/24,Roger Denker Open,174,W,FALL,1:15,Mason Baum,44084,Baker,Tim Miklus,20552,Missouri
2016,01/24,Roger Denker Open,174,W,FALL,2:02,Tucker Ksiazek,44085,Grand View,Tim Miklus,20552,Missouri
2016,01/24,Roger Denker Open,174,L,FALL,0:51,Jake Residori,12297,SIU Edwardsville,Tim Miklus,20552,Missouri
2016,01/10,Cornell - Missouri Dual,184,L,TF5,18 - 1 4:32,Gabe Dean,12580,Cornell,Tim Miklus,20552,Missouri
2016,11/21,Joe Parisi Open,174,L,MD,15 - 2,Joshua Ferenczy,44307,Liberty University,Tim Miklus,20552,Missouri
2016,11/21,Joe Parisi Open,174,W,FALL,4:18,Payne Hatter,22987,Ouachita Baptist University,Tim Miklus,20552,Missouri
2016,11/21,Joe Parisi Open,174,W,FALL,1:50,Batchuluun Zulkhuu,42172,Lindenwood,Tim Miklus,20552,Missouri
2016,11/21,Joe Parisi Open,174,W,FALL,2:13,Rhodes Bell,20948,Lindsey Wilson,Tim Miklus,20552,Missouri
2016,11/21,Joe Parisi Open,174,L,DEC,13 - 8,John Filipek,42204,McKendree University,Tim Miklus,20552,Missouri
2016,11/20,Missouri - Southern Illinois Edwardsville Dual,174,W,MD,15 - 5,Clayton Bass,20379,SIU Edwardsville,Tim Miklus,20552,Missouri
2016,11/14,Kaufman Brand Open,174,L,DEC,12 - 6,John Filipek,42204,McKendree University,Tim Miklus,20552,Missouri
2016,11/14,Kaufman Brand Open,174,L,MD,14 - 3,Riley Boomer,42262,Missouri Valley,Tim Miklus,20552,Missouri
2016,11/14,Kaufman Brand Open,174,L,DEC,8 - 3,Zeb Wahle,42203,Maryville University,Tim Miklus,20552,Missouri
2016,11/14,Kaufman Brand Open,174,W,FALL,4:04,Payne Hatter,22987,Ouachita Baptist University,Tim Miklus,20552,Missouri
2016,02/07,Missouri Valley College Open,174,W,DEC,9 - 3,Luke Entzel,40219,Iowa State,Matt Striegel,41190,Missouri
2016,02/07,Missouri Valley College Open,174,W,TF5,15 - 0 7:00,Mason Baum,44084,Baker,Matt Striegel,41190,Missouri
2016,02/07,Missouri Valley College Open,174,L,DEC,4 - 2,Colston DiBlasi,39718,Iowa State,Matt Striegel,41190,Missouri
2016,02/07,Missouri Valley College Open,174,W,FALL,2:18,John Hughes,44375,Baker,Matt Striegel,41190,Missouri
2016,02/07,Missouri Valley College Open,174,W,FALL,1:36,Noland Puletasi,41186,Wentworth Junior College,Matt Striegel,41190,Missouri
2016,01/24,Roger Denker Open,174,W,DEC,5 - 3,Ryan Niven,41881,Grand View,Matt Striegel,41190,Missouri
2016,01/24,Roger Denker Open,174,L,DEC,8 - 1,Jacobe Smith,22087,Northeastern Oklahoma,Matt Striegel,41190,Missouri
2016,01/24,Roger Denker Open,174,W,TF5,17 - 0 4:00,Blade Weber,44086,Missouri Valley,Matt Striegel,41190,Missouri
2016,01/24,Roger Denker Open,174,W,DEC,5 - 3,Jon Goerke,20059,Missouri,Matt Striegel,41190,Missouri
2016,01/24,Roger Denker Open,174,L,MD,12 - 0,Jake Residori,12297,SIU Edwardsville,Matt Striegel,41190,Missouri
2016,12/20,Reno TOC,174,W,DEC,7 - 3,Brendan Harkey,43551,Clackamas Community College,Matt Striegel,41190,Missouri
2016,12/20,Reno TOC,174,W,TF5,15 - 0 4:07,Tyler Webley,41553,Southwestern Oregon Community College,Matt Striegel,41190,Missouri
2016,12/20,Reno TOC,174,L,MD,19 - 10,Chandler Rogers,20559,Oklahoma State,Matt Striegel,41190,Missouri
2016,12/20,Reno TOC,174,L,DEC,7 - 2,Andrew Morgan,40250,Cal Poly,Matt Striegel,41190,Missouri
2016,11/21,Joe Parisi Open,174,L,MD,13 - 3,Jordan Gundrum,41115,Ellsworth CC,Matt Striegel,41190,Missouri
2016,11/21,Joe Parisi Open,174,W,DEC,6 - 3,Connor Linehan,42201,Williams Baptist,Matt Striegel,41190,Missouri
2016,11/21,Joe Parisi Open,174,W,DEC,9 - 6,Bryce DeCamargo,42448,Benedictine College,Matt Striegel,41190,Missouri
2016,11/21,Joe Parisi Open,174,W,MFOR,0 - 0,Bryson Jones,42450,Lindsey Wilson,Matt Striegel,41190,Missouri
2016,11/21,Joe Parisi Open,174,L,TF5,20 - 0 7:00,Jordan Gundrum,41115,Ellsworth CC,Matt Striegel,41190,Missouri
2016,11/21,Joe Parisi Open,174,W,DEC,3 - 1,Cole Overman,42449,Lindsey Wilson,Matt Striegel,41190,Missouri
2016,11/21,Joe Parisi Open,174,W,DEC,5 - 2,Bryce DeCamargo,42448,Benedictine College,Matt Striegel,41190,Missouri
2016,11/15,Michigan State Open,174,W,MD,8 - 0,Tristen Elkins,41908,Olivet,Matt Striegel,41190,Missouri
2016,11/15,Michigan State Open,174,L,DEC,5 - 2,Norman Conley,39929,Indiana,Matt Striegel,41190,Missouri
2016,11/15,Michigan State Open,174,L,DEC,7 - 1,Shane Shadaia,20758,Michigan State,Matt Striegel,41190,Missouri
2016,11/15,Michigan State Open,174,W,DEC,3 - 0,Chad Reese,19709,Bucknell,Matt Striegel,41190,Missouri
2016,11/15,Michigan State Open,174,W,MD,12 - 4,Blake Reid,20349,Purdue,Matt Striegel,41190,Missouri
2016,11/08,UCM Open,184,L,DEC,4 - 1,Cortez Dorsey,41192,McKendree University,Matt Striegel,41190,Missouri
2016,11/08,UCM Open,184,L,DEC,8 - 4,Andrew Krawulski,41188,McKendree University,Matt Striegel,41190,Missouri
2016,11/08,UCM Open,184,W,DEC,6 - 4,Skyler Bloomer,41191,Labette Community College,Matt Striegel,41190,Missouri
2016,02/07,Missouri Valley College Open,174,L,DEC,4 - 2,Mason Baum,44084,Baker,Jon Goerke,20059,Missouri
2016,02/07,Missouri Valley College Open,174,L,MD,10 - 2,Luke Entzel,40219,Iowa State,Jon Goerke,20059,Missouri
2016,02/07,Missouri Valley College Open,174,W,FALL,2:24,Iafeta Vou,44374,Wentworth Junior College,Jon Goerke,20059,Missouri
2016,01/24,Roger Denker Open,174,L,DEC,5 - 3,Matt Striegel,41190,Missouri,Jon Goerke,20059,Missouri
2016,01/24,Roger Denker Open,174,W,FALL,2:46,Mason Baum,44084,Baker,Jon Goerke,20059,Missouri
2016,01/24,Roger Denker Open,174,W,DEC,4 - 3,Blake Joiner,23947,Grand View,Jon Goerke,20059,Missouri
2016,01/24,Roger Denker Open,174,L,MD,8 - 0,Jake Residori,12297,SIU Edwardsville,Jon Goerke,20059,Missouri
2016,11/21,Joe Parisi Open,174,L,DEC,4 - 2,John Filipek,42204,McKendree University,Jon Goerke,20059,Missouri
2016,11/21,Joe Parisi Open,174,L,DEC,4 - 2,Rhodes Bell,20948,Lindsey Wilson,Jon Goerke,20059,Missouri
2016,11/14,Kaufman Brand Open,174,L,DEC,9 - 2,John Filipek,42204,McKendree University,Jon Goerke,20059,Missouri
2016,11/14,Kaufman Brand Open,174,W,DEC,6 - 4,Payne Hatter,22987,Ouachita Baptist University,Jon Goerke,20059,Missouri
2016,11/14,Kaufman Brand Open,174,L,MD,14 - 2,Riley Boomer,42262,Missouri Valley,Jon Goerke,20059,Missouri
2016,11/14,Kaufman Brand Open,174,W,FALL,1:45,William Barbour,42173,Illinois,Jon Goerke,20059,Missouri
2016,11/21,Joe Parisi Open,174,L,DEC,10 - 4,Christian Ryan,42447,Hannibal-LaGrange,Nicholas Scherer,40183,Missouri
2016,11/21,Joe Parisi Open,174,L,MD,14 - 2,Marco Orlandi,40214,Northern Illinois,Nicholas Scherer,40183,Missouri
2016,11/14,Kaufman Brand Open,174,L,DEC,13 - 7,Austin Robbins,42273,Indianapolis,Nicholas Scherer,40183,Missouri
2016,11/14,Kaufman Brand Open,174,L,MD,11 - 0,Joey Mammolenti,42272,King,Nicholas Scherer,40183,Missouri
2016,11/14,Kaufman Brand Open,174,W,FALL,4:06,Tyler Crow,42271,Missouri Valley,Nicholas Scherer,40183,Missouri
2016,11/08,UCM Open,174,L,MD,10 - 0,Trevor Sutton,21214,Baker,Nicholas Scherer,40183,Missouri
2016,11/08,UCM Open,174,L,TF5,16 - 0 3:00,Tyler Loethen,41185,Central Missouri,Nicholas Scherer,40183,Missouri
2016,03/17,NCAA Championships,184,L,DEC,4 - 2,Mathew Miller,12876,Navy,Willie Miklus,14058,Missouri
2016,03/17,NCAA Championships,184,L,DEC,6 - 0,Nolan Boyd,12399,Oklahoma State,Willie Miklus,14058,Missouri
2016,03/17,NCAA Championships,184,L,MD,12 - 4,TJ Dudley,12526,Nebraska,Willie Miklus,14058,Missouri
2016,03/17,NCAA Championships,184,W,MD,16 - 6,Lorenzo Thomas,12543,Pennsylvania,Willie Miklus,14058,Missouri
2016,03/17,NCAA Championships,184,W,MD,15 - 6,Corey Griego,20292,Oregon State,Willie Miklus,14058,Missouri
2016,03/17,NCAA Championships,184,W,MD,9 - 1,Joe Ariola,12696,Buffalo,Willie Miklus,14058,Missouri
2016,03/05,MAC Championships,184,W,DEC,10 - 3,Joe Ariola,12696,Buffalo,Willie Miklus,14058,Missouri
2016,03/05,MAC Championships,184,W,MD,9 - 0,Joe Ariola,12696,Buffalo,Willie Miklus,14058,Missouri
2016,03/05,MAC Championships,184,L,DEC,3 - 1,Jordan Ellingwood,14564,Central Michigan,Willie Miklus,14058,Missouri
2016,03/05,MAC Championships,184,W,FALL,5:33,Drew Foster,20212,Northern Iowa,Willie Miklus,14058,Missouri
2016,02/21,Missouri - Nebraska Dual,184,W,DEC,5 - 4,TJ Dudley,12526,Nebraska,Willie Miklus,14058,Missouri
2016,02/14,Missouri - North Carolina State Dual,184,L,MD,11 - 0,Pete Renda,12371,NC State,Willie Miklus,14058,Missouri
2016,02/12,Missouri - Appalachian State Dual,184,W,FALL,1:16,Taylor Jackson,12867,Appalachian State,Willie Miklus,14058,Missouri
2016,01/22,Missouri - Oklahoma State Dual,184,L,DEC,7 - 2,Nolan Boyd,12399,Oklahoma State,Willie Miklus,14058,Missouri
2016,01/17,Missouri - Central Michigan Dual,184,W,FALL,2:24,Jordan Ellingwood,14564,Central Michigan,Willie Miklus,14058,Missouri
2016,01/15,Eastern Michigan - Missouri Dual,184,W,MD,12 - 2,Derek Hillman,19872,Eastern Michigan,Willie Miklus,14058,Missouri
2016,01/10,Cornell - Missouri Dual,197,W,DEC,8 - 7,Jacob Taylor,41354,Cornell,Willie Miklus,14058,Missouri
2016,01/08,Buffalo - Missouri Dual,184,W,TF5,19 - 4 7:00,Joe Ariola,12696,Buffalo,Willie Miklus,14058,Missouri
2016,12/20,Missouri - Kent State Dual,184,W,FALL,3:55,Cole Baxter,13065,Kent State,Willie Miklus,14058,Missouri
2016,12/13,Ohio - Missouri Dual,184,W,DEC,9 - 3,Andrew Romanchik,13530,Ohio,Willie Miklus,14058,Missouri
2016,12/12,Ohio State - Missouri Dual,184,W,TF5,15 - 0 6:41,Kenny Courts,12279,Ohio State,Willie Miklus,14058,Missouri
2016,12/04,Cliff Keen Las Vegas Invitational,184,W,FALL,3:29,Huston Evans,42849,Newberry,Willie Miklus,14058,Missouri
2016,12/04,Cliff Keen Las Vegas Invitational,184,W,DEC,3 - 2,Hayden Zillmer,12280,North Dakota State,Willie Miklus,14058,Missouri
2016,12/04,Cliff Keen Las Vegas Invitational,184,L,DEC,3 - 2,Gabe Dean,12580,Cornell,Willie Miklus,14058,Missouri
2016,12/04,Cliff Keen Las Vegas Invitational,184,L,DEC,9 - 4,Zack Zavatsky,20460,Virginia Tech,Willie Miklus,14058,Missouri
2016,12/04,Cliff Keen Las Vegas Invitational,184,W,MD,13 - 5,Kenny Courts,12279,Ohio State,Willie Miklus,14058,Missouri
2016,12/04,Cliff Keen Las Vegas Invitational,184,W,TF5,15 - 0 7:00,Samson Imonode,12655,Army West Point,Willie Miklus,14058,Missouri
2016,11/28,Missouri - Northern Iowa Dual,184,W,FALL,1:22,Cody Caldwell,12376,Northern Iowa,Willie Miklus,14058,Missouri
2016,11/20,Missouri - Southern Illinois Edwardsville Dual,184,W,FALL,2:49,Derek Nagel,12989,SIU Edwardsville,Willie Miklus,14058,Missouri
2016,02/07,Missouri Valley College Open,184,W,MFOR,0 - 0,Dalton Voyles,40181,Missouri,Jayden Bears,40182,Missouri
2016,02/07,Missouri Valley College Open,184,W,FALL,3:51,James Buckhanan,44382,Unattached,Jayden Bears,40182,Missouri
2016,02/07,Missouri Valley College Open,184,W,FALL,2:50,Nathyn Sierra,44165,William Penn,Jayden Bears,40182,Missouri
2016,01/24,Roger Denker Open,184,W,FALL,0:24,Dalton Voyles,40181,Missouri,Jayden Bears,40182,Missouri
2016,01/24,Roger Denker Open,184,W,FALL,0:36,Michael Boyd,42639,Central Missouri,Jayden Bears,40182,Missouri
2016,01/24,Roger Denker Open,184,W,FALL,1:00,Jacob Hawks,44090,Unattached,Jayden Bears,40182,Missouri
2016,01/24,Roger Denker Open,184,L,DEC,9 - 7,Joe Gaither,42258,Northeastern Oklahoma,Jayden Bears,40182,Missouri
2016,01/24,Roger Denker Open,184,W,FALL,1:25,Noland Puletasi,41186,Wentworth Junior College,Jayden Bears,40182,Missouri
2016,11/21,Joe Parisi Open,184,L,INJ,7:00,David Hamil,41189,Lindenwood,Jayden Bears,40182,Missouri
2016,11/21,Joe Parisi Open,184,W,FALL,1:32,Brody Largent,42451,Central Oklahoma,Jayden Bears,40182,Missouri
2016,11/21,Joe Parisi Open,184,W,DEC,8 - 7,Jacob Hill,23011,Northeastern Oklahoma,Jayden Bears,40182,Missouri
2016,11/21,Joe Parisi Open,184,W,FALL,4:50,Skyler Bloomer,41191,Labette Community College,Jayden Bears,40182,Missouri
2016,11/21,Joe Parisi Open,184,W,MD,12 - 2,George Noutai,41944,Davenport,Jayden Bears,40182,Missouri
2016,11/21,Joe Parisi Open,184,L,MD,13 - 4,Xavier Montalvo,39514,Illinois,Jayden Bears,40182,Missouri
2016,11/08,UCM Open,184,L,MD,16 - 5,David Hamil,41189,Lindenwood,Jayden Bears,40182,Missouri
2016,11/08,UCM Open,184,W,FALL,7:46,Andrew Krawulski,41188,McKendree University,Jayden Bears,40182,Missouri
2016,11/08,UCM Open,184,W,INJ,7:00,Archie Williams,41187,Central Missouri,Jayden Bears,40182,Missouri
2016,11/08,UCM Open,184,W,FALL,2:24,Noland Puletasi,41186,Wentworth Junior College,Jayden Bears,40182,Missouri
2016,02/07,Missouri Valley College Open,184,W,DEC,13 - 6,Chase Wrisinger,22406,Truman,Dalton Voyles,40181,Missouri
2016,02/07,Missouri Valley College Open,184,W,DEC,5 - 2,Tyler Harrington,44384,North Dakota State,Dalton Voyles,40181,Missouri
2016,02/07,Missouri Valley College Open,184,L,MFOR,0 - 0,Jayden Bears,40182,Missouri,Dalton Voyles,40181,Missouri
2016,01/24,Roger Denker Open,184,W,FALL,2:24,Tyler Nelson,41194,Central Missouri,Dalton Voyles,40181,Missouri
2016,01/24,Roger Denker Open,184,L,DEC,3 - 1,Joe Gaither,42258,Northeastern Oklahoma,Dalton Voyles,40181,Missouri
2016,01/24,Roger Denker Open,184,W,MD,13 - 1,Jacob Hawks,44090,Unattached,Dalton Voyles,40181,Missouri
2016,01/24,Roger Denker Open,184,W,FALL,2:08,Tyler Nelson,41194,Central Missouri,Dalton Voyles,40181,Missouri
2016,01/24,Roger Denker Open,184,L,FALL,0:24,Jayden Bears,40182,Missouri,Dalton Voyles,40181,Missouri
2016,11/21,Joe Parisi Open,184,L,DEC,4 - 0,Jacob Hill,23011,Northeastern Oklahoma,Dalton Voyles,40181,Missouri
2016,11/21,Joe Parisi Open,184,L,DEC,5 - 3,Jordan Collins,42452,Indianapolis,Dalton Voyles,40181,Missouri
2016,11/21,Joe Parisi Open,184,W,FALL,5:16,Noland Puletasi,41186,Wentworth Junior College,Dalton Voyles,40181,Missouri
2016,11/14,Kaufman Brand Open,184,W,DEC,10 - 3,Joe Gaither,42258,Northeastern Oklahoma,Dalton Voyles,40181,Missouri
2016,11/14,Kaufman Brand Open,184,L,SV-1,7 - 5,Jordan Davis,42257,Fort Hays State,Dalton Voyles,40181,Missouri
2016,11/14,Kaufman Brand Open,184,L,DEC,3 - 0,Jacob Hill,23011,Northeastern Oklahoma,Dalton Voyles,40181,Missouri
2016,11/14,Kaufman Brand Open,184,W,DEC,6 - 3,Stone Neese,42255,Indianapolis,Dalton Voyles,40181,Missouri
2016,11/14,Kaufman Brand Open,184,W,FALL,0:34,Augustus Boyd,41475,Northeastern Oklahoma,Dalton Voyles,40181,Missouri
2016,11/08,UCM Open,184,W,MD,14 - 5,Cortez Dorsey,41192,McKendree University,Dalton Voyles,40181,Missouri
2016,11/08,UCM Open,184,W,DEC,11 - 7,Andrew Krawulski,41188,McKendree University,Dalton Voyles,40181,Missouri
2016,11/08,UCM Open,184,W,MD,8 - 0,Keifer Farrar,41196,Central Missouri,Dalton Voyles,40181,Missouri
2016,11/08,UCM Open,184,W,MD,10 - 2,Chad Lowq,41195,McKendree University,Dalton Voyles,40181,Missouri
2016,11/08,UCM Open,184,L,FALL,1:59,Tyler Nelson,41194,Central Missouri,Dalton Voyles,40181,Missouri
2016,11/08,UCM Open,184,W,MD,9 - 1,Zachary Balden,41193,Baker,Dalton Voyles,40181,Missouri
2016,03/17,NCAA Championships,197,W,DEC,4 - 2,Morgan McIntosh,13012,Penn State,J'den Cox,13114,Missouri
2016,03/17,NCAA Championships,197,W,DEC,6 - 0,Brett Harner,12294,Princeton,J'den Cox,13114,Missouri
2016,03/17,NCAA Championships,197,W,FALL,1:18,Hayden Hrymack,13118,Rutgers,J'den Cox,13114,Missouri
2016,03/17,NCAA Championships,197,W,FALL,6:29,Brett Pfarr,12441,Minnesota,J'den Cox,13114,Missouri
2016,03/17,NCAA Championships,197,W,MD,15 - 4,Scottie Boykin,12756,Chattanooga,J'den Cox,13114,Missouri
2016,03/05,MAC Championships,197,W,MD,9 - 1,Phil Wellington,13130,Ohio,J'den Cox,13114,Missouri
2016,03/05,MAC Championships,197,W,FALL,6:37,Anthony Abro,12495,Eastern Michigan,J'den Cox,13114,Missouri
2016,03/05,MAC Championships,197,W,FALL,0:39,Cody Krumwiede,14126,Northern Iowa,J'den Cox,13114,Missouri
2016,02/21,Missouri - Nebraska Dual,197,W,MD,16 - 7,Aaron Studebaker,12422,Nebraska,J'den Cox,13114,Missouri
2016,02/14,Missouri - North Carolina State Dual,197,W,DEC,5 - 1,Malik McDonald,20133,NC State,J'den Cox,13114,Missouri
2016,02/12,Missouri - Appalachian State Dual,197,W,FALL,4:06,Randall Diabe,40409,Appalachian State,J'den Cox,13114,Missouri
2016,02/07,Missouri - Northern Illinois Dual,197,W,MD,15 - 1,Shawn Scott,13164,Northern Illinois,J'den Cox,13114,Missouri
2016,01/30,Oklahoma - Missouri Dual,197,W,MD,9 - 0,Brad Johnson,16410,Oklahoma,J'den Cox,13114,Missouri
2016,01/22,Missouri - Oklahoma State Dual,197,W,DEC,7 - 3,Andrew Marsden,39548,Oklahoma State,J'den Cox,13114,Missouri
2016,01/17,Missouri - Central Michigan Dual,197,W,MD,16 - 3,Jackson Lewis,13107,Central Michigan,J'den Cox,13114,Missouri
2016,01/15,Eastern Michigan - Missouri Dual,197,W,DEC,10 - 5,Anthony Abro,12495,Eastern Michigan,J'den Cox,13114,Missouri
2016,01/10,Cornell - Missouri Dual,285,W,TF5,24 - 9 7:00,Jeramy Sweany,40382,Cornell,J'den Cox,13114,Missouri
2016,01/08,Buffalo - Missouri Dual,197,W,TF5,19 - 4 5:37,James Benjamin,13108,Buffalo,J'den Cox,13114,Missouri
2016,12/20,Missouri - Kent State Dual,197,W,FALL,1:02,Jerald Spohn,12856,Kent State,J'den Cox,13114,Missouri
2016,12/13,Ohio - Missouri Dual,197,L,DQ,0 - 0,Phil Wellington,13130,Ohio,J'den Cox,13114,Missouri
2016,12/12,Ohio State - Missouri Dual,197,W,MD,13 - 2,Mark Martin,12338,Ohio State,J'den Cox,13114,Missouri
2016,12/04,Cliff Keen Las Vegas Invitational,197,W,FALL,4:49,Augustus Marker,13132,Brown,J'den Cox,13114,Missouri
2016,12/04,Cliff Keen Las Vegas Invitational,197,W,DEC,9 - 3,Jake A Smith,23323,West Virginia,J'den Cox,13114,Missouri
2016,12/04,Cliff Keen Las Vegas Invitational,197,W,TF5,15 - 0 7:00,Derek Thomas,13020,Utah Valley,J'den Cox,13114,Missouri
2016,12/04,Cliff Keen Las Vegas Invitational,197,W,DEC,4 - 1,Brett Pfarr,12441,Minnesota,J'den Cox,13114,Missouri
2016,12/04,Cliff Keen Las Vegas Invitational,197,W,FALL,3:46,Mark Tracy,19662,Binghamton,J'den Cox,13114,Missouri
2016,11/28,Missouri - Northern Iowa Dual,197,W,DEC,8 - 3,Jared Bartel,12953,Northern Iowa,J'den Cox,13114,Missouri
2016,11/21,Joe Parisi Open,197,W,TF5,25 - 10 6:20,Ryan Beltz,42414,Maryville University,J'den Cox,13114,Missouri
2016,11/21,Joe Parisi Open,197,W,FALL,1:27,Derrick Hawkins,42125,Grand View,J'den Cox,13114,Missouri
2016,11/21,Joe Parisi Open,197,W,TF5,22 - 7 6:00,Greg Wilson,42415,Central Oklahoma,J'den Cox,13114,Missouri
2016,11/21,Joe Parisi Open,197,W,TF5,21 - 5 6:30,Austin Schafer,13112,Oklahoma State,J'den Cox,13114,Missouri
2016,11/21,Joe Parisi Open,197,W,DEC,2 - 0,Jake A Smith,23323,West Virginia,J'den Cox,13114,Missouri
2016,11/20,Missouri - Southern Illinois Edwardsville Dual,197,W,TF5,25 - 10 6:33,Jake Tindle,12670,SIU Edwardsville,J'den Cox,13114,Missouri
2016,02/07,Missouri Valley College Open,197,L,MFOR,0 - 0,Jared McKindley,41197,Lindenwood,Seth Pesek,39927,Missouri
2016,02/07,Missouri Valley College Open,197,L,MFOR,0 - 0,Nate Finnell,43408,Missouri Valley,Seth Pesek,39927,Missouri
2016,02/07,Missouri Valley College Open,197,L,DEC,2 - 1,Justin Whitten,42359,Missouri Valley,Seth Pesek,39927,Missouri
2016,02/07,Missouri Valley College Open,197,L,INJ,7:00,Justin Whitten,42359,Missouri Valley,Seth Pesek,39927,Missouri
2016,02/07,Missouri Valley College Open,197,W,DEC,3 - 0,Luke Bornhop,44378,Truman,Seth Pesek,39927,Missouri
2016,02/07,Missouri Valley College Open,197,W,DEC,5 - 1,Zach Stout,44377,Missouri,Seth Pesek,39927,Missouri
2016,01/24,Roger Denker Open,197,L,TF5,16 - 1 5:00,Bryce Fisher,44089,Grand View,Seth Pesek,39927,Missouri
2016,01/24,Roger Denker Open,197,W,DEC,9 - 3,Bleau Stopp,44087,Central Oklahoma,Seth Pesek,39927,Missouri
2016,01/24,Roger Denker Open,197,W,FALL,0:55,Jack Karagiannis,43275,Central Missouri,Seth Pesek,39927,Missouri
2016,01/24,Roger Denker Open,197,W,MFOR,0 - 0,Josh Latham,22089,Northeastern Oklahoma,Seth Pesek,39927,Missouri
2016,01/24,Roger Denker Open,197,W,FALL,0:50,Russell Coats ii,44088,Northeastern Oklahoma,Seth Pesek,39927,Missouri
2016,01/24,Roger Denker Open,197,W,MFOR,0 - 0,William Leone,21216,Baker,Seth Pesek,39927,Missouri
2016,01/24,Roger Denker Open,197,L,FALL,2:47,Bleau Stopp,44087,Central Oklahoma,Seth Pesek,39927,Missouri
2016,11/14,Kaufman Brand Open,197,L,FALL,4:50,Brody Conner,42198,Indianapolis,Seth Pesek,39927,Missouri
2016,11/14,Kaufman Brand Open,197,W,FALL,3:50,Quentin Lawrence,42261,Missouri Baptist,Seth Pesek,39927,Missouri
2016,11/14,Kaufman Brand Open,197,W,DEC,6 - 4,Tristan Ramberg,41065,Labette Community College,Seth Pesek,39927,Missouri
2016,11/08,UCM Open,197,L,FALL,3:30,Kyler Atwood,23676,Bethany,Seth Pesek,39927,Missouri
2016,11/08,UCM Open,197,W,DEC,3 - 2,Jared McKindley,41197,Lindenwood,Seth Pesek,39927,Missouri
2016,11/08,UCM Open,197,W,TF5,16 - 0 3:30,Nathaniel Tuamoheloa,41199,Wentworth Junior College,Seth Pesek,39927,Missouri
2016,11/08,UCM Open,197,W,MD,15 - 5,Ben Lancaster,41198,Central Missouri,Seth Pesek,39927,Missouri
2016,11/08,UCM Open,197,W,TF5,16 - 1 3:30,Devin Cagle,25035,McKendree University,Seth Pesek,39927,Missouri
2016,11/08,UCM Open,197,L,DEC,9 - 7,Jared McKindley,41197,Lindenwood,Seth Pesek,39927,Missouri
2016,02/07,Missouri Valley College Open,197,L,DEC,5 - 1,Seth Pesek,39927,Missouri,Zach Stout,44377,Missouri
2016,02/14,Missouri - North Carolina State Dual,285,L,TF5,17 - 1 :42,Nick Gwiazdowski,14221,NC State,James Romero,40021,Missouri
2016,02/12,Missouri - Appalachian State Dual,285,L,FALL,2:06,Denzel Dejournette,14276,Appalachian State,James Romero,40021,Missouri
2016,02/07,Missouri - Northern Illinois Dual,285,L,DEC,6 - 0,Arthur Bunce,14282,Northern Illinois,James Romero,40021,Missouri
2016,01/31,Old Dominion - Missouri Dual,285,L,DEC,3 - 2,Austin Coburn,12273,Old Dominion,James Romero,40021,Missouri
2016,01/30,Oklahoma - Missouri Dual,285,L,FALL,1:35,Ross Larson,14299,Oklahoma,James Romero,40021,Missouri
2016,01/22,Missouri - Oklahoma State Dual,285,L,TF5,16 - 0 1:25,Austin Marsden,14130,Oklahoma State,James Romero,40021,Missouri
2016,01/17,Missouri - Central Michigan Dual,285,L,DEC,4 - 0,Newton Smerchek,14224,Central Michigan,James Romero,40021,Missouri
2016,01/15,Eastern Michigan - Missouri Dual,285,L,MD,11 - 0,Gage Hutchison,14259,Eastern Michigan,James Romero,40021,Missouri
2016,01/08,Buffalo - Missouri Dual,285,L,FALL,2:29,Jake Gunning,19718,Buffalo,James Romero,40021,Missouri
2016,12/20,Missouri - Kent State Dual,285,W,FALL,0:58,Devin Nye,19975,Kent State,James Romero,40021,Missouri
2016,12/13,Ohio - Missouri Dual,285,W,DEC,9 - 4,Jesse Webb,20242,Ohio,James Romero,40021,Missouri
2016,12/12,Ohio State - Missouri Dual,285,L,FALL,4:40,Nick Tavanello,14228,Ohio State,James Romero,40021,Missouri
2016,12/04,Cliff Keen Las Vegas Invitational,285,L,FALL,6:38,Stephen Suglio,13094,Kent State,James Romero,40021,Missouri
2016,12/04,Cliff Keen Las Vegas Invitational,285,L,MD,10 - 2,Marcus Malecek,14376,Air Force,James Romero,40021,Missouri
2016,11/28,Missouri - Northern Iowa Dual,285,L,TF5,25 - 10 6:28,Blaize Cabell,14147,Northern Iowa,James Romero,40021,Missouri
2016,11/21,Joe Parisi Open,285,L,MD,12 - 2,Dylan Faulkenberg,24579,Indianapolis,James Romero,40021,Missouri
2016,11/21,Joe Parisi Open,285,W,FALL,0:22,Robert Schneider,24592,University of Idaho,James Romero,40021,Missouri
2016,11/21,Joe Parisi Open,285,L,DEC,7 - 5,Dalonte Holland,40881,Ellsworth CC,James Romero,40021,Missouri
2016,11/21,Joe Parisi Open,285,W,FALL,2:34,Dylan Faulkenberg,24579,Indianapolis,James Romero,40021,Missouri
2016,11/21,Joe Parisi Open,285,W,FALL,1:05,Cory Barnett,41070,Northeastern Oklahoma,James Romero,40021,Missouri
2016,11/21,Joe Parisi Open,285,W,FALL,0:35,Chance Cooper,44338,McKendree University,James Romero,40021,Missouri
2016,11/20,Missouri - Southern Illinois Edwardsville Dual,285,L,DEC,5 - 0,Chris Johnson,12407,SIU Edwardsville,James Romero,40021,Missouri
2016,11/14,Kaufman Brand Open,285,L,FALL,2:19,Brian Snyder,42191,Indianapolis,James Romero,40021,Missouri
2016,11/08,UCM Open,285,W,TF5,15 - 0 4:53,Nick Lovejoy,41204,Central Missouri,James Romero,40021,Missouri
2016,11/08,UCM Open,285,W,FALL,2:10,Christian Boyles,41207,McKendree University,James Romero,40021,Missouri
2016,11/08,UCM Open,285,L,DEC,6 - 3,Jacob Borgmeyer,41201,Lindenwood,James Romero,40021,Missouri
2016,11/08,UCM Open,285,W,FALL,1:12,Nick Lovejoy,41204,Central Missouri,James Romero,40021,Missouri
2016,11/08,UCM Open,285,W,FALL,0:26,Scott Kleinert,41206,Neosho County Community College,James Romero,40021,Missouri
2016,11/08,UCM Open,285,W,FALL,0:38,Chance Schooler,41205,Labette Community College,James Romero,40021,Missouri
2016,11/21,Joe Parisi Open,285,L,TF5,17 - 1 3:30,Jacob Borgmeyer,41201,Lindenwood,Mike Monaghan,41202,Missouri
2016,11/21,Joe Parisi Open,285,L,FALL,2:24,Chris Johnson,12407,SIU Edwardsville,Mike Monaghan,41202,Missouri
2016,11/14,Kaufman Brand Open,285,L,FALL,3:44,Gabi Musallam,42249,Missouri Valley,Mike Monaghan,41202,Missouri
2016,11/14,Kaufman Brand Open,285,L,TF5,16 - 1 2:05,Colton Emmerich,19935,Illinois,Mike Monaghan,41202,Missouri
2016,11/08,UCM Open,285,L,FALL,0:30,Nick Lovejoy,41204,Central Missouri,Mike Monaghan,41202,Missouri
2016,11/08,UCM Open,285,W,DEC,7 - 2,Onosai Pule,41203,Wentworth Junior College,Mike Monaghan,41202,Missouri
2016,11/08,UCM Open,285,L,TF5,16 - 0 4:58,Jacob Borgmeyer,41201,Lindenwood,Mike Monaghan,41202,Missouri
