season,date,event,weight_class,result,result_type,score,opponent,opponent_id,opponent_school,wrestler,wrestler_id,wrestler_school
2020,03/08,SoCon Championships,125,W,FALL,1:41,John McGarry,62382,VMI,Sean Carter,62808,Appalachian State
2020,03/08,SoCon Championships,125,W,DEC,10 - 5,Jacob Brasseur,61212,Presbyterian,Sean Carter,62808,Appalachian State
2020,03/08,SoCon Championships,125,W,MD,11 - 3,Cian Fischer,57516,Davidson,Sean Carter,62808,Appalachian State
2020,03/08,SoCon Championships,125,L,DEC,5 - 3,Korbin Meink,49074,Campbell,Sean Carter,62808,Appalachian State
2020,02/23,VMI - Appalachian State Dual,125,W,TF5,17 - 2 5:44,John McGarry,62382,VMI,Sean Carter,62808,Appalachian State
2020,02/13,Appalachian State - Campbell Dual,125,W,DEC,6 - 4,Korbin Meink,49074,Campbell,Sean Carter,62808,Appalachian State
2020,02/08,Appalachian State - The Citadel Dual,125,W,DEC,7 - 2,Jordan White,62179,The Citadel,Sean Carter,62808,Appalachian State
2020,02/02,Appalachian State - Chattanooga Dual,125,L,DEC,6 - 5,Fabian Gutierrez,45245,Chattanooga,Sean Carter,62808,Appalachian State
2020,01/25,Appalachian Open,125,L,MFOR,0 - 0,Caleb Smith,58559,Appalachian State,Sean Carter,62808,Appalachian State
2020,01/25,Appalachian Open,125,W,DEC,6 - 1,Brandon Wittenberg,57647,Virginia Tech,Sean Carter,62808,Appalachian State
2020,01/25,Appalachian Open,125,W,DEC,10 - 6,Jeremiah Derby,56331,North Carolina,Sean Carter,62808,Appalachian State
2020,01/25,Appalachian Open,125,L,FALL,2:53,Fabian Gutierrez,45245,Chattanooga,Sean Carter,62808,Appalachian State
2020,01/16,Lock Haven - Appalachian State Dual,125,L,DEC,7 - 0,Luke Werner,50282,Lock Haven,Sean Carter,62808,Appalachian State
2020,01/12,Davidson - Appalachian State Dual,125,W,MD,14 - 3,Cian Fischer,57516,Davidson,Sean Carter,62808,Appalachian State
2020,01/12,Presbyterian - Appalachian State Dual,125,W,MD,14 - 4,Jacob Brasseur,61212,Presbyterian,Sean Carter,62808,Appalachian State
2020,01/09,Appalachian State - Gardner-Webb Dual,125,W,FALL,6:27,Michael Pappaconstantinou,62404,Gardner-Webb,Sean Carter,62808,Appalachian State
2020,01/01,Southern Scuffle,125,W,DEC,9 - 4,Carson Smith,62812,Appalachian State,Sean Carter,62808,Appalachian State
2020,01/01,Southern Scuffle,125,W,MD,12 - 3,Carson Sauriol,62416,Binghamton,Sean Carter,62808,Appalachian State
2020,01/01,Southern Scuffle,125,L,MD,10 - 1,Sam Latona,56742,Virginia Tech,Sean Carter,62808,Appalachian State
2020,01/01,Southern Scuffle,125,W,DEC,3 - 2,Nic Aguilar,51104,Rutgers,Sean Carter,62808,Appalachian State
2020,01/01,Southern Scuffle,125,L,DEC,6 - 5,Luke Werner,50282,Lock Haven,Sean Carter,62808,Appalachian State
2020,01/01,Southern Scuffle,125,W,DEC,6 - 5,Jonathon Tropea,46048,Rider,Sean Carter,62808,Appalachian State
2020,01/01,Southern Scuffle,125,W,DEC,7 - 5,Zurich Storm,50138,Campbell,Sean Carter,62808,Appalachian State
2020,12/18,Appalachian State - Little Rock Dual,125,W,DEC,10 - 7,Jayden Carson,62838,Little Rock,Sean Carter,62808,Appalachian State
2020,12/13,North Carolina State - Appalachian State Dual,125,L,MD,14 - 6,Jakob Camacho,50655,NC State,Sean Carter,62808,Appalachian State
2020,12/01,Appalachian State - North Carolina Dual,125,W,DEC,9 - 3,Joey Melendez,50805,North Carolina,Sean Carter,62808,Appalachian State
2020,11/24,Keystone Classic,125,L,DEC,5 - 2,Beau Bayless,59670,Harvard,Sean Carter,62808,Appalachian State
2020,11/24,Keystone Classic,125,W,DEC,7 - 5,Blair Orr,55804,Pennsylvania,Sean Carter,62808,Appalachian State
2020,11/24,Keystone Classic,125,W,DQ,0 - 0,Jonathon Tropea,46048,Rider,Sean Carter,62808,Appalachian State
2020,11/24,Keystone Classic,125,L,DEC,7 - 6,Jonathon Tropea,46048,Rider,Sean Carter,62808,Appalachian State
2020,11/24,Keystone Classic,125,W,TF5,18 - 2 3:00,John McGarry,62382,VMI,Sean Carter,62808,Appalachian State
2020,11/17,Wolfpack Open,125,L,DEC,2 - 0,Carson Smith,62812,Appalachian State,Sean Carter,62808,Appalachian State
2020,11/17,Wolfpack Open,125,L,DEC,12 - 6,Brandon Wittenberg,57647,Virginia Tech,Sean Carter,62808,Appalachian State
2020,11/17,Wolfpack Open,125,W,SV-1,6 - 4,Anthony Molton,57207,Old Dominion,Sean Carter,62808,Appalachian State
2020,11/09,Mountaineer Invitational,125,W,DEC,3 - 1,Caleb Graber,62216,West Virginia,Sean Carter,62808,Appalachian State
2020,11/09,Mountaineer Invitational,125,W,DEC,6 - 3,Trey Lane,62197,Virginia,Sean Carter,62808,Appalachian State
2020,11/09,Mountaineer Invitational,125,W,DEC,10 - 5,Caleb Smith,58559,Appalachian State,Sean Carter,62808,Appalachian State
2020,11/09,Mountaineer Invitational,125,L,TF5,23 - 8 7:00,Jake Ferri,51179,Kent State,Sean Carter,62808,Appalachian State
2020,11/03,Southeast Open,125,L,TB-2,6 - 5,Carson Smith,62812,Appalachian State,Sean Carter,62808,Appalachian State
2020,11/03,Southeast Open,125,L,DEC,6 - 0,Caleb Smith,58559,Appalachian State,Sean Carter,62808,Appalachian State
2020,11/03,Southeast Open,125,W,DEC,10 - 6,Timothy Decatur,63018,North Carolina,Sean Carter,62808,Appalachian State
2020,11/03,Southeast Open,125,W,FALL,2:49,Cameron Chicella,62394,VMI,Sean Carter,62808,Appalachian State
2020,02/29,National Collegiate Open,125,L,DEC,3 - 1,Carson Smith,62812,Appalachian State,Caleb Smith,58559,Appalachian State
2020,02/29,National Collegiate Open,125,W,MD,10 - 2,Romeo McNeil,63461,Spartan Combat RTC,Caleb Smith,58559,Appalachian State
2020,02/29,National Collegiate Open,125,W,MD,11 - 1,Carson Sauriol,62416,Binghamton,Caleb Smith,58559,Appalachian State
2020,02/29,National Collegiate Open,125,W,DEC,5 - 2,Dilan Atjun,57264,Cal Baptist,Caleb Smith,58559,Appalachian State
2020,02/29,National Collegiate Open,125,L,DEC,3 - 2,Patrick McCormick,57063,Virginia,Caleb Smith,58559,Appalachian State
2020,02/09,Newberry Open,125,W,DEC,8 - 1,Chase Ayers,63284,Life University,Caleb Smith,58559,Appalachian State
2020,02/09,Newberry Open,125,W,FALL,1:44,William Dudley,58926,St Andrews,Caleb Smith,58559,Appalachian State
2020,02/09,Newberry Open,125,W,TF5,16 - 1 7:00,Anthony Carter,55761,UNC Pembroke,Caleb Smith,58559,Appalachian State
2020,02/09,Newberry Open,125,W,DEC,10 - 3,Benny Gomez,47503,Presbyterian,Caleb Smith,58559,Appalachian State
2020,01/25,Appalachian Open,125,W,MFOR,0 - 0,Sean Carter,62808,Appalachian State,Caleb Smith,58559,Appalachian State
2020,01/25,Appalachian Open,125,L,DEC,12 - 6,Sam Latona,56742,Virginia Tech,Caleb Smith,58559,Appalachian State
2020,01/25,Appalachian Open,125,W,DEC,2 - 0,Joey Melendez,50805,North Carolina,Caleb Smith,58559,Appalachian State
2020,01/01,Southern Scuffle,125,W,MD,13 - 0,John McGarry,62382,VMI,Caleb Smith,58559,Appalachian State
2020,01/01,Southern Scuffle,125,L,DEC,2 - 0,Logan Treaster,49205,Navy,Caleb Smith,58559,Appalachian State
2020,01/01,Southern Scuffle,125,W,MD,16 - 8,Aslan Kilic,45565,Navy,Caleb Smith,58559,Appalachian State
2020,01/01,Southern Scuffle,125,L,DEC,9 - 3,Nick Piccininni,39547,Oklahoma State,Caleb Smith,58559,Appalachian State
2020,01/01,Southern Scuffle,125,W,DEC,5 - 3,Jonathon Tropea,46048,Rider,Caleb Smith,58559,Appalachian State
2020,01/01,Southern Scuffle,125,W,DEC,4 - 3,Luke Resnick,51027,Lehigh,Caleb Smith,58559,Appalachian State
2020,01/01,Southern Scuffle,125,W,MFOR,0 - 0,Michael McGee,49264,Old Dominion,Caleb Smith,58559,Appalachian State
2020,11/24,Tornado Open,125,W,MD,11 - 3,Jacob Andrew,65188,Cumberlands,Caleb Smith,58559,Appalachian State
2020,11/24,Tornado Open,125,W,DEC,6 - 4,Evan Carrigan,63515,Newberry,Caleb Smith,58559,Appalachian State
2020,11/24,Tornado Open,125,W,FALL,4:35,Austin Ross,63124,Lander,Caleb Smith,58559,Appalachian State
2020,11/24,Tornado Open,125,W,DEC,4 - 1,Rylee Billings,57430,King,Caleb Smith,58559,Appalachian State
2020,11/17,Wolfpack Open,125,L,DEC,4 - 2,Rylee Billings,57430,King,Caleb Smith,58559,Appalachian State
2020,11/17,Wolfpack Open,125,L,FALL,6:59,Jordan White,62179,The Citadel,Caleb Smith,58559,Appalachian State
2020,11/09,Mountaineer Invitational,125,L,DEC,10 - 5,Sean Carter,62808,Appalachian State,Caleb Smith,58559,Appalachian State
2020,11/09,Mountaineer Invitational,125,L,DEC,6 - 4,Drake Doolittle,62376,Duke,Caleb Smith,58559,Appalachian State
2020,11/09,Mountaineer Invitational,125,W,DEC,7 - 4,Caleb Graber,62216,West Virginia,Caleb Smith,58559,Appalachian State
2020,11/03,Southeast Open,125,W,DEC,6 - 0,Sean Carter,62808,Appalachian State,Caleb Smith,58559,Appalachian State
2020,11/03,Southeast Open,125,W,DEC,5 - 0,Rylee Billings,57430,King,Caleb Smith,58559,Appalachian State
2020,11/03,Southeast Open,125,L,DEC,3 - 2,Hunter Graf,51359,Virginia Tech,Caleb Smith,58559,Appalachian State
2020,11/03,Southeast Open,125,W,DEC,12 - 8,Talha Farooq,45317,George Mason,Caleb Smith,58559,Appalachian State
2020,02/29,National Collegiate Open,125,W,DEC,7 - 2,Brandon Spellman,63969,NJRTC,Carson Smith,62812,Appalachian State
2020,02/29,National Collegiate Open,125,W,DEC,8 - 4,Baylor Shunk,62899,Penn State,Carson Smith,62812,Appalachian State
2020,02/29,National Collegiate Open,125,W,DEC,5 - 0,Carson Sauriol,62416,Binghamton,Carson Smith,62812,Appalachian State
2020,02/29,National Collegiate Open,125,W,DEC,3 - 1,Caleb Smith,58559,Appalachian State,Carson Smith,62812,Appalachian State
2020,02/29,National Collegiate Open,125,L,DEC,4 - 2,Anthony Molton,57207,Old Dominion,Carson Smith,62812,Appalachian State
2020,01/25,Appalachian Open,125,W,DEC,7 - 2,Jeremiah Derby,56331,North Carolina,Carson Smith,62812,Appalachian State
2020,01/25,Appalachian Open,125,W,DEC,8 - 3,Hunter Graf,51359,Virginia Tech,Carson Smith,62812,Appalachian State
2020,01/25,Appalachian Open,125,L,FALL,0:12,Joey Melendez,50805,North Carolina,Carson Smith,62812,Appalachian State
2020,01/25,Appalachian Open,125,L,MD,14 - 0,Fabian Gutierrez,45245,Chattanooga,Carson Smith,62812,Appalachian State
2020,01/01,Southern Scuffle,125,L,DEC,9 - 4,Sean Carter,62808,Appalachian State,Carson Smith,62812,Appalachian State
2020,01/01,Southern Scuffle,125,W,DEC,8 - 3,Tommaso Frezza,62421,Binghamton,Carson Smith,62812,Appalachian State
2020,01/01,Southern Scuffle,125,L,FALL,2:42,Jackson DiSario,57126,Stanford,Carson Smith,62812,Appalachian State
2020,01/01,Southern Scuffle,125,W,DEC,8 - 6,Logan Heil,57515,Cleveland State,Carson Smith,62812,Appalachian State
2020,11/24,Keystone Classic,125,L,FALL,7:27,Kyle Randall,56471,Sacred Heart,Carson Smith,62812,Appalachian State
2020,11/24,Keystone Classic,125,L,FALL,0:35,John McGarry,62382,VMI,Carson Smith,62812,Appalachian State
2020,11/17,Wolfpack Open,125,W,DEC,2 - 0,Sean Carter,62808,Appalachian State,Carson Smith,62812,Appalachian State
2020,11/17,Wolfpack Open,125,L,MD,14 - 5,Sam Latona,56742,Virginia Tech,Carson Smith,62812,Appalachian State
2020,11/17,Wolfpack Open,125,L,FALL,6:23,Jakob Camacho,50655,NC State,Carson Smith,62812,Appalachian State
2020,11/17,Wolfpack Open,125,W,FALL,6:18,Ryan More,45164,Virginia Tech,Carson Smith,62812,Appalachian State
2020,11/17,Wolfpack Open,125,W,DEC,5 - 3,Jacob Brasseur,61212,Presbyterian,Carson Smith,62812,Appalachian State
2020,11/09,Mountaineer Invitational,125,L,DEC,2 - 0,Caleb Graber,62216,West Virginia,Carson Smith,62812,Appalachian State
2020,11/09,Mountaineer Invitational,125,W,DEC,3 - 2,Trey Lane,62197,Virginia,Carson Smith,62812,Appalachian State
2020,11/09,Mountaineer Invitational,125,L,DEC,10 - 5,Jake Ferri,51179,Kent State,Carson Smith,62812,Appalachian State
2020,11/03,Southeast Open,125,W,TB-2,6 - 5,Sean Carter,62808,Appalachian State,Carson Smith,62812,Appalachian State
2020,11/03,Southeast Open,125,W,FALL,4:48,Michael Pappaconstantinou,62404,Gardner-Webb,Carson Smith,62812,Appalachian State
2020,11/03,Southeast Open,125,W,DEC,11 - 6,Brandon Wittenberg,57647,Virginia Tech,Carson Smith,62812,Appalachian State
2020,11/03,Southeast Open,125,L,DEC,4 - 2,Hunter Graf,51359,Virginia Tech,Carson Smith,62812,Appalachian State
2020,11/09,Mountaineer Invitational,125,W,DEC,6 - 3,Michael Pappaconstantinou,62404,Gardner-Webb,Patrick Washington,45406,Appalachian State
2020,11/09,Mountaineer Invitational,125,L,FALL,2:51,Brandon Kaylor,51198,Oregon State,Patrick Washington,45406,Appalachian State
2020,11/09,Mountaineer Invitational,125,L,FALL,3:55,Graham Shore,50580,Air Force,Patrick Washington,45406,Appalachian State
2020,11/09,Mountaineer Invitational,125,L,FALL,1:09,Drew Hildebrandt,44818,Central Michigan,Patrick Washington,45406,Appalachian State
2020,03/08,SoCon Championships,133,W,TF5,18 - 1 5:32,Khalid Brinkley,61614,Presbyterian,Codi Russell,51113,Appalachian State
2020,03/08,SoCon Championships,133,W,DEC,4 - 3,Wade Cummings,44642,Chattanooga,Codi Russell,51113,Appalachian State
2020,03/08,SoCon Championships,133,L,DEC,4 - 1,Noah Gonser,40087,Campbell,Codi Russell,51113,Appalachian State
2020,02/23,VMI - Appalachian State Dual,133,W,TF5,17 - 1 5:23,Cliff Conway,50304,VMI,Codi Russell,51113,Appalachian State
2020,02/13,Appalachian State - Campbell Dual,133,L,MD,11 - 2,Noah Gonser,40087,Campbell,Codi Russell,51113,Appalachian State
2020,02/08,Appalachian State - The Citadel Dual,133,W,FALL,3:57,Nathan Orosco,61817,The Citadel,Codi Russell,51113,Appalachian State
2020,02/02,Appalachian State - Chattanooga Dual,133,W,TF5,21 - 6 6:22,Colton Landers,50949,Chattanooga,Codi Russell,51113,Appalachian State
2020,01/25,Appalachian Open,133,W,FALL,2:27,Nathan Orosco,61817,The Citadel,Codi Russell,51113,Appalachian State
2020,01/25,Appalachian Open,133,L,MFOR,0 - 0,Kai Orine,56908,NC State,Codi Russell,51113,Appalachian State
2020,01/25,Appalachian Open,133,W,MFOR,0 - 0,Trevon Majette,51364,Gardner-Webb,Codi Russell,51113,Appalachian State
2020,01/25,Appalachian Open,133,L,MFOR,0 - 0,Joe Heilmann,51223,North Carolina,Codi Russell,51113,Appalachian State
2020,01/23,Duke - Appalachian State Dual,133,W,FALL,3:23,Harrison Campbell,49125,Duke,Codi Russell,51113,Appalachian State
2020,01/16,Lock Haven - Appalachian State Dual,133,W,DEC,5 - 3,DJ Fehlman,39898,Lock Haven,Codi Russell,51113,Appalachian State
2020,01/12,Davidson - Appalachian State Dual,133,W,MD,10 - 1,Kyle Gorant,51686,Davidson,Codi Russell,51113,Appalachian State
2020,01/12,Presbyterian - Appalachian State Dual,133,W,TF5,18 - 2 2:54,Parker Corwin,63037,Presbyterian,Codi Russell,51113,Appalachian State
2020,01/09,Appalachian State - Gardner-Webb Dual,133,L,FALL,0:57,Trevon Majette,51364,Gardner-Webb,Codi Russell,51113,Appalachian State
2020,01/01,Southern Scuffle,133,L,MD,12 - 1,Ramazan Attasauov,58943,Iowa State,Codi Russell,51113,Appalachian State
2020,01/01,Southern Scuffle,133,W,DEC,3 - 2,Jacob Allen,50935,Navy,Codi Russell,51113,Appalachian State
2020,01/01,Southern Scuffle,133,L,DEC,10 - 6,Casey Cobb,45566,Navy,Codi Russell,51113,Appalachian State
2020,01/01,Southern Scuffle,133,W,DEC,7 - 2,Wade Cummings,44642,Chattanooga,Codi Russell,51113,Appalachian State
2020,12/18,Appalachian State - Little Rock Dual,133,W,DEC,12 - 8,Paul Bianchi,45589,Little Rock,Codi Russell,51113,Appalachian State
2020,12/13,North Carolina State - Appalachian State Dual,133,W,TF5,20 - 3 5:32,Tommy Cox,44623,NC State,Codi Russell,51113,Appalachian State
2020,12/01,Appalachian State - North Carolina Dual,133,W,DEC,9 - 7,Jaime Hernandez,49213,North Carolina,Codi Russell,51113,Appalachian State
2020,11/24,Keystone Classic,133,L,MD,12 - 4,Michael Jaffe,57702,Harvard,Codi Russell,51113,Appalachian State
2020,11/24,Keystone Classic,133,L,DEC,6 - 5,Richie Koehler,51648,Rider,Codi Russell,51113,Appalachian State
2020,11/24,Keystone Classic,133,L,FALL,0:45,Chris Wright,51092,Rider,Codi Russell,51113,Appalachian State
2020,11/24,Keystone Classic,133,W,DEC,9 - 5,Chandler Olson,49119,Drexel,Codi Russell,51113,Appalachian State
2020,11/24,Keystone Classic,133,W,DEC,9 - 8,Anthony Cefolo,40284,Rider,Codi Russell,51113,Appalachian State
2020,11/24,Keystone Classic,133,W,TF5,18 - 3 5:25,Cliff Conway,50304,VMI,Codi Russell,51113,Appalachian State
2020,11/17,Wolfpack Open,133,W,DEC,4 - 1,Cole Rhone,62773,Virginia Tech,Codi Russell,51113,Appalachian State
2020,11/17,Wolfpack Open,133,W,TF5,16 - 0 1:21,Preston Sartain,54987,Truett-McConnell,Codi Russell,51113,Appalachian State
2020,11/17,Wolfpack Open,133,L,DEC,3 - 2,Jarrett Trombley,50807,NC State,Codi Russell,51113,Appalachian State
2020,11/17,Wolfpack Open,133,W,MD,14 - 4,Sam Book,49332,Virginia,Codi Russell,51113,Appalachian State
2020,11/17,Wolfpack Open,133,W,FALL,3:55,Khalid Brinkley,61614,Presbyterian,Codi Russell,51113,Appalachian State
2020,11/09,Mountaineer Invitational,133,W,TF5,18 - 3 4:35,Triston Chapman,62662,Gardner-Webb,Codi Russell,51113,Appalachian State
2020,11/09,Mountaineer Invitational,133,W,FALL,1:07,Harrison Campbell,49125,Duke,Codi Russell,51113,Appalachian State
2020,11/09,Mountaineer Invitational,133,L,DEC,10 - 6,Devan Turner,45397,Oregon State,Codi Russell,51113,Appalachian State
2020,11/09,Mountaineer Invitational,133,W,DEC,9 - 8,Deven Perez,45274,Central Michigan,Codi Russell,51113,Appalachian State
2020,01/25,Appalachian Open,133,W,MD,11 - 0,Tyler Kellison,60765,Appalachian State,De'Andre Swinson,50576,Appalachian State
2020,01/25,Appalachian Open,133,L,DEC,4 - 2,Colton Landers,50949,Chattanooga,De'Andre Swinson,50576,Appalachian State
2020,01/25,Appalachian Open,133,L,DEC,6 - 0,Michael McGee,49264,Old Dominion,De'Andre Swinson,50576,Appalachian State
2020,01/04,Franklin & Marshall Open,133,L,INJ,7:00,Darby Diedrich,62363,Brown,De'Andre Swinson,50576,Appalachian State
2020,01/04,Franklin & Marshall Open,133,W,DEC,4 - 3,Justin Hoyle,54220,Hofstra,De'Andre Swinson,50576,Appalachian State
2020,01/04,Franklin & Marshall Open,133,L,MFOR,0 - 0,Charles Faber,49054,Brown,De'Andre Swinson,50576,Appalachian State
2020,11/24,Keystone Classic,133,L,DEC,5 - 2,Michael Jaffe,57702,Harvard,De'Andre Swinson,50576,Appalachian State
2020,11/24,Keystone Classic,133,L,INJ,7:00,Chris Wright,51092,Rider,De'Andre Swinson,50576,Appalachian State
2020,11/24,Keystone Classic,133,L,MFOR,0 - 0,Chandler Olson,49119,Drexel,De'Andre Swinson,50576,Appalachian State
2020,11/24,Keystone Classic,133,W,SV-1,3 - 1,Anthony Cefolo,40284,Rider,De'Andre Swinson,50576,Appalachian State
2020,11/24,Keystone Classic,133,W,DEC,2 - 0,Cliff Conway,50304,VMI,De'Andre Swinson,50576,Appalachian State
2020,11/17,Wolfpack Open,133,W,FALL,2:21,Malik Harvey,63314,Spartanburg Methodist College,De'Andre Swinson,50576,Appalachian State
2020,11/17,Wolfpack Open,133,L,DEC,9 - 3,Kai Orine,56908,NC State,De'Andre Swinson,50576,Appalachian State
2020,11/17,Wolfpack Open,133,L,DEC,4 - 2,Sam Book,49332,Virginia,De'Andre Swinson,50576,Appalachian State
2020,11/17,Wolfpack Open,133,W,FALL,4:56,Parker Corwin,63037,Presbyterian,De'Andre Swinson,50576,Appalachian State
2020,11/17,Wolfpack Open,133,W,DEC,3 - 2,Orion Anderson,56379,Maryland,De'Andre Swinson,50576,Appalachian State
2020,11/09,Mountaineer Invitational,133,W,DEC,15 - 8,Hunter Olson,63530,Buies Creek RTC,De'Andre Swinson,50576,Appalachian State
2020,11/09,Mountaineer Invitational,133,W,DEC,6 - 1,Joshua Spurlin,62813,Appalachian State,De'Andre Swinson,50576,Appalachian State
2020,11/09,Mountaineer Invitational,133,L,MD,12 - 2,Will Edmiston,62402,Gardner-Webb,De'Andre Swinson,50576,Appalachian State
2020,02/29,National Collegiate Open,133,L,DEC,6 - 2,Kyle Burwick,57385,Wisconsin,Tyler Kellison,60765,Appalachian State
2020,02/29,National Collegiate Open,133,L,DEC,5 - 4,Matt Siszka,51631,Pitt-Johnstown,Tyler Kellison,60765,Appalachian State
2020,02/09,Newberry Open,133,W,FALL,7:00,Kevin Mitchell,63724,St Andrews,Tyler Kellison,60765,Appalachian State
2020,02/09,Newberry Open,133,W,TF5,24 - 9 0:43,Gavin Riccobono,66838,Southeastern University,Tyler Kellison,60765,Appalachian State
2020,02/09,Newberry Open,133,W,FALL,2:30,Michael Land,55943,Newberry,Tyler Kellison,60765,Appalachian State
2020,02/09,Newberry Open,133,L,TF5,17 - 2 7:00,Kai Orine,56908,NC State,Tyler Kellison,60765,Appalachian State
2020,01/25,Appalachian Open,133,L,MD,11 - 0,De'Andre Swinson,50576,Appalachian State,Tyler Kellison,60765,Appalachian State
2020,01/25,Appalachian Open,133,W,MD,16 - 3,Noah Burstein,59677,Davidson,Tyler Kellison,60765,Appalachian State
2020,01/25,Appalachian Open,133,L,MD,17 - 6,Kai Orine,56908,NC State,Tyler Kellison,60765,Appalachian State
2020,11/24,Tornado Open,133,W,FALL,4:05,Dylan Burton,64399,Cumberland,Tyler Kellison,60765,Appalachian State
2020,11/24,Tornado Open,133,W,MFOR,0 - 0,Brent Newcomer,64173,Midway University,Tyler Kellison,60765,Appalachian State
2020,11/24,Tornado Open,133,W,FALL,6:20,Ezekial Marquez,64091,Lander,Tyler Kellison,60765,Appalachian State
2020,11/24,Tornado Open,133,W,MD,15 - 4,Drake Doolittle,62376,Duke,Tyler Kellison,60765,Appalachian State
2020,11/17,Wolfpack Open,133,L,DEC,10 - 3,Joe Heilmann,51223,North Carolina,Tyler Kellison,60765,Appalachian State
2020,11/17,Wolfpack Open,133,L,TF5,19 - 4 7:00,Sam Book,49332,Virginia,Tyler Kellison,60765,Appalachian State
2020,11/17,Wolfpack Open,133,W,FALL,5:52,Jake Rotunda,55953,The Citadel,Tyler Kellison,60765,Appalachian State
2020,11/17,Wolfpack Open,133,W,FALL,4:52,Khalid Brinkley,61614,Presbyterian,Tyler Kellison,60765,Appalachian State
2020,11/17,Wolfpack Open,133,W,DEC,10 - 4,PJ Truntich,63051,Maryland,Tyler Kellison,60765,Appalachian State
2020,11/09,Mountaineer Invitational,133,W,FALL,3:11,Hunter Olson,63530,Buies Creek RTC,Tyler Kellison,60765,Appalachian State
2020,11/09,Mountaineer Invitational,133,W,DEC,13 - 12,Joshua Spurlin,62813,Appalachian State,Tyler Kellison,60765,Appalachian State
2020,11/09,Mountaineer Invitational,133,L,MD,13 - 3,Will Edmiston,62402,Gardner-Webb,Tyler Kellison,60765,Appalachian State
2020,11/03,Southeast Open,133,L,DEC,7 - 4,Austin Almaguer,62503,Campbell,Tyler Kellison,60765,Appalachian State
2020,11/03,Southeast Open,133,L,FALL,6:55,Will Edmiston,62402,Gardner-Webb,Tyler Kellison,60765,Appalachian State
2020,11/03,Southeast Open,133,W,DEC,8 - 5,Noah Burstein,59677,Davidson,Tyler Kellison,60765,Appalachian State
2020,11/03,Southeast Open,133,W,SV-1,5 - 3,Wyatt Lutz,57147,West Virginia,Tyler Kellison,60765,Appalachian State
2020,02/09,Newberry Open,141,L,MFOR,0 - 0,Esteban Remilliard,52324,Cumberland,Joshua Spurlin,62813,Appalachian State
2020,02/09,Newberry Open,141,W,TF5,15 - 0 7:00,Caleb Cavanaugh,66832,Newberry,Joshua Spurlin,62813,Appalachian State
2020,02/09,Newberry Open,141,W,FALL,4:19,Josh Maningding,63322,Lander,Joshua Spurlin,62813,Appalachian State
2020,02/09,Newberry Open,141,L,TF5,16 - 1 7:00,Silas Shaw,62398,NC State,Joshua Spurlin,62813,Appalachian State
2020,02/09,Newberry Open,141,L,MD,10 - 1,Connor Alexander,62464,North Carolina,Joshua Spurlin,62813,Appalachian State
2020,01/25,Appalachian Open,141,L,MD,17 - 3,Alex Urquiza,56828,NC State,Joshua Spurlin,62813,Appalachian State
2020,01/25,Appalachian Open,141,W,DEC,8 - 2,Dylan Dennison,56167,Fairmont State,Joshua Spurlin,62813,Appalachian State
2020,01/25,Appalachian Open,141,L,TF5,20 - 4 4:44,Dom Latona,45115,Virginia Tech,Joshua Spurlin,62813,Appalachian State
2020,11/24,Tornado Open,133,W,FALL,0:57,Andrew Simpson,65192,Bluefield College,Joshua Spurlin,62813,Appalachian State
2020,11/24,Tornado Open,133,W,DEC,6 - 3,James Stoudenmire,64201,Brewton-Parker,Joshua Spurlin,62813,Appalachian State
2020,11/24,Tornado Open,133,L,MD,10 - 0,Brent Newcomer,64173,Midway University,Joshua Spurlin,62813,Appalachian State
2020,11/24,Tornado Open,133,L,DEC,7 - 2,Ivan Arguello,63474,Reinhardt University,Joshua Spurlin,62813,Appalachian State
2020,11/24,Tornado Open,133,W,FALL,3:46,Kelby Gay,58208,Thomas More College,Joshua Spurlin,62813,Appalachian State
2020,11/17,Wolfpack Open,133,L,MD,11 - 1,Jarrett Trombley,50807,NC State,Joshua Spurlin,62813,Appalachian State
2020,11/17,Wolfpack Open,133,W,DEC,6 - 1,Nathan Orosco,61817,The Citadel,Joshua Spurlin,62813,Appalachian State
2020,11/17,Wolfpack Open,133,L,DEC,2 - 0,Parker Corwin,63037,Presbyterian,Joshua Spurlin,62813,Appalachian State
2020,11/09,Mountaineer Invitational,133,L,DEC,13 - 12,Tyler Kellison,60765,Appalachian State,Joshua Spurlin,62813,Appalachian State
2020,11/09,Mountaineer Invitational,133,L,DEC,6 - 1,De'Andre Swinson,50576,Appalachian State,Joshua Spurlin,62813,Appalachian State
2020,11/03,Southeast Open,133,L,DEC,8 - 2,Austin Kolikas,63523,King,Joshua Spurlin,62813,Appalachian State
2020,11/03,Southeast Open,133,L,DEC,8 - 3,Wyatt Lutz,57147,West Virginia,Joshua Spurlin,62813,Appalachian State
2020,03/08,SoCon Championships,141,W,DEC,10 - 3,Noah Roulo,61776,VMI,Bradly Irwin,40555,Appalachian State
2020,03/08,SoCon Championships,141,W,MD,10 - 2,Reid Stewart,60680,Presbyterian,Bradly Irwin,40555,Appalachian State
2020,03/08,SoCon Championships,141,W,DEC,4 - 2,Brandon Bright,51345,Gardner-Webb,Bradly Irwin,40555,Appalachian State
2020,03/08,SoCon Championships,141,L,DEC,9 - 3,Mason Wallace,49086,Chattanooga,Bradly Irwin,40555,Appalachian State
2020,02/23,VMI - Appalachian State Dual,141,W,TF5,17 - 2 7:00,Noah Roulo,61776,VMI,Bradly Irwin,40555,Appalachian State
2020,02/13,Appalachian State - Campbell Dual,141,L,DEC,8 - 5,Josh Heil,45100,Campbell,Bradly Irwin,40555,Appalachian State
2020,02/08,Appalachian State - The Citadel Dual,141,W,MD,13 - 0,Jacob Dado,59673,The Citadel,Bradly Irwin,40555,Appalachian State
2020,02/02,Appalachian State - Chattanooga Dual,141,W,FALL,4:21,Mason Wallace,49086,Chattanooga,Bradly Irwin,40555,Appalachian State
2020,01/25,Appalachian Open,141,L,MFOR,0 - 0,Anthony Brito,49035,Appalachian State,Bradly Irwin,40555,Appalachian State
2020,01/25,Appalachian Open,141,W,TF5,15 - 0 6:04,Jack Latimer,62506,Campbell,Bradly Irwin,40555,Appalachian State
2020,01/25,Appalachian Open,141,W,TF5,18 - 1 6:02,Silas Shaw,62398,NC State,Bradly Irwin,40555,Appalachian State
2020,01/25,Appalachian Open,141,L,MFOR,0 - 0,Aiden Murphy,50950,Chattanooga,Bradly Irwin,40555,Appalachian State
2020,01/16,Lock Haven - Appalachian State Dual,141,L,MD,14 - 0,Kyle Shoop,39682,Lock Haven,Bradly Irwin,40555,Appalachian State
2020,01/12,Davidson - Appalachian State Dual,141,W,DEC,8 - 5,David Loniewski,57701,Davidson,Bradly Irwin,40555,Appalachian State
2020,01/12,Presbyterian - Appalachian State Dual,141,W,TF5,17 - 2 5:52,Reid Stewart,60680,Presbyterian,Bradly Irwin,40555,Appalachian State
2020,01/09,Appalachian State - Gardner-Webb Dual,141,W,DEC,4 - 1,Brandon Bright,51345,Gardner-Webb,Bradly Irwin,40555,Appalachian State
2020,01/01,Southern Scuffle,141,L,DEC,8 - 4,Anthony Sparacio,47621,Binghamton,Bradly Irwin,40555,Appalachian State
2020,01/01,Southern Scuffle,141,L,DEC,7 - 5,Danny Moran,49162,Lehigh,Bradly Irwin,40555,Appalachian State
2020,12/18,Appalachian State - Little Rock Dual,141,W,DEC,7 - 0,Conner Ward,56587,Little Rock,Bradly Irwin,40555,Appalachian State
2020,12/13,North Carolina State - Appalachian State Dual,141,L,DEC,6 - 2,Tariq Wilson,44862,NC State,Bradly Irwin,40555,Appalachian State
2020,12/01,Appalachian State - North Carolina Dual,141,L,MD,14 - 4,Zach Sherman,49216,North Carolina,Bradly Irwin,40555,Appalachian State
2020,11/24,Keystone Classic,141,L,DEC,5 - 2,Doug Zapf,50656,Pennsylvania,Bradly Irwin,40555,Appalachian State
2020,11/24,Keystone Classic,141,W,DEC,4 - 2,Robert Cleary,49924,Rider,Bradly Irwin,40555,Appalachian State
2020,11/24,Keystone Classic,141,L,DEC,9 - 6,Robert Cleary,49924,Rider,Bradly Irwin,40555,Appalachian State
2020,11/24,Keystone Classic,141,W,DEC,7 - 3,Anthony Brito,49035,Appalachian State,Bradly Irwin,40555,Appalachian State
2020,11/24,Keystone Classic,141,W,FALL,3:44,Julian Flores,44791,Drexel,Bradly Irwin,40555,Appalachian State
2020,11/24,Keystone Classic,141,W,DEC,5 - 1,Julian Flores,44791,Drexel,Bradly Irwin,40555,Appalachian State
2020,11/17,Wolfpack Open,141,W,MD,11 - 3,Jarred Papscy,56827,NC State,Bradly Irwin,40555,Appalachian State
2020,11/17,Wolfpack Open,141,W,DEC,7 - 1,Isiah Royal,51307,Newberry,Bradly Irwin,40555,Appalachian State
2020,11/17,Wolfpack Open,141,L,MD,10 - 1,Tariq Wilson,44862,NC State,Bradly Irwin,40555,Appalachian State
2020,11/17,Wolfpack Open,141,W,TF5,16 - 0 3:33,Ethan Willis,62074,The Citadel,Bradly Irwin,40555,Appalachian State
2020,11/17,Wolfpack Open,141,W,FALL,0:26,James Ruona,62700,Maryland,Bradly Irwin,40555,Appalachian State
2020,11/09,Mountaineer Invitational,141,L,DEC,3 - 1,Anthony Brito,49035,Appalachian State,Bradly Irwin,40555,Appalachian State
2020,11/09,Mountaineer Invitational,141,L,FALL,3:43,Caleb Rea,56445,West Virginia,Bradly Irwin,40555,Appalachian State
2020,11/09,Mountaineer Invitational,141,W,DEC,6 - 4,Brandon Bright,51345,Gardner-Webb,Bradly Irwin,40555,Appalachian State
2020,11/09,Mountaineer Invitational,141,W,FALL,0:42,Raphael Rodriguez,51180,Kent State,Bradly Irwin,40555,Appalachian State
2020,11/09,Mountaineer Invitational,141,L,MD,10 - 2,Drew Marten,49077,Central Michigan,Bradly Irwin,40555,Appalachian State
2020,02/29,National Collegiate Open,141,W,DEC,3 - 1,Devon Britton,61762,Rutgers,Anthony Brito,49035,Appalachian State
2020,02/29,National Collegiate Open,141,L,DEC,3 - 2,Asa Garcia,57341,Indiana,Anthony Brito,49035,Appalachian State
2020,02/29,National Collegiate Open,141,W,DEC,4 - 0,Zackery Zeamer,57141,Oklahoma,Anthony Brito,49035,Appalachian State
2020,02/29,National Collegiate Open,141,W,DEC,10 - 4,Alex Urquiza,56828,NC State,Anthony Brito,49035,Appalachian State
2020,01/25,Appalachian Open,141,W,DEC,5 - 2,Alex Urquiza,56828,NC State,Anthony Brito,49035,Appalachian State
2020,01/25,Appalachian Open,141,W,DEC,5 - 2,Mason Wallace,49086,Chattanooga,Anthony Brito,49035,Appalachian State
2020,01/25,Appalachian Open,141,L,TB-2,2 - 1,Dom Latona,45115,Virginia Tech,Anthony Brito,49035,Appalachian State
2020,01/25,Appalachian Open,141,W,MFOR,0 - 0,Bradly Irwin,40555,Appalachian State,Anthony Brito,49035,Appalachian State
2020,01/01,Southern Scuffle,141,W,DEC,3 - 2,Sawyer Degen,50567,North Dakota State,Anthony Brito,49035,Appalachian State
2020,01/01,Southern Scuffle,141,L,DEC,11 - 4,Caleb Rea,56445,West Virginia,Anthony Brito,49035,Appalachian State
2020,01/01,Southern Scuffle,141,L,SV-1,6 - 4,Lenny Petersen,49024,Air Force,Anthony Brito,49035,Appalachian State
2020,11/24,Keystone Classic,141,L,DEC,7 - 3,Bradly Irwin,40555,Appalachian State,Anthony Brito,49035,Appalachian State
2020,11/24,Keystone Classic,141,W,DEC,3 - 2,Tyler Williams,59552,Drexel,Anthony Brito,49035,Appalachian State
2020,11/24,Keystone Classic,141,W,MD,12 - 3,Tucker Ribman,56815,Harvard,Anthony Brito,49035,Appalachian State
2020,11/24,Keystone Classic,141,L,DEC,8 - 3,Brian Courtney,49331,Virginia,Anthony Brito,49035,Appalachian State
2020,11/17,Wolfpack Open,141,W,DEC,2 - 1,Spencer Leonhardt,63524,Campbell,Anthony Brito,49035,Appalachian State
2020,11/17,Wolfpack Open,141,W,FALL,2:41,Loye Burkhead,58930,Spartanburg Methodist College,Anthony Brito,49035,Appalachian State
2020,11/17,Wolfpack Open,141,W,DEC,3 - 1,Alex Urquiza,56828,NC State,Anthony Brito,49035,Appalachian State
2020,11/17,Wolfpack Open,141,W,DEC,4 - 2,Jarred Papscy,56827,NC State,Anthony Brito,49035,Appalachian State
2020,11/17,Wolfpack Open,141,W,DEC,4 - 2,Scott Kiyono,50458,Virginia,Anthony Brito,49035,Appalachian State
2020,11/17,Wolfpack Open,141,L,DEC,3 - 2,Danny Bertoni,49173,Maryland,Anthony Brito,49035,Appalachian State
2020,11/09,Mountaineer Invitational,141,W,DEC,3 - 1,Blake Mulkey,56348,Gardner-Webb,Anthony Brito,49035,Appalachian State
2020,11/09,Mountaineer Invitational,141,W,DEC,4 - 1,Dawson Bates,50914,Appalachian State,Anthony Brito,49035,Appalachian State
2020,11/09,Mountaineer Invitational,141,W,DEC,3 - 1,Bradly Irwin,40555,Appalachian State,Anthony Brito,49035,Appalachian State
2020,11/09,Mountaineer Invitational,141,L,MD,12 - 4,Lenny Petersen,49024,Air Force,Anthony Brito,49035,Appalachian State
2020,11/09,Mountaineer Invitational,141,L,MD,12 - 1,Drew Marten,49077,Central Michigan,Anthony Brito,49035,Appalachian State
2020,02/29,National Collegiate Open,141,W,MFOR,0 - 0,Lukas Richie,63472,PRTC,Dawson Bates,50914,Appalachian State
2020,02/29,National Collegiate Open,141,W,DEC,4 - 2,Alex Urquiza,56828,NC State,Dawson Bates,50914,Appalachian State
2020,02/29,National Collegiate Open,141,L,MFOR,0 - 0,Andrew Gapas,51204,Rutgers,Dawson Bates,50914,Appalachian State
2020,02/29,National Collegiate Open,141,L,MD,9 - 1,Danny Bertoni,49173,Maryland,Dawson Bates,50914,Appalachian State
2020,01/25,Appalachian Open,141,W,MD,16 - 3,Jack Latimer,62506,Campbell,Dawson Bates,50914,Appalachian State
2020,01/25,Appalachian Open,141,W,FALL,3:35,Austin Almaguer,62503,Campbell,Dawson Bates,50914,Appalachian State
2020,01/25,Appalachian Open,141,L,DEC,3 - 1,Aiden Murphy,50950,Chattanooga,Dawson Bates,50914,Appalachian State
2020,01/25,Appalachian Open,141,L,DEC,7 - 0,Mason Wallace,49086,Chattanooga,Dawson Bates,50914,Appalachian State
2020,01/04,Franklin & Marshall Open,141,W,DEC,5 - 0,Nick Coy,57075,Virginia,Dawson Bates,50914,Appalachian State
2020,01/04,Franklin & Marshall Open,141,L,DEC,3 - 1,Doug Zapf,50656,Pennsylvania,Dawson Bates,50914,Appalachian State
2020,01/04,Franklin & Marshall Open,141,W,DEC,4 - 0,Quinn Devaney,49175,Maryland,Dawson Bates,50914,Appalachian State
2020,01/04,Franklin & Marshall Open,141,L,DEC,3 - 2,Danny Bertoni,49173,Maryland,Dawson Bates,50914,Appalachian State
2020,01/04,Franklin & Marshall Open,141,W,DEC,7 - 2,Bobby Groves,56816,Harvard,Dawson Bates,50914,Appalachian State
2020,01/04,Franklin & Marshall Open,141,W,DEC,3 - 2,Andrew Gapas,51204,Rutgers,Dawson Bates,50914,Appalachian State
2020,11/24,Keystone Classic,141,W,DEC,6 - 2,Bobby Groves,56816,Harvard,Dawson Bates,50914,Appalachian State
2020,11/24,Keystone Classic,141,L,TB-2,4 - 2,Wil Gil,51024,Franklin & Marshall,Dawson Bates,50914,Appalachian State
2020,11/24,Keystone Classic,141,L,DEC,5 - 2,Wil Gil,51024,Franklin & Marshall,Dawson Bates,50914,Appalachian State
2020,11/24,Keystone Classic,141,W,MFOR,0 - 0,Brian Courtney,49331,Virginia,Dawson Bates,50914,Appalachian State
2020,11/24,Keystone Classic,141,W,DEC,8 - 2,Lukus Stricker,49139,Harvard,Dawson Bates,50914,Appalachian State
2020,11/24,Keystone Classic,141,W,SV-1,3 - 1,Julian Flores,44791,Drexel,Dawson Bates,50914,Appalachian State
2020,11/24,Keystone Classic,141,W,FALL,6:23,Gerard Daly,40044,Sacred Heart,Dawson Bates,50914,Appalachian State
2020,11/17,Wolfpack Open,141,L,SV-1,4 - 2,Spencer Leonhardt,63524,Campbell,Dawson Bates,50914,Appalachian State
2020,11/17,Wolfpack Open,141,W,FALL,4:19,Beau Curtis,61867,Virginia Tech,Dawson Bates,50914,Appalachian State
2020,11/17,Wolfpack Open,141,W,DEC,5 - 4,Devinaire Hayes,52200,Queens,Dawson Bates,50914,Appalachian State
2020,11/17,Wolfpack Open,141,L,DEC,5 - 2,Yarhoski Aldiva,51885,Old Dominion,Dawson Bates,50914,Appalachian State
2020,11/09,Mountaineer Invitational,141,L,DEC,4 - 1,Anthony Brito,49035,Appalachian State,Dawson Bates,50914,Appalachian State
2020,11/09,Mountaineer Invitational,141,L,DEC,3 - 1,Caleb Rea,56445,West Virginia,Dawson Bates,50914,Appalachian State
2020,11/09,Mountaineer Invitational,141,W,DEC,7 - 0,Connor Noonan,45400,Oregon State,Dawson Bates,50914,Appalachian State
2020,11/03,Southeast Open,141,W,SV-1,3 - 1,Spencer Leonhardt,63524,Campbell,Dawson Bates,50914,Appalachian State
2020,11/03,Southeast Open,141,W,DEC,3 - 2,Connor Alexander,62464,North Carolina,Dawson Bates,50914,Appalachian State
2020,11/03,Southeast Open,141,W,MD,10 - 2,Beau Curtis,61867,Virginia Tech,Dawson Bates,50914,Appalachian State
2020,11/03,Southeast Open,141,L,DEC,3 - 2,Nick Coy,57075,Virginia,Dawson Bates,50914,Appalachian State
2020,01/25,Appalachian Open,141,W,FALL,0:26,Dylan Dennison,56167,Fairmont State,Blake Baker,62806,Appalachian State
2020,01/25,Appalachian Open,141,L,FALL,2:19,Mason Wallace,49086,Chattanooga,Blake Baker,62806,Appalachian State
2020,01/25,Appalachian Open,141,L,DEC,14 - 7,Dom Latona,45115,Virginia Tech,Blake Baker,62806,Appalachian State
2020,11/24,Tornado Open,141,L,MD,8 - 0,Jacob D'Ambrosia,61618,Newberry,Blake Baker,62806,Appalachian State
2020,11/17,Wolfpack Open,141,L,TF5,15 - 0 3:51,Gabriel Tagg,56720,North Carolina,Blake Baker,62806,Appalachian State
2020,11/17,Wolfpack Open,141,L,MD,14 - 1,John Devine,50851,NC State,Blake Baker,62806,Appalachian State
2020,11/09,Mountaineer Invitational,141,L,DEC,7 - 4,Bryson Neace,63133,Duke,Blake Baker,62806,Appalachian State
2020,11/09,Mountaineer Invitational,141,L,MD,12 - 0,Nick Coy,57075,Virginia,Blake Baker,62806,Appalachian State
2020,11/03,Southeast Open,141,L,MD,14 - 6,Christopher Sanchez,62507,Campbell,Blake Baker,62806,Appalachian State
2020,11/03,Southeast Open,141,L,FALL,2:45,Caleb Rea,56445,West Virginia,Blake Baker,62806,Appalachian State
2020,03/08,SoCon Championships,149,W,MD,13 - 3,Anthony Schiess,57173,Gardner-Webb,John Millner,50212,Appalachian State
2020,03/08,SoCon Championships,149,W,MD,9 - 1,Jobe Chishko,56805,VMI,John Millner,50212,Appalachian State
2020,03/08,SoCon Championships,149,W,DEC,6 - 2,Tanner Smith,49129,Chattanooga,John Millner,50212,Appalachian State
2020,02/23,VMI - Appalachian State Dual,149,W,TF5,16 - 0 5:20,Seth Fillers,57321,VMI,John Millner,50212,Appalachian State
2020,02/13,Appalachian State - Campbell Dual,149,W,DEC,9 - 2,Jason Kraisser,57287,Campbell,John Millner,50212,Appalachian State
2020,02/08,Appalachian State - The Citadel Dual,149,W,MD,9 - 1,Selwyn Porter,57380,The Citadel,John Millner,50212,Appalachian State
2020,02/02,Appalachian State - Chattanooga Dual,149,W,DEC,6 - 3,Tanner Smith,49129,Chattanooga,John Millner,50212,Appalachian State
2020,01/23,Duke - Appalachian State Dual,149,W,TF5,21 - 6 7:00,Wade Unger,63134,Duke,John Millner,50212,Appalachian State
2020,01/16,Lock Haven - Appalachian State Dual,149,W,FALL,4:10,Brock Port,49168,Lock Haven,John Millner,50212,Appalachian State
2020,01/12,Davidson - Appalachian State Dual,149,W,TF5,16 - 1 5:05,Will Baldwin,50967,Davidson,John Millner,50212,Appalachian State
2020,01/12,Presbyterian - Appalachian State Dual,149,W,FALL,5:19,Bryton Goering,61211,Presbyterian,John Millner,50212,Appalachian State
2020,01/01,Southern Scuffle,149,L,DEC,9 - 5,Andrew Alirez,56723,Northern Colorado,John Millner,50212,Appalachian State
2020,01/01,Southern Scuffle,149,W,MD,10 - 2,Matt Fields,51613,NC State,John Millner,50212,Appalachian State
2020,01/01,Southern Scuffle,149,W,DEC,6 - 2,Tanner Smith,49129,Chattanooga,John Millner,50212,Appalachian State
2020,01/01,Southern Scuffle,149,W,DEC,4 - 3,Requir van der Merwe,45389,Stanford,John Millner,50212,Appalachian State
2020,01/01,Southern Scuffle,149,W,MD,11 - 1,Justin Yorkdale,45347,George Mason,John Millner,50212,Appalachian State
2020,01/01,Southern Scuffle,149,L,FALL,4:26,Colston DiBlasi,39718,George Mason,John Millner,50212,Appalachian State
2020,01/01,Southern Scuffle,149,W,DEC,7 - 2,Thomas Lisher,52421,Little Rock,John Millner,50212,Appalachian State
2020,12/18,Appalachian State - Little Rock Dual,149,L,FALL,1:47,Tyler Brennan,62844,Little Rock,John Millner,50212,Appalachian State
2020,12/13,North Carolina State - Appalachian State Dual,149,W,DEC,5 - 0,AJ Leitten,49221,NC State,John Millner,50212,Appalachian State
2020,12/01,Appalachian State - North Carolina Dual,149,W,MD,17 - 5,Michael Goldfeder,57128,North Carolina,John Millner,50212,Appalachian State
2020,11/24,Keystone Classic,149,W,MD,10 - 1,Grant Aronoff,50891,Pennsylvania,John Millner,50212,Appalachian State
2020,11/24,Keystone Classic,149,L,DEC,8 - 3,Denton Spencer,49134,Virginia,John Millner,50212,Appalachian State
2020,11/24,Keystone Classic,149,W,DEC,4 - 0,Travis Layton,49041,Rider,John Millner,50212,Appalachian State
2020,11/24,Keystone Classic,149,W,MD,10 - 0,Vincent Foggia,45252,Drexel,John Millner,50212,Appalachian State
2020,11/17,Wolfpack Open,149,W,MD,12 - 1,Drew Dickson,62581,George Mason,John Millner,50212,Appalachian State
2020,11/17,Wolfpack Open,149,W,DEC,8 - 4,Jason Kraisser,57287,Campbell,John Millner,50212,Appalachian State
2020,11/17,Wolfpack Open,149,W,MD,16 - 8,Bryce Andonian,56739,Virginia Tech,John Millner,50212,Appalachian State
2020,11/17,Wolfpack Open,149,W,DEC,4 - 2,Matthew Grippi,50662,NC State,John Millner,50212,Appalachian State
2020,11/17,Wolfpack Open,149,W,DEC,6 - 2,AJ Leitten,49221,NC State,John Millner,50212,Appalachian State
2020,11/09,Mountaineer Invitational,149,W,DEC,15 - 11,Wade Unger,63134,Duke,John Millner,50212,Appalachian State
2020,11/09,Mountaineer Invitational,149,W,DEC,13 - 11,Lane Stigall,49196,Oregon State,John Millner,50212,Appalachian State
2020,11/09,Mountaineer Invitational,149,W,DEC,6 - 3,Parker Simington,44708,Air Force,John Millner,50212,Appalachian State
2020,11/09,Mountaineer Invitational,149,W,DEC,6 - 3,Corbyn Munson,51197,Central Michigan,John Millner,50212,Appalachian State
2020,02/29,National Collegiate Open,149,L,DEC,9 - 5,Terrell Barraclough,62900,Penn State,Cody Bond,50267,Appalachian State
2020,02/29,National Collegiate Open,149,W,TF5,16 - 0 4:49,Marcus Loving,62467,North Carolina,Cody Bond,50267,Appalachian State
2020,02/29,National Collegiate Open,149,W,MD,11 - 2,Tanner Craig,59533,United States Military Academy,Cody Bond,50267,Appalachian State
2020,02/29,National Collegiate Open,149,L,DEC,6 - 4,Danny Fongaro,51713,NYC RTC,Cody Bond,50267,Appalachian State
2020,02/09,Newberry Open,149,W,FALL,3:00,Hunter Warrington,66784,Keiser,Cody Bond,50267,Appalachian State
2020,02/09,Newberry Open,149,W,DEC,10 - 5,Colton Stone,66783,Unattached,Cody Bond,50267,Appalachian State
2020,02/09,Newberry Open,149,W,DEC,6 - 4,Jalen Soto,66782,Southeastern University,Cody Bond,50267,Appalachian State
2020,02/09,Newberry Open,149,L,DEC,8 - 6,Maxwell Kauffman,64196,Southeastern University,Cody Bond,50267,Appalachian State
2020,01/25,Appalachian Open,149,W,TF5,17 - 2 6:15,Marcus Loving,62467,North Carolina,Cody Bond,50267,Appalachian State
2020,01/25,Appalachian Open,149,L,DEC,10 - 8,Caden Darber,50898,Virginia Tech,Cody Bond,50267,Appalachian State
2020,01/25,Appalachian Open,149,W,DEC,6 - 0,Devan Hamrick,47470,Fairmont State,Cody Bond,50267,Appalachian State
2020,01/25,Appalachian Open,149,L,DEC,10 - 7,Michael Murphy,45236,Virginia,Cody Bond,50267,Appalachian State
2020,11/24,Tornado Open,149,W,TF5,16 - 0 3:30,Anitie Akpan,65187,Cumberland,Cody Bond,50267,Appalachian State
2020,11/24,Tornado Open,149,W,FALL,3:54,Brent Hudgins,64822,Midway University,Cody Bond,50267,Appalachian State
2020,11/24,Tornado Open,149,W,DEC,9 - 8,Chandler Smalley,63126,Lander,Cody Bond,50267,Appalachian State
2020,11/24,Tornado Open,149,W,MD,11 - 2,Isaac Byers,62807,Appalachian State,Cody Bond,50267,Appalachian State
2020,11/24,Tornado Open,149,L,FALL,4:14,Isiah Royal,51307,Newberry,Cody Bond,50267,Appalachian State
2020,11/17,Wolfpack Open,149,L,DEC,7 - 6,Grant Lundy,59756,Chattanooga,Cody Bond,50267,Appalachian State
2020,11/17,Wolfpack Open,149,W,FALL,3:59,Phil Ruiz,51389,Limestone,Cody Bond,50267,Appalachian State
2020,11/17,Wolfpack Open,149,L,MD,14 - 0,AJ Leitten,49221,NC State,Cody Bond,50267,Appalachian State
2020,11/09,Mountaineer Invitational,149,W,DEC,4 - 0,Grant Lundy,59756,Chattanooga,Cody Bond,50267,Appalachian State
2020,11/09,Mountaineer Invitational,149,L,DEC,12 - 6,Josh Finesilver,46112,Duke,Cody Bond,50267,Appalachian State
2020,02/09,Newberry Open,149,L,MFOR,0 - 0,Noah Walker,49808,St Andrews,Isaac Byers,62807,Appalachian State
2020,02/09,Newberry Open,149,L,MD,10 - 1,Jalen Soto,66782,Southeastern University,Isaac Byers,62807,Appalachian State
2020,02/09,Newberry Open,149,W,TB-1,5 - 4,Tracy Davis,66771,Unattached,Isaac Byers,62807,Appalachian State
2020,02/09,Newberry Open,149,W,DEC,10 - 5,Connor Smith,57823,Emmanuel,Isaac Byers,62807,Appalachian State
2020,02/09,Newberry Open,149,W,DEC,3 - 1,Justin Trinh,55186,Unattached,Isaac Byers,62807,Appalachian State
2020,02/09,Newberry Open,149,L,TB-1,3 - 1,Noah Walker,49808,St Andrews,Isaac Byers,62807,Appalachian State
2020,01/25,Appalachian Open,149,L,MD,15 - 4,Joseph Caprella,60287,Old Dominion,Isaac Byers,62807,Appalachian State
2020,01/25,Appalachian Open,149,W,DEC,5 - 2,Sebastian Collazo,57377,The Citadel,Isaac Byers,62807,Appalachian State
2020,01/25,Appalachian Open,149,L,MD,10 - 0,Jake Hart,55793,Virginia Tech,Isaac Byers,62807,Appalachian State
2020,11/24,Tornado Open,149,L,MD,11 - 2,Cody Bond,50267,Appalachian State,Isaac Byers,62807,Appalachian State
2020,11/24,Tornado Open,149,L,DEC,7 - 4,Brent Hudgins,64822,Midway University,Isaac Byers,62807,Appalachian State
2020,11/24,Tornado Open,149,W,DEC,8 - 3,Chase Standridge,64200,Brewton-Parker,Isaac Byers,62807,Appalachian State
2020,11/24,Tornado Open,149,W,FALL,5:59,Devin Dicarlo,51378,Limestone,Isaac Byers,62807,Appalachian State
2020,11/17,Wolfpack Open,149,L,MD,13 - 1,Devan Moore,63324,Newberry,Isaac Byers,62807,Appalachian State
2020,11/17,Wolfpack Open,149,L,DEC,6 - 2,Bryton Goering,61211,Presbyterian,Isaac Byers,62807,Appalachian State
2020,11/09,Mountaineer Invitational,149,L,DEC,7 - 1,Grant Lundy,59756,Chattanooga,Isaac Byers,62807,Appalachian State
2020,11/09,Mountaineer Invitational,149,W,DEC,4 - 2,Anthony Schiess,57173,Gardner-Webb,Isaac Byers,62807,Appalachian State
2020,11/09,Mountaineer Invitational,149,L,TF5,18 - 3 3:25,Josh Finesilver,46112,Duke,Isaac Byers,62807,Appalachian State
2020,11/03,Southeast Open,149,L,DEC,2 - 0,Liam Lusher,61516,West Virginia,Isaac Byers,62807,Appalachian State
2020,11/03,Southeast Open,149,L,FALL,4:37,Jobe Chishko,56805,VMI,Isaac Byers,62807,Appalachian State
2020,03/08,SoCon Championships,157,W,DEC,12 - 5,Matthew Dallara,51712,Campbell,Matthew Zovistoski,40049,Appalachian State
2020,03/08,SoCon Championships,157,W,MD,10 - 0,Douglas Gudenburr,45587,The Citadel,Matthew Zovistoski,40049,Appalachian State
2020,02/23,VMI - Appalachian State Dual,157,W,MD,15 - 3,William Lawrence,49340,VMI,Matthew Zovistoski,40049,Appalachian State
2020,02/13,Appalachian State - Campbell Dual,157,W,MD,16 - 6,Matthew Dallara,51712,Campbell,Matthew Zovistoski,40049,Appalachian State
2020,02/08,Appalachian State - The Citadel Dual,157,W,MD,9 - 0,Douglas Gudenburr,45587,The Citadel,Matthew Zovistoski,40049,Appalachian State
2020,02/02,Appalachian State - Chattanooga Dual,157,W,DEC,8 - 4,Tyler Shilson,49352,Chattanooga,Matthew Zovistoski,40049,Appalachian State
2020,01/23,Duke - Appalachian State Dual,157,W,DEC,8 - 3,Eric Carter,51085,Duke,Matthew Zovistoski,40049,Appalachian State
2020,01/16,Lock Haven - Appalachian State Dual,157,W,TF5,21 - 6 6:40,Collin Glorioso,44819,Lock Haven,Matthew Zovistoski,40049,Appalachian State
2020,01/12,Davidson - Appalachian State Dual,157,W,FALL,6:07,Hunter Costa,45247,Davidson,Matthew Zovistoski,40049,Appalachian State
2020,01/12,Presbyterian - Appalachian State Dual,157,W,DEC,5 - 3,Zachary Phillips,65871,Presbyterian,Matthew Zovistoski,40049,Appalachian State
2020,01/09,Appalachian State - Gardner-Webb Dual,157,W,FALL,4:05,Taylor Parks,51306,Gardner-Webb,Matthew Zovistoski,40049,Appalachian State
2020,01/01,Southern Scuffle,157,W,DEC,6 - 3,Kolby Ho,55945,George Mason,Matthew Zovistoski,40049,Appalachian State
2020,01/01,Southern Scuffle,157,W,DEC,4 - 1,Jared Franek,50639,North Dakota State,Matthew Zovistoski,40049,Appalachian State
2020,01/01,Southern Scuffle,157,W,DEC,7 - 6,Luke Weber,45050,North Dakota State,Matthew Zovistoski,40049,Appalachian State
2020,01/01,Southern Scuffle,157,L,DEC,5 - 4,Luke Weber,45050,North Dakota State,Matthew Zovistoski,40049,Appalachian State
2020,01/01,Southern Scuffle,157,L,DEC,3 - 1,Wyatt Sheets,44863,Oklahoma State,Matthew Zovistoski,40049,Appalachian State
2020,01/01,Southern Scuffle,157,W,DEC,2 - 0,Nico Odor,45039,Cleveland State,Matthew Zovistoski,40049,Appalachian State
2020,01/01,Southern Scuffle,157,W,DEC,3 - 1,Trey Brisker,57545,Air Force,Matthew Zovistoski,40049,Appalachian State
2020,01/01,Southern Scuffle,157,W,DEC,8 - 4,Jose Champagne,45138,Little Rock,Matthew Zovistoski,40049,Appalachian State
2020,01/01,Southern Scuffle,157,W,DEC,6 - 3,Taylor Parks,51306,Gardner-Webb,Matthew Zovistoski,40049,Appalachian State
2020,12/18,Appalachian State - Little Rock Dual,157,W,DEC,4 - 3,Jose Champagne,45138,Little Rock,Matthew Zovistoski,40049,Appalachian State
2020,12/13,North Carolina State - Appalachian State Dual,157,L,MD,16 - 3,Hayden Hidlay,44595,NC State,Matthew Zovistoski,40049,Appalachian State
2020,12/01,Appalachian State - North Carolina Dual,157,L,DEC,3 - 2,AC Headlee,39627,North Carolina,Matthew Zovistoski,40049,Appalachian State
2020,11/24,Keystone Classic,157,W,DEC,3 - 2,Anthony Artalona,51039,Pennsylvania,Matthew Zovistoski,40049,Appalachian State
2020,11/24,Keystone Classic,157,W,DEC,10 - 6,Carl Antrassian,45263,Pennsylvania,Matthew Zovistoski,40049,Appalachian State
2020,11/24,Keystone Classic,157,W,DEC,10 - 3,Parker Kropman,45187,Drexel,Matthew Zovistoski,40049,Appalachian State
2020,11/24,Keystone Classic,157,L,TB-2,6 - 3,Jesse Dellavecchia,39574,Rider,Matthew Zovistoski,40049,Appalachian State
2020,11/17,Wolfpack Open,157,W,MD,19 - 8,Alec English,62582,George Mason,Matthew Zovistoski,40049,Appalachian State
2020,11/17,Wolfpack Open,157,W,MD,14 - 2,Weston Wichman,58537,Chattanooga,Matthew Zovistoski,40049,Appalachian State
2020,11/17,Wolfpack Open,157,W,SV-1,6 - 4,Connor Brady,56741,Virginia Tech,Matthew Zovistoski,40049,Appalachian State
2020,11/17,Wolfpack Open,157,W,FALL,2:31,Austin Reames,51298,Gardner-Webb,Matthew Zovistoski,40049,Appalachian State
2020,11/17,Wolfpack Open,157,L,DEC,3 - 2,Hayden Hidlay,44595,NC State,Matthew Zovistoski,40049,Appalachian State
2020,11/09,Mountaineer Invitational,157,W,MD,17 - 3,Taylor Parks,51306,Gardner-Webb,Matthew Zovistoski,40049,Appalachian State
2020,11/09,Mountaineer Invitational,157,W,DEC,6 - 0,Brady Chrisman,51190,Kent State,Matthew Zovistoski,40049,Appalachian State
2020,11/09,Mountaineer Invitational,157,L,DEC,3 - 2,Logan Parks,40153,Central Michigan,Matthew Zovistoski,40049,Appalachian State
2020,02/09,Newberry Open,165,L,TB-1,2 - 1,Carl Guess,66777,Keiser,Kameron Miller,62811,Appalachian State
2020,02/09,Newberry Open,165,W,DEC,5 - 2,Hunter Haven,64138,Limestone,Kameron Miller,62811,Appalachian State
2020,02/09,Newberry Open,165,W,DEC,3 - 0,Gaven Krazer,62400,NC State,Kameron Miller,62811,Appalachian State
2020,02/09,Newberry Open,165,W,DEC,7 - 2,Lucas Langford,58898,UNC Pembroke,Kameron Miller,62811,Appalachian State
2020,02/09,Newberry Open,165,L,DEC,3 - 0,William MacDonald,44798,North Carolina,Kameron Miller,62811,Appalachian State
2020,01/25,Appalachian Open,165,W,DEC,5 - 1,Gaven Krazer,62400,NC State,Kameron Miller,62811,Appalachian State
2020,01/25,Appalachian Open,165,W,DEC,3 - 1,Cole Burke,57379,The Citadel,Kameron Miller,62811,Appalachian State
2020,01/25,Appalachian Open,165,L,MD,9 - 0,Cole Smith,50659,Old Dominion,Kameron Miller,62811,Appalachian State
2020,01/25,Appalachian Open,165,L,MD,16 - 3,Sawyer Davidson,45233,North Carolina,Kameron Miller,62811,Appalachian State
2020,11/24,Tornado Open,157,L,DEC,10 - 3,Wilder Wichman,52656,Thomas More College,Kameron Miller,62811,Appalachian State
2020,11/24,Tornado Open,157,L,SV-1,8 - 6,Kaz Maia,65191,Unattached,Kameron Miller,62811,Appalachian State
2020,11/24,Tornado Open,157,W,FALL,1:40,Dymond Smith,59523,Midway University,Kameron Miller,62811,Appalachian State
2020,11/24,Tornado Open,157,W,DEC,3 - 2,Tyler Williams,46068,King,Kameron Miller,62811,Appalachian State
2020,11/17,Wolfpack Open,157,L,FALL,4:36,Dan Mancini,58612,Virginia Tech,Kameron Miller,62811,Appalachian State
2020,11/17,Wolfpack Open,157,W,DEC,10 - 4,Christopher Cohens,57422,Queens,Kameron Miller,62811,Appalachian State
2020,11/17,Wolfpack Open,157,L,DEC,3 - 2,Garrett Fisk,63139,Maryland,Kameron Miller,62811,Appalachian State
2020,11/09,Mountaineer Invitational,157,L,MD,14 - 3,Patrick Evans,60441,Virginia,Kameron Miller,62811,Appalachian State
2020,11/09,Mountaineer Invitational,157,L,FALL,4:08,Weston Wichman,58537,Chattanooga,Kameron Miller,62811,Appalachian State
2020,11/03,Southeast Open,157,W,FALL,2:04,Tyler Krause,62921,VMI,Kameron Miller,62811,Appalachian State
2020,11/03,Southeast Open,157,L,MD,12 - 3,Anthony Steinmeyer,62201,Virginia,Kameron Miller,62811,Appalachian State
2020,11/03,Southeast Open,157,L,DEC,6 - 2,Dan Mancini,58612,Virginia Tech,Kameron Miller,62811,Appalachian State
2020,11/24,Tornado Open,157,L,DEC,8 - 6,Wilder Wichman,52656,Thomas More College,Garrett Starks,62814,Appalachian State
2020,11/24,Tornado Open,157,W,MFOR,0 - 0,Kaz Maia,65191,Unattached,Garrett Starks,62814,Appalachian State
2020,11/24,Tornado Open,157,L,DEC,9 - 6,Creed Lumpp,64553,Bluefield College,Garrett Starks,62814,Appalachian State
2020,11/24,Tornado Open,157,W,FALL,2:20,Ted Gjerde,64165,Brewton-Parker,Garrett Starks,62814,Appalachian State
2020,11/24,Tornado Open,157,W,FALL,4:35,Damien Calderon,64155,Thomas More College,Garrett Starks,62814,Appalachian State
2020,11/24,Tornado Open,157,W,FALL,2:01,Dymond Smith,59523,Midway University,Garrett Starks,62814,Appalachian State
2020,11/17,Wolfpack Open,157,W,DEC,5 - 4,Julio Alegria,63522,Unattached,Garrett Starks,62814,Appalachian State
2020,11/17,Wolfpack Open,157,L,FALL,5:32,Jacob Conrad,62406,Gardner-Webb,Garrett Starks,62814,Appalachian State
2020,11/17,Wolfpack Open,157,L,FALL,2:30,Douglas Gudenburr,45587,The Citadel,Garrett Starks,62814,Appalachian State
2020,11/03,Southeast Open,157,W,FALL,4:44,Julio Alegria,63522,Unattached,Garrett Starks,62814,Appalachian State
2020,11/03,Southeast Open,157,L,MD,12 - 2,Alec English,62582,George Mason,Garrett Starks,62814,Appalachian State
2020,11/03,Southeast Open,157,L,FALL,2:14,Justin Crawford,58145,Notre Dame,Garrett Starks,62814,Appalachian State
2020,02/09,Newberry Open,165,W,FALL,1:40,Charles Galluscio,66776,University of Florida,Giuseppi Inserra,62810,Appalachian State
2020,02/09,Newberry Open,165,W,MD,15 - 6,Jayson Spencer,63376,Huntingdon,Giuseppi Inserra,62810,Appalachian State
2020,02/09,Newberry Open,165,L,DEC,9 - 3,Gaven Krazer,62400,NC State,Giuseppi Inserra,62810,Appalachian State
2020,02/09,Newberry Open,165,L,FALL,3:25,Sawyer Davidson,45233,North Carolina,Giuseppi Inserra,62810,Appalachian State
2020,01/25,Appalachian Open,165,L,DEC,3 - 2,Brett Mordecai,61869,Appalachian State,Giuseppi Inserra,62810,Appalachian State
2020,01/25,Appalachian Open,165,L,DEC,12 - 8,Gaven Krazer,62400,NC State,Giuseppi Inserra,62810,Appalachian State
2020,11/24,Tornado Open,157,L,FALL,4:01,Wilder Wichman,52656,Thomas More College,Giuseppi Inserra,62810,Appalachian State
2020,11/24,Tornado Open,157,L,MD,10 - 2,Kaz Maia,65191,Unattached,Giuseppi Inserra,62810,Appalachian State
2020,11/24,Tornado Open,157,W,DEC,13 - 9,Abe Hafez,64166,Midway University,Giuseppi Inserra,62810,Appalachian State
2020,11/24,Tornado Open,157,W,MFOR,0 - 0,Ted Gjerde,64165,Brewton-Parker,Giuseppi Inserra,62810,Appalachian State
2020,11/24,Tornado Open,157,W,FALL,1:24,Will Evans,62232,Newberry,Giuseppi Inserra,62810,Appalachian State
2020,11/24,Tornado Open,157,W,TF5,18 - 2 7:00,Tyler Williams,46068,King,Giuseppi Inserra,62810,Appalachian State
2020,11/09,Mountaineer Invitational,157,L,DEC,3 - 2,Jacob Conrad,62406,Gardner-Webb,Giuseppi Inserra,62810,Appalachian State
2020,11/09,Mountaineer Invitational,157,L,DEC,8 - 2,Patrick Evans,60441,Virginia,Giuseppi Inserra,62810,Appalachian State
2020,11/03,Southeast Open,157,W,DEC,3 - 1,Anthony Robinson,62583,George Mason,Giuseppi Inserra,62810,Appalachian State
2020,11/03,Southeast Open,157,L,FALL,2:31,Dan Mancini,58612,Virginia Tech,Giuseppi Inserra,62810,Appalachian State
2020,11/03,Southeast Open,157,L,TF5,15 - 0 5:15,Alex Hornfeck,56494,West Virginia,Giuseppi Inserra,62810,Appalachian State
2020,03/08,SoCon Championships,165,W,DEC,3 - 2,Rodrick Mosley,50889,Gardner-Webb,William Formato,57034,Appalachian State
2020,03/08,SoCon Championships,165,W,TF5,15 - 0 5:57,Noah Satterfield,44861,Davidson,William Formato,57034,Appalachian State
2020,03/08,SoCon Championships,165,L,MD,12 - 4,Quentin Perez,40421,Campbell,William Formato,57034,Appalachian State
2020,02/23,VMI - Appalachian State Dual,165,W,DEC,5 - 0,Jon Hoover,57525,VMI,William Formato,57034,Appalachian State
2020,02/13,Appalachian State - Campbell Dual,165,L,DEC,4 - 1,Quentin Perez,40421,Campbell,William Formato,57034,Appalachian State
2020,02/08,Appalachian State - The Citadel Dual,165,W,TB-1,9 - 6,Dazjon Casto,57183,The Citadel,William Formato,57034,Appalachian State
2020,02/02,Appalachian State - Chattanooga Dual,165,W,DEC,2 - 1,Drew Nicholson,49091,Chattanooga,William Formato,57034,Appalachian State
2020,01/25,Appalachian Open,165,W,MD,14 - 0,Cole Burke,57379,The Citadel,William Formato,57034,Appalachian State
2020,01/25,Appalachian Open,165,W,DEC,6 - 4,Cole Smith,50659,Old Dominion,William Formato,57034,Appalachian State
2020,01/25,Appalachian Open,165,L,DEC,4 - 2,Evan Barczak,49122,Drexel,William Formato,57034,Appalachian State
2020,01/25,Appalachian Open,165,W,DEC,5 - 2,Drew Nicholson,49091,Chattanooga,William Formato,57034,Appalachian State
2020,01/25,Appalachian Open,165,W,DEC,4 - 0,William MacDonald,44798,North Carolina,William Formato,57034,Appalachian State
2020,01/23,Duke - Appalachian State Dual,165,W,DEC,7 - 0,Wyatt Pfau,63135,Duke,William Formato,57034,Appalachian State
2020,01/16,Lock Haven - Appalachian State Dual,165,W,DEC,4 - 0,Austin Bell,44596,Lock Haven,William Formato,57034,Appalachian State
2020,01/12,Davidson - Appalachian State Dual,165,L,DEC,4 - 3,Noah Satterfield,44861,Davidson,William Formato,57034,Appalachian State
2020,01/09,Appalachian State - Gardner-Webb Dual,165,L,DEC,9 - 4,Rodrick Mosley,50889,Gardner-Webb,William Formato,57034,Appalachian State
2020,01/01,Southern Scuffle,165,W,DEC,10 - 6,Jackson Turley,57636,Rutgers,William Formato,57034,Appalachian State
2020,01/01,Southern Scuffle,165,L,DEC,5 - 2,Andrew Shomers,39642,Oklahoma State,William Formato,57034,Appalachian State
2020,01/01,Southern Scuffle,165,L,DEC,6 - 3,Chase Straw,39610,Iowa State,William Formato,57034,Appalachian State
2020,01/01,Southern Scuffle,165,W,SV-1,2 - 1,Nick Kiussis,49345,West Virginia,William Formato,57034,Appalachian State
2020,12/18,Appalachian State - Little Rock Dual,165,W,MD,12 - 2,Will Edgar,60624,Little Rock,William Formato,57034,Appalachian State
2020,12/13,North Carolina State - Appalachian State Dual,165,L,DEC,6 - 2,Thomas Bullard,44611,NC State,William Formato,57034,Appalachian State
2020,12/01,Appalachian State - North Carolina Dual,165,L,DEC,6 - 2,Kennedy Monday,45025,North Carolina,William Formato,57034,Appalachian State
2020,11/24,Keystone Classic,165,W,FALL,5:00,John Crawford,62873,Franklin & Marshall,William Formato,57034,Appalachian State
2020,11/24,Keystone Classic,165,W,DEC,10 - 5,Michael Kistler,56735,Pennsylvania,William Formato,57034,Appalachian State
2020,11/24,Keystone Classic,165,L,DEC,9 - 4,Phillip Conigliaro,51201,Harvard,William Formato,57034,Appalachian State
2020,11/24,Keystone Classic,165,L,MFOR,0 - 0,Jacob Lizak,44795,Pennsylvania,William Formato,57034,Appalachian State
2020,11/24,Keystone Classic,165,L,MFOR,0 - 0,Brandon Levesque,40048,Sacred Heart,William Formato,57034,Appalachian State
2020,11/17,Wolfpack Open,165,W,TF5,17 - 2 6:47,Elijah Davis,63540,King,William Formato,57034,Appalachian State
2020,11/17,Wolfpack Open,165,W,TF5,18 - 3 7:00,Ethan Hoffman,51346,North Carolina,William Formato,57034,Appalachian State
2020,11/17,Wolfpack Open,165,L,FALL,2:44,Kellen Ekern,51041,Old Dominion,William Formato,57034,Appalachian State
2020,11/17,Wolfpack Open,165,W,SV-1,5 - 4,Tyler Barnes,50663,NC State,William Formato,57034,Appalachian State
2020,11/17,Wolfpack Open,165,L,MD,13 - 3,Thomas Bullard,44611,NC State,William Formato,57034,Appalachian State
2020,11/17,Wolfpack Open,165,W,DEC,4 - 2,Jonathan Spadafora,62703,Maryland,William Formato,57034,Appalachian State
2020,11/09,Mountaineer Invitational,165,W,MD,12 - 0,Benjamin Anderson,51087,Duke,William Formato,57034,Appalachian State
2020,11/09,Mountaineer Invitational,165,W,DEC,6 - 5,Kade Byland,45313,Kent State,William Formato,57034,Appalachian State
2020,11/09,Mountaineer Invitational,165,L,FALL,1:22,Randy Meneweather II,44843,Air Force,William Formato,57034,Appalachian State
2020,11/09,Mountaineer Invitational,165,W,TF5,17 - 2 5:10,Dustin Gross,57360,Central Michigan,William Formato,57034,Appalachian State
2020,02/29,National Collegiate Open,165,L,SV-1,6 - 4,Nick Sansone,62198,Virginia,Brett Mordecai,61869,Appalachian State
2020,02/29,National Collegiate Open,165,L,FALL,2:56,Julian Ramirez,56706,Spartan Combat RTC,Brett Mordecai,61869,Appalachian State
2020,02/09,Newberry Open,165,L,SV-1,3 - 1,Carl Guess,66777,Keiser,Brett Mordecai,61869,Appalachian State
2020,02/09,Newberry Open,165,W,TF5,16 - 0 7:00,Fidel Diaz,66773,Keiser,Brett Mordecai,61869,Appalachian State
2020,02/09,Newberry Open,165,W,FALL,6:06,Hunter Haven,64138,Limestone,Brett Mordecai,61869,Appalachian State
2020,02/09,Newberry Open,165,W,TF5,15 - 0 7:00,Gaven Krazer,62400,NC State,Brett Mordecai,61869,Appalachian State
2020,02/09,Newberry Open,165,W,FALL,5:45,Victor Tello,59336,Presbyterian,Brett Mordecai,61869,Appalachian State
2020,02/09,Newberry Open,165,L,DEC,7 - 6,William MacDonald,44798,North Carolina,Brett Mordecai,61869,Appalachian State
2020,01/25,Appalachian Open,165,L,FALL,4:54,Donald Cates,64932,Unattached,Brett Mordecai,61869,Appalachian State
2020,01/25,Appalachian Open,165,W,DEC,3 - 2,Giuseppi Inserra,62810,Appalachian State,Brett Mordecai,61869,Appalachian State
2020,01/25,Appalachian Open,165,L,FALL,0:52,David Veltri,59635,Virginia,Brett Mordecai,61869,Appalachian State
2020,11/24,Tornado Open,165,W,FALL,0:51,Jurelle Watson,65193,Limestone,Brett Mordecai,61869,Appalachian State
2020,11/24,Tornado Open,165,W,FALL,3:59,Micheal Long,64171,Brewton-Parker,Brett Mordecai,61869,Appalachian State
2020,11/24,Tornado Open,165,W,FALL,2:10,Hunter Haven,64138,Limestone,Brett Mordecai,61869,Appalachian State
2020,11/24,Tornado Open,165,L,MD,16 - 8,Kurtis Aimable,47274,Limestone,Brett Mordecai,61869,Appalachian State
2020,11/24,Tornado Open,165,L,FALL,5:27,Austin Palmer,44433,Newberry,Brett Mordecai,61869,Appalachian State
2020,11/17,Wolfpack Open,165,L,DEC,9 - 3,Donald Cates,64932,Unattached,Brett Mordecai,61869,Appalachian State
2020,11/17,Wolfpack Open,165,W,DEC,5 - 2,Cameron Andrews,61898,Campbell,Brett Mordecai,61869,Appalachian State
2020,11/17,Wolfpack Open,165,W,DEC,4 - 3,Billy Christie,58302,Newberry,Brett Mordecai,61869,Appalachian State
2020,11/17,Wolfpack Open,165,L,FALL,1:17,Kellen Ekern,51041,Old Dominion,Brett Mordecai,61869,Appalachian State
2020,11/17,Wolfpack Open,165,W,FALL,3:52,Kurtis Aimable,47274,Limestone,Brett Mordecai,61869,Appalachian State
2020,11/09,Mountaineer Invitational,165,W,MD,13 - 5,David Veltri,59635,Virginia,Brett Mordecai,61869,Appalachian State
2020,11/09,Mountaineer Invitational,165,L,DEC,4 - 1,Justin Phillips,57093,Virginia,Brett Mordecai,61869,Appalachian State
2020,11/03,Southeast Open,165,W,FALL,1:42,Nestor Nunez,63525,Newberry,Brett Mordecai,61869,Appalachian State
2020,11/03,Southeast Open,165,W,TF5,15 - 0 4:24,Gaven Krazer,62400,NC State,Brett Mordecai,61869,Appalachian State
2020,11/03,Southeast Open,165,L,DEC,7 - 6,Jack Rogan,60241,Notre Dame,Brett Mordecai,61869,Appalachian State
2020,11/03,Southeast Open,165,L,DEC,11 - 8,Justin Phillips,57093,Virginia,Brett Mordecai,61869,Appalachian State
2020,11/03,Southeast Open,165,W,DEC,7 - 6,Cornelius Schuster,55781,George Mason,Brett Mordecai,61869,Appalachian State
2020,11/03,Southeast Open,165,W,DEC,11 - 7,Jordan Florence,52574,Virginia Tech,Brett Mordecai,61869,Appalachian State
2020,01/25,Appalachian Open,165,L,FALL,4:52,Nick Sansone,62198,Virginia,Christian Beach,45407,Appalachian State
2020,01/25,Appalachian Open,165,W,DEC,11 - 5,Victor Tello,59336,Presbyterian,Christian Beach,45407,Appalachian State
2020,01/25,Appalachian Open,165,L,MD,14 - 3,Cole Smith,50659,Old Dominion,Christian Beach,45407,Appalachian State
2020,11/24,Keystone Classic,165,L,FALL,2:56,Emmett LiCastri,45213,Franklin & Marshall,Christian Beach,45407,Appalachian State
2020,11/24,Keystone Classic,165,L,DEC,6 - 0,Brian Krasowski,44804,Pennsylvania,Christian Beach,45407,Appalachian State
2020,11/17,Wolfpack Open,165,L,FALL,1:11,Donald Cates,64932,Unattached,Christian Beach,45407,Appalachian State
2020,11/17,Wolfpack Open,165,W,DEC,6 - 4,Justin Phillips,57093,Virginia,Christian Beach,45407,Appalachian State
2020,11/17,Wolfpack Open,165,W,TF5,15 - 0 5:21,Ethan Hoffman,51346,North Carolina,Christian Beach,45407,Appalachian State
2020,11/17,Wolfpack Open,165,W,DEC,9 - 2,Kurtis Aimable,47274,Limestone,Christian Beach,45407,Appalachian State
2020,11/17,Wolfpack Open,165,L,FALL,2:12,Sawyer Davidson,45233,North Carolina,Christian Beach,45407,Appalachian State
2020,11/09,Mountaineer Invitational,165,W,MD,13 - 1,John Ridle,62661,Central Missouri,Christian Beach,45407,Appalachian State
2020,11/09,Mountaineer Invitational,165,W,MD,12 - 0,John Ridle,62661,Central Missouri,Christian Beach,45407,Appalachian State
2020,11/09,Mountaineer Invitational,165,W,MFOR,0 - 0,Jack Ervien,61608,Campbell,Christian Beach,45407,Appalachian State
2020,11/09,Mountaineer Invitational,165,L,DEC,8 - 6,Justin Phillips,57093,Virginia,Christian Beach,45407,Appalachian State
2020,03/08,SoCon Championships,174,W,DEC,5 - 2,Austin Kraisser,44588,Campbell,Thomas Flitz,45410,Appalachian State
2020,03/08,SoCon Championships,174,W,DEC,4 - 1,Hunter Fortner,50952,Chattanooga,Thomas Flitz,45410,Appalachian State
2020,03/08,SoCon Championships,174,L,DEC,12 - 5,Neal Richards,39991,VMI,Thomas Flitz,45410,Appalachian State
2020,02/23,VMI - Appalachian State Dual,174,W,DEC,12 - 11,Neal Richards,39991,VMI,Thomas Flitz,45410,Appalachian State
2020,02/13,Appalachian State - Campbell Dual,174,W,DEC,6 - 3,Austin Kraisser,44588,Campbell,Thomas Flitz,45410,Appalachian State
2020,02/08,Appalachian State - The Citadel Dual,174,W,FALL,1:41,Kyle Kretzer,57184,The Citadel,Thomas Flitz,45410,Appalachian State
2020,02/02,Appalachian State - Chattanooga Dual,174,W,DEC,5 - 2,Hunter Fortner,50952,Chattanooga,Thomas Flitz,45410,Appalachian State
2020,01/25,Appalachian Open,174,L,MFOR,0 - 0,Barrett Blakely,54239,Appalachian State,Thomas Flitz,45410,Appalachian State
2020,01/25,Appalachian Open,174,W,FALL,2:23,Channing Connors,63516,Virginia,Thomas Flitz,45410,Appalachian State
2020,01/25,Appalachian Open,174,L,MFOR,0 - 0,Alex Faison,56428,NC State,Thomas Flitz,45410,Appalachian State
2020,01/25,Appalachian Open,174,W,TF5,16 - 1 4:47,Joshua Walker,45579,Gardner-Webb,Thomas Flitz,45410,Appalachian State
2020,01/23,Duke - Appalachian State Dual,174,W,DEC,9 - 4,Mason Eaglin,57137,Duke,Thomas Flitz,45410,Appalachian State
2020,01/16,Lock Haven - Appalachian State Dual,174,W,TB-2,4 - 2,Jared Siegrist,45101,Lock Haven,Thomas Flitz,45410,Appalachian State
2020,01/12,Davidson - Appalachian State Dual,174,W,DEC,10 - 3,Steven Newell,57721,Davidson,Thomas Flitz,45410,Appalachian State
2020,01/09,Appalachian State - Gardner-Webb Dual,174,W,MD,12 - 2,Samuel Mora,62408,Gardner-Webb,Thomas Flitz,45410,Appalachian State
2020,01/01,Southern Scuffle,174,L,DEC,8 - 5,Chris Foca,56712,Spartan Combat RTC,Thomas Flitz,45410,Appalachian State
2020,01/01,Southern Scuffle,174,W,DEC,10 - 3,Billy Higgins,50623,Northern Colorado,Thomas Flitz,45410,Appalachian State
2020,01/01,Southern Scuffle,174,W,DEC,8 - 5,Jared Siegrist,45101,Lock Haven,Thomas Flitz,45410,Appalachian State
2020,01/01,Southern Scuffle,174,W,MFOR,0 - 0,Spencer Carey,44817,Navy,Thomas Flitz,45410,Appalachian State
2020,01/01,Southern Scuffle,174,L,DEC,4 - 1,Daniel Bullard,44612,NC State,Thomas Flitz,45410,Appalachian State
2020,01/01,Southern Scuffle,174,W,DEC,6 - 5,Jake Logan,57185,Lehigh,Thomas Flitz,45410,Appalachian State
2020,01/01,Southern Scuffle,174,W,DEC,3 - 1,Tyler Wiederholt,44897,Air Force,Thomas Flitz,45410,Appalachian State
2020,12/18,Appalachian State - Little Rock Dual,174,W,MD,14 - 5,Cash Jones,52128,Little Rock,Thomas Flitz,45410,Appalachian State
2020,12/13,North Carolina State - Appalachian State Dual,174,L,DEC,6 - 4,Daniel Bullard,44612,NC State,Thomas Flitz,45410,Appalachian State
2020,12/01,Appalachian State - North Carolina Dual,174,L,DEC,8 - 6,Clay Lautt,49212,North Carolina,Thomas Flitz,45410,Appalachian State
2020,11/24,Keystone Classic,174,W,MD,15 - 2,Krystian Kinsey,57061,Virginia,Thomas Flitz,45410,Appalachian State
2020,11/24,Keystone Classic,174,W,SV-1,5 - 3,Neil Antrassian,56202,Pennsylvania,Thomas Flitz,45410,Appalachian State
2020,11/24,Keystone Classic,174,L,DEC,7 - 3,Michael O'Malley,50836,Drexel,Thomas Flitz,45410,Appalachian State
2020,11/24,Keystone Classic,174,W,DEC,6 - 2,Joseph Accousti,49034,Sacred Heart,Thomas Flitz,45410,Appalachian State
2020,11/24,Keystone Classic,174,L,DEC,11 - 4,Dean Sherry,40019,Rider,Thomas Flitz,45410,Appalachian State
2020,11/24,Keystone Classic,174,W,TF5,15 - 0 4:02,Luke Nicksic,57295,VMI,Thomas Flitz,45410,Appalachian State
2020,11/17,Wolfpack Open,174,W,DEC,3 - 2,Alex Faison,56428,NC State,Thomas Flitz,45410,Appalachian State
2020,11/17,Wolfpack Open,174,L,DEC,9 - 6,Robert Patrick,50665,Virginia,Thomas Flitz,45410,Appalachian State
2020,11/17,Wolfpack Open,174,W,MD,10 - 0,Jack Walsh,44951,Virginia,Thomas Flitz,45410,Appalachian State
2020,11/17,Wolfpack Open,174,W,DEC,8 - 6,Daniel Bullard,44612,NC State,Thomas Flitz,45410,Appalachian State
2020,11/17,Wolfpack Open,174,W,DEC,6 - 3,Austin Kraisser,44588,Campbell,Thomas Flitz,45410,Appalachian State
2020,11/09,Mountaineer Invitational,174,L,DEC,14 - 9,Scott Joll,62424,West Virginia,Thomas Flitz,45410,Appalachian State
2020,11/09,Mountaineer Invitational,174,L,DEC,9 - 5,Mason Eaglin,57137,Duke,Thomas Flitz,45410,Appalachian State
2020,11/09,Mountaineer Invitational,174,W,DEC,5 - 2,Barrett Blakely,54239,Appalachian State,Thomas Flitz,45410,Appalachian State
2020,11/09,Mountaineer Invitational,174,W,MD,11 - 2,Colton Beisley,52240,Oregon State,Thomas Flitz,45410,Appalachian State
2020,11/09,Mountaineer Invitational,174,W,MD,15 - 2,Joshua Walker,45579,Gardner-Webb,Thomas Flitz,45410,Appalachian State
2020,11/09,Mountaineer Invitational,174,L,FALL,5:31,Tyler Wiederholt,44897,Air Force,Thomas Flitz,45410,Appalachian State
2020,02/29,National Collegiate Open,174,W,MD,15 - 2,Jack Bond,56516,Old Dominion,Barrett Blakely,54239,Appalachian State
2020,02/29,National Collegiate Open,174,W,MD,17 - 3,Jacob Cooper,52270,Cal Baptist,Barrett Blakely,54239,Appalachian State
2020,02/29,National Collegiate Open,174,L,DEC,8 - 6,Luke Drugac,44767,Old Dominion,Barrett Blakely,54239,Appalachian State
2020,02/29,National Collegiate Open,174,L,DEC,7 - 3,Conner Allshouse,44877,American,Barrett Blakely,54239,Appalachian State
2020,02/09,Newberry Open,174,W,FALL,1:19,Wyatt Forsberg,66775,Keiser,Barrett Blakely,54239,Appalachian State
2020,02/09,Newberry Open,174,W,FALL,1:04,Torrence Dumas,66774,Unattached,Barrett Blakely,54239,Appalachian State
2020,02/09,Newberry Open,174,W,TF5,18 - 0 7:00,Carlos Diaz,60057,Southeastern University,Barrett Blakely,54239,Appalachian State
2020,02/09,Newberry Open,174,W,DEC,6 - 3,Alex Faison,56428,NC State,Barrett Blakely,54239,Appalachian State
2020,01/25,Appalachian Open,174,W,DEC,7 - 3,Kyle Homet,57168,Gardner-Webb,Barrett Blakely,54239,Appalachian State
2020,01/25,Appalachian Open,174,L,DEC,7 - 5,Hunter Fortner,50952,Chattanooga,Barrett Blakely,54239,Appalachian State
2020,01/25,Appalachian Open,174,W,MFOR,0 - 0,Thomas Flitz,45410,Appalachian State,Barrett Blakely,54239,Appalachian State
2020,01/01,Southern Scuffle,174,W,MD,15 - 4,Luke Nicksic,57295,VMI,Barrett Blakely,54239,Appalachian State
2020,01/01,Southern Scuffle,174,L,DEC,8 - 6,Billy Higgins,50623,Northern Colorado,Barrett Blakely,54239,Appalachian State
2020,01/01,Southern Scuffle,174,W,MD,15 - 1,AJ Alford,45382,The Citadel,Barrett Blakely,54239,Appalachian State
2020,01/01,Southern Scuffle,174,L,FALL,1:18,Cody Surratt,49030,Air Force,Barrett Blakely,54239,Appalachian State
2020,11/24,Keystone Classic,174,L,FALL,6:39,Joseph Accousti,49034,Sacred Heart,Barrett Blakely,54239,Appalachian State
2020,11/24,Keystone Classic,174,W,MD,12 - 2,Jack Conway,44785,Pennsylvania,Barrett Blakely,54239,Appalachian State
2020,11/24,Keystone Classic,174,L,DEC,8 - 5,Dean Sherry,40019,Rider,Barrett Blakely,54239,Appalachian State
2020,11/17,Wolfpack Open,174,W,FALL,1:34,Camden Buckingham,63581,King,Barrett Blakely,54239,Appalachian State
2020,11/17,Wolfpack Open,174,W,MD,15 - 1,Jacob Ferreira,56807,NC State,Barrett Blakely,54239,Appalachian State
2020,11/17,Wolfpack Open,174,W,DEC,6 - 0,Caleb Hopkins,56482,Campbell,Barrett Blakely,54239,Appalachian State
2020,11/17,Wolfpack Open,174,L,TF5,16 - 1 2:35,Robert Patrick,50665,Virginia,Barrett Blakely,54239,Appalachian State
2020,11/17,Wolfpack Open,174,L,FALL,1:22,Daniel Bullard,44612,NC State,Barrett Blakely,54239,Appalachian State
2020,11/09,Mountaineer Invitational,174,L,DEC,5 - 2,Thomas Flitz,45410,Appalachian State,Barrett Blakely,54239,Appalachian State
2020,11/09,Mountaineer Invitational,174,L,DEC,7 - 3,Tyler Wiederholt,44897,Air Force,Barrett Blakely,54239,Appalachian State
2020,11/03,Southeast Open,174,W,DEC,6 - 4,Scott Joll,62424,West Virginia,Barrett Blakely,54239,Appalachian State
2020,11/03,Southeast Open,174,W,DEC,9 - 8,Samuel Mora,62408,Gardner-Webb,Barrett Blakely,54239,Appalachian State
2020,11/03,Southeast Open,174,W,FALL,4:12,Lance Andriani,59625,NC State,Barrett Blakely,54239,Appalachian State
2020,11/03,Southeast Open,174,W,DEC,9 - 3,Trent Knight,61400,Campbell,Barrett Blakely,54239,Appalachian State
2020,03/08,SoCon Championships,184,L,DEC,6 - 4,Samuel Mora,62408,Gardner-Webb,Julian Gorring,62809,Appalachian State
2020,03/08,SoCon Championships,184,L,DEC,8 - 4,Gavin Henry,61929,Davidson,Julian Gorring,62809,Appalachian State
2020,03/08,SoCon Championships,184,W,TF5,16 - 0 3:00,Max Gallahan,45422,VMI,Julian Gorring,62809,Appalachian State
2020,02/23,VMI - Appalachian State Dual,184,W,FALL,1:04,Max Gallahan,45422,VMI,Julian Gorring,62809,Appalachian State
2020,02/13,Appalachian State - Campbell Dual,184,L,MD,12 - 3,Andrew Morgan,40250,Campbell,Julian Gorring,62809,Appalachian State
2020,02/08,Appalachian State - The Citadel Dual,184,W,TF5,17 - 2 5:21,Cooper Youngblood,57376,The Citadel,Julian Gorring,62809,Appalachian State
2020,02/02,Appalachian State - Chattanooga Dual,184,L,FALL,2:53,Matthew Waddell,49259,Chattanooga,Julian Gorring,62809,Appalachian State
2020,01/25,Appalachian Open,184,W,DEC,11 - 5,Jake Cook,51285,NC State,Julian Gorring,62809,Appalachian State
2020,01/25,Appalachian Open,184,L,DEC,12 - 7,Dakota Howard,51202,Virginia Tech,Julian Gorring,62809,Appalachian State
2020,01/25,Appalachian Open,184,W,DEC,4 - 1,Hunter Queen,49219,North Carolina,Julian Gorring,62809,Appalachian State
2020,01/25,Appalachian Open,184,L,DEC,9 - 2,Drew Peck,49055,Virginia,Julian Gorring,62809,Appalachian State
2020,01/23,Duke - Appalachian State Dual,184,W,TF5,18 - 3 7:00,Kai Blake,62377,Duke,Julian Gorring,62809,Appalachian State
2020,01/16,Lock Haven - Appalachian State Dual,184,W,DEC,6 - 1,Ray Bernot,45102,Lock Haven,Julian Gorring,62809,Appalachian State
2020,01/09,Appalachian State - Gardner-Webb Dual,184,W,FALL,6:37,Christian Salter,51036,Gardner-Webb,Julian Gorring,62809,Appalachian State
2020,01/01,Southern Scuffle,184,L,TB-2,2 - 1,Jackson Moomau,57161,West Virginia,Julian Gorring,62809,Appalachian State
2020,01/01,Southern Scuffle,184,L,DEC,3 - 2,Deandre Nassar,62202,Cleveland State,Julian Gorring,62809,Appalachian State
2020,12/18,Appalachian State - Little Rock Dual,184,W,FALL,1:55,Matthew Muller,62816,Little Rock,Julian Gorring,62809,Appalachian State
2020,12/13,North Carolina State - Appalachian State Dual,184,L,MD,17 - 5,Trent Hidlay,51224,NC State,Julian Gorring,62809,Appalachian State
2020,12/01,Appalachian State - North Carolina Dual,184,L,DEC,3 - 2,Joey Mazzara,54232,North Carolina,Julian Gorring,62809,Appalachian State
2020,11/24,Keystone Classic,184,W,MD,13 - 5,Kai Blake,62377,Duke,Julian Gorring,62809,Appalachian State
2020,11/24,Keystone Classic,184,W,DEC,8 - 6,Kyle Davis,50453,Sacred Heart,Julian Gorring,62809,Appalachian State
2020,11/24,Keystone Classic,184,W,MD,11 - 2,Chris Zaccaria,49660,Sacred Heart,Julian Gorring,62809,Appalachian State
2020,11/24,Keystone Classic,184,L,DEC,5 - 2,George Walton,49265,Rider,Julian Gorring,62809,Appalachian State
2020,11/17,Wolfpack Open,184,W,FALL,8:30,Chris Garrison,62401,NC State,Julian Gorring,62809,Appalachian State
2020,11/17,Wolfpack Open,184,W,DEC,6 - 4,Kenneth Prince,58314,Limestone,Julian Gorring,62809,Appalachian State
2020,11/17,Wolfpack Open,184,W,DEC,6 - 3,Noah Bushman,49266,Old Dominion,Julian Gorring,62809,Appalachian State
2020,11/17,Wolfpack Open,184,L,DEC,10 - 5,Drew Peck,49055,Virginia,Julian Gorring,62809,Appalachian State
2020,11/17,Wolfpack Open,184,L,DEC,8 - 3,Antonio Agee,44635,Old Dominion,Julian Gorring,62809,Appalachian State
2020,11/09,Mountaineer Invitational,184,L,DEC,6 - 5,Tyler Bates,56413,Kent State,Julian Gorring,62809,Appalachian State
2020,11/09,Mountaineer Invitational,184,W,FALL,5:39,Christian Salter,51036,Gardner-Webb,Julian Gorring,62809,Appalachian State
2020,11/09,Mountaineer Invitational,184,W,DEC,4 - 2,Shane Mast,39974,Kent State,Julian Gorring,62809,Appalachian State
2020,11/09,Mountaineer Invitational,184,L,SV-1,6 - 4,Jake Thompson,50875,Air Force,Julian Gorring,62809,Appalachian State
2020,11/09,Mountaineer Invitational,184,W,DEC,6 - 4,Jacob Gray,50918,Central Michigan,Julian Gorring,62809,Appalachian State
2020,11/03,Southeast Open,184,L,FALL,11:00,Mason Fiscella,57035,Appalachian State,Julian Gorring,62809,Appalachian State
2020,11/03,Southeast Open,184,W,DEC,3 - 2,Max Shaw,61959,North Carolina,Julian Gorring,62809,Appalachian State
2020,11/03,Southeast Open,184,W,SV-1,3 - 1,Jackson Moomau,57161,West Virginia,Julian Gorring,62809,Appalachian State
2020,02/29,National Collegiate Open,184,L,DEC,4 - 3,Brian Bonino,51034,NYC RTC,Mason Fiscella,57035,Appalachian State
2020,02/29,National Collegiate Open,184,L,MD,12 - 3,Garrett Strang,47064,Cal Baptist,Mason Fiscella,57035,Appalachian State
2020,02/09,Newberry Open,184,W,FALL,1:57,Dante Cooper,66770,Keiser,Mason Fiscella,57035,Appalachian State
2020,02/09,Newberry Open,184,W,FALL,0:44,Mac Hirsh,65495,Huntingdon,Mason Fiscella,57035,Appalachian State
2020,02/09,Newberry Open,184,L,DEC,6 - 5,Max Shaw,61959,North Carolina,Mason Fiscella,57035,Appalachian State
2020,02/09,Newberry Open,184,W,FALL,6:28,Keenan Graham,58326,Newberry,Mason Fiscella,57035,Appalachian State
2020,01/25,Appalachian Open,184,W,FALL,5:55,Nolan Cook,63337,Truett-McConnell,Mason Fiscella,57035,Appalachian State
2020,01/25,Appalachian Open,184,W,FALL,0:30,Christos Avgeros,56787,Old Dominion,Mason Fiscella,57035,Appalachian State
2020,01/25,Appalachian Open,184,W,FALL,4:14,Jake Cook,51285,NC State,Mason Fiscella,57035,Appalachian State
2020,01/25,Appalachian Open,184,L,FALL,0:36,Matthew Waddell,49259,Chattanooga,Mason Fiscella,57035,Appalachian State
2020,01/25,Appalachian Open,184,W,DEC,11 - 5,Garrett Church,45411,Appalachian State,Mason Fiscella,57035,Appalachian State
2020,01/12,Davidson - Appalachian State Dual,184,W,MD,12 - 4,Gavin Henry,61929,Davidson,Mason Fiscella,57035,Appalachian State
2020,01/12,Presbyterian - Appalachian State Dual,184,W,DEC,3 - 2,Austin Stith,61206,Presbyterian,Mason Fiscella,57035,Appalachian State
2020,01/04,Franklin & Marshall Open,184,W,MD,12 - 3,Colby Tennyson,62378,VMI,Mason Fiscella,57035,Appalachian State
2020,01/04,Franklin & Marshall Open,184,L,DEC,9 - 3,Caleb Hopkins,56482,Campbell,Mason Fiscella,57035,Appalachian State
2020,01/04,Franklin & Marshall Open,184,L,TF5,15 - 0 7:00,Michael Doggett,62194,Harvard,Mason Fiscella,57035,Appalachian State
2020,01/01,Southern Scuffle,184,L,FALL,0:24,Louie DePrez,49046,Binghamton,Mason Fiscella,57035,Appalachian State
2020,01/01,Southern Scuffle,184,L,MD,15 - 2,Colt Doyle,48240,Oregon State,Mason Fiscella,57035,Appalachian State
2020,01/01,Southern Scuffle,184,W,DEC,3 - 2,Jackson Moomau,57161,West Virginia,Mason Fiscella,57035,Appalachian State
2020,01/01,Southern Scuffle,184,W,DEC,9 - 3,Bryan Martin,56433,Rider,Mason Fiscella,57035,Appalachian State
2020,11/24,Keystone Classic,184,L,DEC,8 - 2,Michael Battista,51672,Virginia,Mason Fiscella,57035,Appalachian State
2020,11/24,Keystone Classic,184,W,SV-1,6 - 4,Anthony Walters,50831,Drexel,Mason Fiscella,57035,Appalachian State
2020,11/24,Keystone Classic,184,W,DEC,9 - 2,Chris Zaccaria,49660,Sacred Heart,Mason Fiscella,57035,Appalachian State
2020,11/24,Keystone Classic,184,L,DEC,4 - 2,Max Gallahan,45422,VMI,Mason Fiscella,57035,Appalachian State
2020,11/17,Wolfpack Open,184,L,DEC,4 - 2,Clay Ream,64933,Unattached,Mason Fiscella,57035,Appalachian State
2020,11/17,Wolfpack Open,184,W,MD,15 - 2,Alberto Vargas-Perez,63388,Spartanburg Methodist College,Mason Fiscella,57035,Appalachian State
2020,11/17,Wolfpack Open,184,W,DEC,8 - 2,Matthew Danner,53611,King,Mason Fiscella,57035,Appalachian State
2020,11/17,Wolfpack Open,184,L,DEC,7 - 5,Noah Bushman,49266,Old Dominion,Mason Fiscella,57035,Appalachian State
2020,11/09,Mountaineer Invitational,184,L,DEC,7 - 3,Colt Doyle,48240,Oregon State,Mason Fiscella,57035,Appalachian State
2020,11/09,Mountaineer Invitational,184,L,DEC,4 - 1,Jake Thompson,50875,Air Force,Mason Fiscella,57035,Appalachian State
2020,11/03,Southeast Open,184,W,FALL,4:17,Bailey Parks,63526,Mount Olive,Mason Fiscella,57035,Appalachian State
2020,11/03,Southeast Open,184,W,FALL,11:00,Julian Gorring,62809,Appalachian State,Mason Fiscella,57035,Appalachian State
2020,11/03,Southeast Open,184,W,TB-2,4 - 2,Mitchell Potterf,62589,West Virginia,Mason Fiscella,57035,Appalachian State
2020,11/03,Southeast Open,184,W,FALL,2:36,Colby Tennyson,62378,VMI,Mason Fiscella,57035,Appalachian State
2020,02/09,Newberry Open,197,W,MD,13 - 4,Charles Alexander,66769,Keiser,Garrett Church,45411,Appalachian State
2020,02/09,Newberry Open,197,W,DEC,6 - 4,Connor Murray,61599,Central Florida,Garrett Church,45411,Appalachian State
2020,02/09,Newberry Open,197,L,DEC,5 - 2,Baker Hadwan,60813,Life University,Garrett Church,45411,Appalachian State
2020,02/09,Newberry Open,197,L,FALL,4:23,Marcus Bell,57835,UNC Pembroke,Garrett Church,45411,Appalachian State
2020,01/25,Appalachian Open,184,L,DEC,11 - 5,Mason Fiscella,57035,Appalachian State,Garrett Church,45411,Appalachian State
2020,01/25,Appalachian Open,184,L,FALL,0:14,Drew Peck,49055,Virginia,Garrett Church,45411,Appalachian State
2020,01/25,Appalachian Open,184,W,DEC,11 - 5,Ben Stacey,44899,Chattanooga,Garrett Church,45411,Appalachian State
2020,11/17,Wolfpack Open,184,L,TF5,21 - 6 6:34,Jha'Quan Anderson,62407,Gardner-Webb,Garrett Church,45411,Appalachian State
2020,11/17,Wolfpack Open,184,W,FALL,0:51,Dalton Hardeman,59804,Truett-McConnell,Garrett Church,45411,Appalachian State
2020,11/17,Wolfpack Open,184,L,DEC,7 - 3,Kenneth Prince,58314,Limestone,Garrett Church,45411,Appalachian State
2020,11/09,Mountaineer Invitational,184,L,MD,15 - 3,Jha'Quan Anderson,62407,Gardner-Webb,Garrett Church,45411,Appalachian State
2020,11/09,Mountaineer Invitational,184,L,DEC,7 - 3,Kai Blake,62377,Duke,Garrett Church,45411,Appalachian State
2020,03/08,SoCon Championships,197,W,DEC,10 - 3,Chris Kober,50022,Campbell,Demazio Samuel,45414,Appalachian State
2020,03/08,SoCon Championships,197,W,DEC,6 - 1,Rodney Jones,40212,Chattanooga,Demazio Samuel,45414,Appalachian State
2020,03/08,SoCon Championships,197,W,DEC,3 - 0,Roderick Davis,39752,Gardner-Webb,Demazio Samuel,45414,Appalachian State
2020,02/23,VMI - Appalachian State Dual,197,W,DEC,5 - 1,Zach Brown,62390,VMI,Demazio Samuel,45414,Appalachian State
2020,02/13,Appalachian State - Campbell Dual,197,L,DEC,4 - 3,Chris Kober,50022,Campbell,Demazio Samuel,45414,Appalachian State
2020,02/08,Appalachian State - The Citadel Dual,197,W,TF5,20 - 3 7:00,Martin Duane,45583,The Citadel,Demazio Samuel,45414,Appalachian State
2020,01/25,Appalachian Open,197,L,DEC,4 - 2,Paul Carson,51334,Appalachian State,Demazio Samuel,45414,Appalachian State
2020,01/25,Appalachian Open,197,W,DEC,8 - 1,Chris Garrison,62401,NC State,Demazio Samuel,45414,Appalachian State
2020,01/25,Appalachian Open,197,W,DEC,5 - 1,Rodney Jones,40212,Chattanooga,Demazio Samuel,45414,Appalachian State
2020,01/04,Franklin & Marshall Open,197,W,DEC,4 - 3,Sam Mitchell,61028,Buffalo,Demazio Samuel,45414,Appalachian State
2020,01/04,Franklin & Marshall Open,197,L,DEC,6 - 1,Cole Urbas,56773,Pennsylvania,Demazio Samuel,45414,Appalachian State
2020,01/04,Franklin & Marshall Open,197,W,DEC,3 - 2,Nino Bastianelli,50818,Brown,Demazio Samuel,45414,Appalachian State
2020,01/04,Franklin & Marshall Open,197,W,MD,12 - 3,Evan Callahan,50874,Harvard,Demazio Samuel,45414,Appalachian State
2020,01/04,Franklin & Marshall Open,197,W,DEC,5 - 3,Matthew Cover,57523,Princeton,Demazio Samuel,45414,Appalachian State
2020,11/24,Keystone Classic,197,W,DEC,4 - 3,Robert Hetherman,57209,Sacred Heart,Demazio Samuel,45414,Appalachian State
2020,11/24,Keystone Classic,197,W,DEC,6 - 5,Vincent Baker,56930,Duke,Demazio Samuel,45414,Appalachian State
2020,11/24,Keystone Classic,197,L,DEC,6 - 3,Vincent Baker,56930,Duke,Demazio Samuel,45414,Appalachian State
2020,11/24,Keystone Classic,197,L,MD,8 - 0,Cole Urbas,56773,Pennsylvania,Demazio Samuel,45414,Appalachian State
2020,11/24,Keystone Classic,197,W,SV-1,7 - 5,Bryan McLaughlin,49120,Drexel,Demazio Samuel,45414,Appalachian State
2020,11/24,Keystone Classic,197,W,DEC,7 - 3,Zach Brown,62390,VMI,Demazio Samuel,45414,Appalachian State
2020,11/17,Wolfpack Open,197,L,DEC,5 - 0,Matthew Rudy,64151,Limestone,Demazio Samuel,45414,Appalachian State
2020,11/17,Wolfpack Open,197,W,MD,9 - 1,Josiah McCallum,62499,Campbell,Demazio Samuel,45414,Appalachian State
2020,11/17,Wolfpack Open,197,W,DEC,6 - 1,Hunter Tobiasson,76761,Queens,Demazio Samuel,45414,Appalachian State
2020,11/17,Wolfpack Open,197,L,DEC,8 - 2,Tyrie Houghton,51136,NC State,Demazio Samuel,45414,Appalachian State
2020,11/17,Wolfpack Open,197,W,MD,10 - 0,Austin Stith,61206,Presbyterian,Demazio Samuel,45414,Appalachian State
2020,11/09,Mountaineer Invitational,197,L,DEC,12 - 7,Jj Dixon,56784,Oregon State,Demazio Samuel,45414,Appalachian State
2020,11/09,Mountaineer Invitational,197,W,DEC,4 - 1,Roderick Davis,39752,Gardner-Webb,Demazio Samuel,45414,Appalachian State
2020,11/09,Mountaineer Invitational,197,L,FALL,3:49,Landon Pelham,44838,Central Michigan,Demazio Samuel,45414,Appalachian State
2020,02/29,National Collegiate Open,197,W,SV-1,7 - 5,Ethan Weatherspoon,60762,Virginia,Paul Carson,51334,Appalachian State
2020,02/29,National Collegiate Open,197,L,DEC,6 - 1,Jacob Cardenas,56770,Spartan Combat RTC,Paul Carson,51334,Appalachian State
2020,02/29,National Collegiate Open,197,W,DEC,4 - 3,Arick Lopez,52962,Cal Baptist,Paul Carson,51334,Appalachian State
2020,02/29,National Collegiate Open,197,W,DEC,5 - 2,River Henry,52834,Old Dominion,Paul Carson,51334,Appalachian State
2020,02/29,National Collegiate Open,197,L,TB-2,5 - 4,Tyrie Houghton,51136,NC State,Paul Carson,51334,Appalachian State
2020,02/02,Appalachian State - Chattanooga Dual,197,L,DEC,4 - 2,Rodney Jones,40212,Chattanooga,Paul Carson,51334,Appalachian State
2020,01/25,Appalachian Open,197,W,DEC,1 - 0,Logan Andrew,59757,Chattanooga,Paul Carson,51334,Appalachian State
2020,01/25,Appalachian Open,197,W,DEC,7 - 2,River Henry,52834,Old Dominion,Paul Carson,51334,Appalachian State
2020,01/25,Appalachian Open,197,W,DEC,4 - 2,Demazio Samuel,45414,Appalachian State,Paul Carson,51334,Appalachian State
2020,01/23,Duke - Appalachian State Dual,197,W,DEC,9 - 5,Vincent Baker,56930,Duke,Paul Carson,51334,Appalachian State
2020,01/16,Lock Haven - Appalachian State Dual,197,L,DEC,4 - 0,Parker McClellan,56598,Lock Haven,Paul Carson,51334,Appalachian State
2020,01/09,Appalachian State - Gardner-Webb Dual,197,W,DEC,9 - 2,Roderick Davis,39752,Gardner-Webb,Paul Carson,51334,Appalachian State
2020,01/01,Southern Scuffle,197,W,DEC,8 - 3,Jj Dixon,56784,Oregon State,Paul Carson,51334,Appalachian State
2020,01/01,Southern Scuffle,197,L,DEC,4 - 0,Jake Koser,50890,Navy,Paul Carson,51334,Appalachian State
2020,01/01,Southern Scuffle,197,L,DEC,4 - 3,Roderick Davis,39752,Gardner-Webb,Paul Carson,51334,Appalachian State
2020,12/18,Appalachian State - Little Rock Dual,197,W,DEC,7 - 4,Dylan Johnson,63817,Little Rock,Paul Carson,51334,Appalachian State
2020,12/13,North Carolina State - Appalachian State Dual,197,L,DEC,4 - 3,Nick Reenan,45035,NC State,Paul Carson,51334,Appalachian State
2020,12/01,Appalachian State - North Carolina Dual,197,L,SV-1,7 - 1,Brandon Whitman,50602,North Carolina,Paul Carson,51334,Appalachian State
2020,11/24,Keystone Classic,197,W,DEC,5 - 3,Robert Hetherman,57209,Sacred Heart,Paul Carson,51334,Appalachian State
2020,11/24,Keystone Classic,197,L,DEC,8 - 2,Cole Urbas,56773,Pennsylvania,Paul Carson,51334,Appalachian State
2020,11/24,Keystone Classic,197,L,FALL,1:12,Bryan McLaughlin,49120,Drexel,Paul Carson,51334,Appalachian State
2020,11/17,Wolfpack Open,197,L,SV-1,4 - 2,Matthew Rudy,64151,Limestone,Paul Carson,51334,Appalachian State
2020,11/17,Wolfpack Open,197,W,FALL,0:46,Curtis Wolfe,63348,Limestone,Paul Carson,51334,Appalachian State
2020,11/17,Wolfpack Open,197,W,FALL,4:50,Adam DeHart,63307,Spartanburg Methodist College,Paul Carson,51334,Appalachian State
2020,11/17,Wolfpack Open,197,W,MD,10 - 1,Hunter Tobiasson,76761,Queens,Paul Carson,51334,Appalachian State
2020,11/17,Wolfpack Open,197,W,DEC,9 - 7,Dakota Howard,51202,Virginia Tech,Paul Carson,51334,Appalachian State
2020,11/09,Mountaineer Invitational,197,W,FALL,4:41,Jj Dixon,56784,Oregon State,Paul Carson,51334,Appalachian State
2020,11/09,Mountaineer Invitational,197,L,DEC,5 - 0,Colin McCracken,50064,Kent State,Paul Carson,51334,Appalachian State
2020,11/09,Mountaineer Invitational,197,L,MD,8 - 0,Noah Adams,49342,West Virginia,Paul Carson,51334,Appalachian State
2020,11/09,Mountaineer Invitational,197,W,DEC,7 - 4,Adam Rateb,45404,Oregon State,Paul Carson,51334,Appalachian State
2020,02/09,Newberry Open,197,W,FALL,2:43,Ernst Lavaud,66780,Unattached,Ramon Rodriguez,51993,Appalachian State
2020,02/09,Newberry Open,197,W,DEC,14 - 7,Caio DeAlmeida,66772,Keiser,Ramon Rodriguez,51993,Appalachian State
2020,02/09,Newberry Open,197,W,DEC,11 - 6,Jack Haury,63339,Huntingdon,Ramon Rodriguez,51993,Appalachian State
2020,02/09,Newberry Open,197,W,MFOR,0 - 0,Baker Hadwan,60813,Life University,Ramon Rodriguez,51993,Appalachian State
2020,02/09,Newberry Open,197,L,FALL,4:28,Jarrod Smiley,58904,Central Florida,Ramon Rodriguez,51993,Appalachian State
2020,02/09,Newberry Open,197,L,MD,11 - 1,Diallo Matsimella,58656,Life University,Ramon Rodriguez,51993,Appalachian State
2020,01/25,Appalachian Open,197,L,DEC,8 - 1,Chris Garrison,62401,NC State,Ramon Rodriguez,51993,Appalachian State
2020,01/25,Appalachian Open,197,L,DEC,4 - 2,Rodney Jones,40212,Chattanooga,Ramon Rodriguez,51993,Appalachian State
2020,11/24,Tornado Open,197,L,DEC,5 - 2,Camden Johnson,65190,Brewton-Parker,Ramon Rodriguez,51993,Appalachian State
2020,11/24,Tornado Open,197,W,DEC,8 - 3,Isaah Perez,64935,King,Ramon Rodriguez,51993,Appalachian State
2020,11/24,Tornado Open,197,L,DEC,8 - 2,Darius Parker,63121,Lander,Ramon Rodriguez,51993,Appalachian State
2020,11/24,Tornado Open,197,W,FALL,3:15,Isaiah McDougal,59502,Midway University,Ramon Rodriguez,51993,Appalachian State
2020,11/17,Wolfpack Open,197,W,TF5,17 - 0 4:38,Khalil Belk,63349,Truett-McConnell,Ramon Rodriguez,51993,Appalachian State
2020,11/17,Wolfpack Open,197,L,MD,14 - 1,Taye Ghadiali,62500,Campbell,Ramon Rodriguez,51993,Appalachian State
2020,11/17,Wolfpack Open,197,L,FALL,6:42,Elijah Seay,46139,King,Ramon Rodriguez,51993,Appalachian State
2020,11/09,Mountaineer Invitational,197,L,FALL,6:12,Ethan Weatherspoon,60762,Virginia,Ramon Rodriguez,51993,Appalachian State
2020,11/09,Mountaineer Invitational,197,L,DEC,8 - 5,Vincent Baker,56930,Duke,Ramon Rodriguez,51993,Appalachian State
2020,03/08,SoCon Championships,285,W,FALL,2:04,Imani Heslop,61598,Presbyterian,Cary Miller,39976,Appalachian State
2020,03/08,SoCon Championships,285,W,FALL,1:52,Michael McAleavey,45588,The Citadel,Cary Miller,39976,Appalachian State
2020,03/08,SoCon Championships,285,W,SV-1,5 - 3,Jere Heino,40434,Campbell,Cary Miller,39976,Appalachian State
2020,02/23,VMI - Appalachian State Dual,285,W,MD,13 - 1,Christopher Beck,45424,VMI,Cary Miller,39976,Appalachian State
2020,02/13,Appalachian State - Campbell Dual,285,L,DEC,3 - 2,Jere Heino,40434,Campbell,Cary Miller,39976,Appalachian State
2020,02/08,Appalachian State - The Citadel Dual,285,W,MD,14 - 4,Michael McAleavey,45588,The Citadel,Cary Miller,39976,Appalachian State
2020,02/02,Appalachian State - Chattanooga Dual,285,W,TF5,16 - 0 5:23,Grayson Walthall,62675,Chattanooga,Cary Miller,39976,Appalachian State
2020,01/25,Appalachian Open,285,W,FALL,1:00,Jarrett Tronge,62771,Virginia Tech,Cary Miller,39976,Appalachian State
2020,01/25,Appalachian Open,285,W,TF5,15 - 0 3:19,Grayson Walthall,62675,Chattanooga,Cary Miller,39976,Appalachian State
2020,01/25,Appalachian Open,285,W,DEC,7 - 1,Keaton Kluever,50603,North Carolina,Cary Miller,39976,Appalachian State
2020,01/25,Appalachian Open,285,W,DEC,7 - 1,Anthony Perrine,49135,Gardner-Webb,Cary Miller,39976,Appalachian State
2020,01/23,Duke - Appalachian State Dual,285,W,TF5,18 - 3 7:00,Jonah Niesenbaum,60444,Duke,Cary Miller,39976,Appalachian State
2020,01/12,Davidson - Appalachian State Dual,285,W,FALL,1:38,Finlay Holston,57215,Davidson,Cary Miller,39976,Appalachian State
2020,01/12,Presbyterian - Appalachian State Dual,285,W,MD,14 - 2,Imani Heslop,61598,Presbyterian,Cary Miller,39976,Appalachian State
2020,01/09,Appalachian State - Gardner-Webb Dual,285,W,FALL,1:42,Gabriel Pickett,57164,Gardner-Webb,Cary Miller,39976,Appalachian State
2020,01/01,Southern Scuffle,285,L,DEC,9 - 3,Lewis Fernandes,56901,Spartan Combat RTC,Cary Miller,39976,Appalachian State
2020,01/01,Southern Scuffle,285,W,DEC,8 - 1,Colin Lawler,54114,NC State,Cary Miller,39976,Appalachian State
2020,01/01,Southern Scuffle,285,L,FALL,2:17,Brandon Metz,49222,North Dakota State,Cary Miller,39976,Appalachian State
2020,01/01,Southern Scuffle,285,L,DEC,3 - 2,Gannon Gremmel,44856,Iowa State,Cary Miller,39976,Appalachian State
2020,01/01,Southern Scuffle,285,W,FALL,0:38,Robert Winters,44813,Northern Colorado,Cary Miller,39976,Appalachian State
2020,01/01,Southern Scuffle,285,W,MD,8 - 0,Dan Stibral,39554,North Dakota State,Cary Miller,39976,Appalachian State
2020,12/13,North Carolina State - Appalachian State Dual,285,W,MD,13 - 3,Colin Lawler,54114,NC State,Cary Miller,39976,Appalachian State
2020,12/01,Appalachian State - North Carolina Dual,285,W,DEC,4 - 0,Andrew Gunning,44876,North Carolina,Cary Miller,39976,Appalachian State
2020,11/24,Keystone Classic,285,W,FALL,1:31,Zakaria Loudini,65085,Pennsylvania,Cary Miller,39976,Appalachian State
2020,11/24,Keystone Classic,285,W,MD,10 - 2,Vincenzo Pelusi,50112,Franklin & Marshall,Cary Miller,39976,Appalachian State
2020,11/24,Keystone Classic,285,W,MFOR,0 - 0,Quinn Miller,49333,Virginia,Cary Miller,39976,Appalachian State
2020,11/24,Keystone Classic,285,W,DEC,6 - 1,Ryan Cloud,39972,Rider,Cary Miller,39976,Appalachian State
2020,11/17,Wolfpack Open,285,W,DEC,4 - 1,Jacob Bullock,57724,Old Dominion,Cary Miller,39976,Appalachian State
2020,11/17,Wolfpack Open,285,W,MFOR,0 - 0,Michael Burchell,57036,Appalachian State,Cary Miller,39976,Appalachian State
2020,11/17,Wolfpack Open,285,W,FALL,1:49,Danny Faulk,56392,Limestone,Cary Miller,39976,Appalachian State
2020,11/17,Wolfpack Open,285,W,FALL,2:38,Cade Ridley,54596,King,Cary Miller,39976,Appalachian State
2020,11/17,Wolfpack Open,285,W,MD,14 - 0,Michael McAleavey,45588,The Citadel,Cary Miller,39976,Appalachian State
2020,11/09,Mountaineer Invitational,285,W,MD,12 - 0,Brian Barnes,49228,Oregon State,Cary Miller,39976,Appalachian State
2020,11/09,Mountaineer Invitational,285,W,DEC,7 - 0,Brandon Ngati,45167,West Virginia,Cary Miller,39976,Appalachian State
2020,11/09,Mountaineer Invitational,285,L,SV-1,3 - 1,Matt Stencel,44592,Central Michigan,Cary Miller,39976,Appalachian State
2020,02/29,National Collegiate Open,285,W,DEC,6 - 4,Nate Hoaglund,60537,Pennsylvania,Michael Burchell,57036,Appalachian State
2020,02/29,National Collegiate Open,285,W,FALL,5:59,Billy Baldwin,57728,Old Dominion,Michael Burchell,57036,Appalachian State
2020,02/29,National Collegiate Open,285,L,FALL,5:00,Colin Lawler,54114,NC State,Michael Burchell,57036,Appalachian State
2020,02/29,National Collegiate Open,285,L,MD,12 - 1,Zach Schrader,45168,Cal Baptist,Michael Burchell,57036,Appalachian State
2020,02/09,Newberry Open,285,W,FALL,2:38,Earnest Johnson,66779,Keiser,Michael Burchell,57036,Appalachian State
2020,02/09,Newberry Open,285,L,SV-1,4 - 2,Kyven Higgins,66778,Keiser,Michael Burchell,57036,Appalachian State
2020,02/09,Newberry Open,285,L,FALL,1:44,Bret Winters,63379,Life University,Michael Burchell,57036,Appalachian State
2020,02/09,Newberry Open,285,W,FALL,2:15,Will Pontoon,63040,Presbyterian,Michael Burchell,57036,Appalachian State
2020,01/25,Appalachian Open,285,W,DEC,7 - 5,Andy Smith,63528,Southeast RTC,Michael Burchell,57036,Appalachian State
2020,01/25,Appalachian Open,285,W,FALL,3:53,Grayson Walthall,62675,Chattanooga,Michael Burchell,57036,Appalachian State
2020,01/25,Appalachian Open,285,W,DEC,7 - 6,Owen Trephan,56903,NC State,Michael Burchell,57036,Appalachian State
2020,01/25,Appalachian Open,285,L,DEC,8 - 5,Anthony Perrine,49135,Gardner-Webb,Michael Burchell,57036,Appalachian State
2020,01/04,Franklin & Marshall Open,285,W,FALL,2:51,Wade Wheeler,61813,Campbell,Michael Burchell,57036,Appalachian State
2020,01/04,Franklin & Marshall Open,285,L,DEC,8 - 6,Vincenzo Pelusi,50112,Franklin & Marshall,Michael Burchell,57036,Appalachian State
2020,01/04,Franklin & Marshall Open,285,W,MD,13 - 5,Caleb Warner,48403,Millersville,Michael Burchell,57036,Appalachian State
2020,01/04,Franklin & Marshall Open,285,L,MD,10 - 0,Connor Fredericks,52572,Sacred Heart,Michael Burchell,57036,Appalachian State
2020,01/04,Franklin & Marshall Open,285,W,DEC,7 - 4,Aidan Conner,57524,Princeton,Michael Burchell,57036,Appalachian State
2020,01/01,Southern Scuffle,285,W,MD,14 - 6,Austin Harris,52334,Oklahoma State,Michael Burchell,57036,Appalachian State
2020,01/01,Southern Scuffle,285,L,MD,11 - 3,Brandon Metz,49222,North Dakota State,Michael Burchell,57036,Appalachian State
2020,01/01,Southern Scuffle,285,L,DEC,4 - 0,Christopher Beck,45424,VMI,Michael Burchell,57036,Appalachian State
2020,01/01,Southern Scuffle,285,W,DEC,14 - 8,David Showunmi,39853,Stanford,Michael Burchell,57036,Appalachian State
2020,11/24,Keystone Classic,285,L,DEC,4 - 1,Ben Goldin,50827,Pennsylvania,Michael Burchell,57036,Appalachian State
2020,11/24,Keystone Classic,285,L,DEC,6 - 2,Vincenzo Pelusi,50112,Franklin & Marshall,Michael Burchell,57036,Appalachian State
2020,11/24,Keystone Classic,285,W,TF5,17 - 2 6:46,Robbie Adelstein,57294,VMI,Michael Burchell,57036,Appalachian State
2020,11/17,Wolfpack Open,285,L,MFOR,0 - 0,Cary Miller,39976,Appalachian State,Michael Burchell,57036,Appalachian State
2020,11/17,Wolfpack Open,285,W,FALL,1:44,Edwin Ramirez,63527,Newberry,Michael Burchell,57036,Appalachian State
2020,11/17,Wolfpack Open,285,W,DEC,10 - 6,Owen Trephan,56903,NC State,Michael Burchell,57036,Appalachian State
2020,11/17,Wolfpack Open,285,W,FALL,3:27,Deonte Wilson,56403,NC State,Michael Burchell,57036,Appalachian State
2020,11/09,Mountaineer Invitational,285,W,FALL,2:57,Wade Wheeler,61813,Campbell,Michael Burchell,57036,Appalachian State
2020,11/09,Mountaineer Invitational,285,W,FALL,3:34,Logan Andrew,59757,Chattanooga,Michael Burchell,57036,Appalachian State
2020,11/09,Mountaineer Invitational,285,L,DEC,5 - 1,Anthony Perrine,49135,Gardner-Webb,Michael Burchell,57036,Appalachian State
2020,11/03,Southeast Open,285,L,DEC,9 - 3,Andy Smith,63528,Southeast RTC,Michael Burchell,57036,Appalachian State
2020,11/03,Southeast Open,285,W,DEC,6 - 0,Edwin Ramirez,63527,Newberry,Michael Burchell,57036,Appalachian State
2020,11/03,Southeast Open,285,W,DEC,5 - 3,Jacob Slinger,57307,George Mason,Michael Burchell,57036,Appalachian State
2020,11/03,Southeast Open,285,W,DEC,4 - 1,Robbie Adelstein,57294,VMI,Michael Burchell,57036,Appalachian State
2020,02/09,Newberry Open,285,W,FALL,1:54,Alex Saint-Jean,66781,Keiser,Tim Warren,57649,Appalachian State
2020,02/09,Newberry Open,285,W,DEC,3 - 0,Edwin Ramirez,63527,Newberry,Tim Warren,57649,Appalachian State
2020,02/09,Newberry Open,285,L,DEC,8 - 3,Leo White,61079,Florida A&M,Tim Warren,57649,Appalachian State
2020,02/09,Newberry Open,285,L,DEC,3 - 1,Nicholas Weldon,20307,Newberry,Tim Warren,57649,Appalachian State
2020,01/25,Appalachian Open,285,L,MD,13 - 1,Andy Smith,63528,Southeast RTC,Tim Warren,57649,Appalachian State
2020,01/25,Appalachian Open,285,W,DEC,9 - 2,Jarrett Tronge,62771,Virginia Tech,Tim Warren,57649,Appalachian State
2020,01/25,Appalachian Open,285,W,FALL,6:22,Wade Wheeler,61813,Campbell,Tim Warren,57649,Appalachian State
2020,01/25,Appalachian Open,285,L,MD,10 - 1,Anthony Perrine,49135,Gardner-Webb,Tim Warren,57649,Appalachian State
2020,11/24,Tornado Open,285,W,DEC,9 - 2,Omega Webb,65194,Bluefield College,Tim Warren,57649,Appalachian State
2020,11/24,Tornado Open,285,L,DEC,4 - 1,Cameron Carr,64156,Brewton-Parker,Tim Warren,57649,Appalachian State
2020,11/24,Tornado Open,285,L,SV-1,3 - 1,Devon Rice,62683,Newberry,Tim Warren,57649,Appalachian State
2020,11/17,Wolfpack Open,285,W,DEC,8 - 4,Wade Wheeler,61813,Campbell,Tim Warren,57649,Appalachian State
2020,11/17,Wolfpack Open,285,L,MD,8 - 0,Mateusz Kudra,60410,Virginia,Tim Warren,57649,Appalachian State
2020,11/17,Wolfpack Open,285,L,TF5,23 - 8 4:31,Owen Trephan,56903,NC State,Tim Warren,57649,Appalachian State
2020,11/09,Mountaineer Invitational,285,L,DEC,4 - 2,Wade Wheeler,61813,Campbell,Tim Warren,57649,Appalachian State
2020,11/09,Mountaineer Invitational,285,L,DEC,4 - 1,Anthony Perrine,49135,Gardner-Webb,Tim Warren,57649,Appalachian State
