season,date,event,weight_class,result,result_type,score,opponent,opponent_id,opponent_school,wrestler,wrestler_id,wrestler_school
2019,03/21,NCAA Championships,125,L,DEC,8 - 2,Michael McGee,49264,Old Dominion,Alex Mackall,44577,Iowa State
2019,03/21,NCAA Championships,125,W,DEC,7 - 4,Drew Hildebrandt,44818,Central Michigan,Alex Mackall,44577,Iowa State
2019,03/21,NCAA Championships,125,W,FALL,2:54,Bryce West,50039,Northern Illinois,Alex Mackall,44577,Iowa State
2019,03/21,NCAA Championships,125,L,DEC,8 - 2,Sean Fausz,20126,NC State,Alex Mackall,44577,Iowa State
2019,03/09,Big 12 Championships,125,W,DEC,4 - 3,Mitch Brown,40325,Utah Valley,Alex Mackall,44577,Iowa State
2019,03/09,Big 12 Championships,125,L,DEC,6 - 0,Rico Montoya,39862,Northern Colorado,Alex Mackall,44577,Iowa State
2019,03/09,Big 12 Championships,125,W,DEC,8 - 5,Jacob Schwarm,39750,Northern Iowa,Alex Mackall,44577,Iowa State
2019,03/09,Big 12 Championships,125,W,TF5,18 - 3 6:41,Christian Moody,39746,Oklahoma,Alex Mackall,44577,Iowa State
2019,03/09,Big 12 Championships,125,W,MD,16 - 2,Robert Garcia IV,49466,Fresno State,Alex Mackall,44577,Iowa State
2019,02/24,Missouri - Iowa State Dual,125,W,DEC,4 - 2,Dack Punke,49195,Missouri,Alex Mackall,44577,Iowa State
2019,02/21,Iowa State - Northern Iowa Dual,125,L,DEC,6 - 3,Jacob Schwarm,39750,Northern Iowa,Alex Mackall,44577,Iowa State
2019,02/17,Last Chance Open,125,L,MFOR,0 - 0,Jakob Allison,46991,Iowa State,Alex Mackall,44577,Iowa State
2019,02/17,Last Chance Open,125,L,MFOR,0 - 0,Michael DeAugustino,56007,Northwestern,Alex Mackall,44577,Iowa State
2019,02/17,Last Chance Open,125,W,FALL,2:47,Zach Shupp,51187,Central Michigan,Alex Mackall,44577,Iowa State
2019,02/17,Last Chance Open,125,L,MFOR,0 - 0,Gage Datlovsky,45290,SIU Edwardsville,Alex Mackall,44577,Iowa State
2019,02/11,Iowa State - Oregon State Dual,125,L,DEC,9 - 5,Ronnie Bresser,25183,Oregon State,Alex Mackall,44577,Iowa State
2019,02/03,Utah Valley - Iowa State Dual,125,W,FALL,4:03,Josh Jensen,41784,Utah Valley,Alex Mackall,44577,Iowa State
2019,02/01,South Dakota State - Iowa State Dual,125,W,FALL,2:25,Gregory Coapstick,57179,South Dakota State,Alex Mackall,44577,Iowa State
2019,01/27,Iowa State - Oklahoma State Dual,125,L,MD,14 - 2,Nick Piccininni,39547,Oklahoma State,Alex Mackall,44577,Iowa State
2019,01/25,Oklahoma - Iowa State Dual,125,W,DEC,10 - 4,Zach Atencio,45258,Oklahoma,Alex Mackall,44577,Iowa State
2019,01/20,Iowa State - West Virginia Dual,125,W,DEC,8 - 2,Joey Thomas,51008,West Virginia,Alex Mackall,44577,Iowa State
2019,01/17,Iowa State - Rider Dual,125,W,FALL,5:36,Jonathon Tropea,46048,Rider,Alex Mackall,44577,Iowa State
2019,01/13,Fresno State - Iowa State Dual,125,W,FALL,5:55,Robert Garcia IV,49466,Fresno State,Alex Mackall,44577,Iowa State
2019,01/09,Iowa State - North Dakota State Dual,125,L,SV-1,4 - 2,Brent Fleetwood,19750,North Dakota State,Alex Mackall,44577,Iowa State
2019,01/01,Southern Scuffle,125,W,DEC,7 - 3,Logan Treaster,49205,Navy,Alex Mackall,44577,Iowa State
2019,01/01,Southern Scuffle,125,L,DEC,6 - 5,Alonzo Allen,19765,Chattanooga,Alex Mackall,44577,Iowa State
2019,01/01,Southern Scuffle,125,W,FALL,0:35,Harrison Campbell,49125,Duke,Alex Mackall,44577,Iowa State
2019,01/01,Southern Scuffle,125,W,DEC,7 - 5,Gabe Townsell,45387,Stanford,Alex Mackall,44577,Iowa State
2019,01/01,Southern Scuffle,125,L,DEC,4 - 0,Rico Montoya,39862,Northern Colorado,Alex Mackall,44577,Iowa State
2019,01/01,Southern Scuffle,125,L,DEC,5 - 3,Jakob Camacho,50655,NC State,Alex Mackall,44577,Iowa State
2019,12/08,UNI Open,125,W,DEC,6 - 4,Cevion Severado,51610,Missouri,Alex Mackall,44577,Iowa State
2019,12/08,UNI Open,125,W,DEC,5 - 1,Patrick McKee,50594,Minnesota,Alex Mackall,44577,Iowa State
2019,12/08,UNI Open,125,W,TF5,17 - 1 7:00,Jacob Schipper,50021,Northern Iowa,Alex Mackall,44577,Iowa State
2019,12/08,UNI Open,125,W,MFOR,0 - 0,Skyler Petry,20045,Minnesota,Alex Mackall,44577,Iowa State
2019,12/01,Iowa State - Iowa Dual,125,L,MD,13 - 4,Spencer Lee,49146,Iowa,Alex Mackall,44577,Iowa State
2019,11/17,Lindenwood Open,125,W,DEC,5 - 3,Kevin Radcliff,52130,Iowa Central Community College,Alex Mackall,44577,Iowa State
2019,11/17,Lindenwood Open,125,L,DEC,11 - 10,Malik Heinselman,50611,Ohio State,Alex Mackall,44577,Iowa State
2019,11/17,Lindenwood Open,125,W,MD,13 - 5,Marcus Povlick,47368,McKendree University,Alex Mackall,44577,Iowa State
2019,11/11,Southern Illinois Edwardsville - Iowa State Dual,125,W,DEC,16 - 14,Austin Macias,57088,SIU Edwardsville,Alex Mackall,44577,Iowa State
2019,11/03,Cyclone Open,125,W,DEC,8 - 5,Cameron Valdiviez,49029,Missouri,Alex Mackall,44577,Iowa State
2019,11/03,Cyclone Open,125,W,DEC,15 - 8,Justin Portillo,44829,Grand View,Alex Mackall,44577,Iowa State
2019,02/17,Last Chance Open,125,L,DEC,7 - 4,Michael DeAugustino,56007,Northwestern,Corey Cabanban,57236,Iowa State
2019,02/17,Last Chance Open,125,W,MD,14 - 4,Jakob Allison,46991,Iowa State,Corey Cabanban,57236,Iowa State
2019,02/02,Sioux City Dave Edmonds Open,125,W,MD,9 - 1,Ramon Ramos,61450,Valiant Prep,Corey Cabanban,57236,Iowa State
2019,02/02,Sioux City Dave Edmonds Open,125,W,FALL,1:27,Stephen Galbreath,60094,Waldorf,Corey Cabanban,57236,Iowa State
2019,02/02,Sioux City Dave Edmonds Open,125,W,FALL,1:05,Marcelo Perez,59943,Briar Cliff,Corey Cabanban,57236,Iowa State
2019,02/02,Sioux City Dave Edmonds Open,125,L,DEC,3 - 2,Alex Thomsen,50601,Nebraska,Corey Cabanban,57236,Iowa State
2019,01/26,Loras Open,133,W,DEC,8 - 4,Zach Licht,75301,Loras,Corey Cabanban,57236,Iowa State
2019,01/26,Loras Open,133,W,DEC,7 - 5,Dominic Dentino,56924,Wisconsin,Corey Cabanban,57236,Iowa State
2019,01/26,Loras Open,133,W,FALL,2:42,Joshua Badillo,53771,Iowa Central Community College,Corey Cabanban,57236,Iowa State
2019,01/26,Loras Open,133,W,DEC,5 - 3,Xavier Maxwell,49512,Ellsworth CC,Corey Cabanban,57236,Iowa State
2019,01/26,Loras Open,133,L,DEC,8 - 6,Jack Wagner,44755,Northern Iowa,Corey Cabanban,57236,Iowa State
2019,01/26,Loras Open,133,W,FALL,6:07,Tanner Rohweder,40370,Northern Iowa,Corey Cabanban,57236,Iowa State
2019,12/08,UNI Open,125,W,FALL,4:22,Jacob Schipper,50021,Northern Iowa,Corey Cabanban,57236,Iowa State
2019,12/08,UNI Open,125,L,DEC,4 - 2,Dack Punke,49195,Missouri,Corey Cabanban,57236,Iowa State
2019,12/08,UNI Open,125,L,DEC,3 - 2,Justin Cardani,51687,Illinois,Corey Cabanban,57236,Iowa State
2019,11/17,Lindenwood Open,125,W,DEC,3 - 1,Mason Naifeh,59441,Northeastern Oklahoma,Corey Cabanban,57236,Iowa State
2019,11/17,Lindenwood Open,125,W,MD,11 - 3,Cameron Fusco,57512,McKendree University,Corey Cabanban,57236,Iowa State
2019,11/17,Lindenwood Open,125,W,MD,18 - 4,Dillon Priddy,52230,Labette Community College,Corey Cabanban,57236,Iowa State
2019,11/17,Lindenwood Open,125,W,DEC,11 - 4,Cevion Severado,51610,Missouri,Corey Cabanban,57236,Iowa State
2019,11/17,Lindenwood Open,125,W,MD,15 - 4,Nathan Cummings,51073,Purdue,Corey Cabanban,57236,Iowa State
2019,11/10,Grand View Open,125,W,SV-1,5 - 3,Tre Ponce,58698,Labette Community College,Corey Cabanban,57236,Iowa State
2019,11/10,Grand View Open,125,W,MD,10 - 2,Eric Lopez,58697,Graceland University,Corey Cabanban,57236,Iowa State
2019,11/10,Grand View Open,125,W,DEC,5 - 2,Carter Cox,52221,Ellsworth CC,Corey Cabanban,57236,Iowa State
2019,11/10,Grand View Open,125,W,MFOR,0 - 0,Kevin Radcliff,52130,Iowa Central Community College,Corey Cabanban,57236,Iowa State
2019,11/10,Grand View Open,125,W,DEC,7 - 2,Jakob Allison,46991,Iowa State,Corey Cabanban,57236,Iowa State
2019,11/10,Grand View Open,125,L,DEC,5 - 1,Kyle Biscoglia,51109,Northern Iowa,Corey Cabanban,57236,Iowa State
2019,11/03,Cyclone Open,125,W,MD,15 - 5,Jaxson Roney,58049,Iowa Central Community College,Corey Cabanban,57236,Iowa State
2019,11/03,Cyclone Open,125,L,DEC,8 - 5,Ethan Rotondo,51219,Wisconsin,Corey Cabanban,57236,Iowa State
2019,11/03,Cyclone Open,125,W,SV-1,6 - 4,Kyle Biscoglia,51109,Northern Iowa,Corey Cabanban,57236,Iowa State
2019,11/03,Cyclone Open,125,W,DEC,9 - 2,Jakob Allison,46991,Iowa State,Corey Cabanban,57236,Iowa State
2019,02/17,Last Chance Open,125,L,MD,14 - 4,Corey Cabanban,57236,Iowa State,Jakob Allison,46991,Iowa State
2019,02/17,Last Chance Open,125,L,DEC,4 - 1,Zach Shupp,51187,Central Michigan,Jakob Allison,46991,Iowa State
2019,02/17,Last Chance Open,125,W,DEC,6 - 5,Gage Datlovsky,45290,SIU Edwardsville,Jakob Allison,46991,Iowa State
2019,02/17,Last Chance Open,125,W,MFOR,0 - 0,Alex Mackall,44577,Iowa State,Jakob Allison,46991,Iowa State
2019,02/02,Sioux City Dave Edmonds Open,125,W,DEC,9 - 3,Robiel Tesfaldet,61453,Unattached,Jakob Allison,46991,Iowa State
2019,02/02,Sioux City Dave Edmonds Open,125,W,FALL,2:17,Stephen Galbreath,60094,Waldorf,Jakob Allison,46991,Iowa State
2019,02/02,Sioux City Dave Edmonds Open,125,W,TF5,16 - 0 2:51,John Cleristor,59964,Iowa Western Community College,Jakob Allison,46991,Iowa State
2019,02/02,Sioux City Dave Edmonds Open,125,L,DEC,6 - 3,Omeed Chamanzad,48242,Grand View,Jakob Allison,46991,Iowa State
2019,02/02,Sioux City Dave Edmonds Open,125,L,DEC,6 - 0,Omeed Chamanzad,48242,Grand View,Jakob Allison,46991,Iowa State
2019,02/02,Sioux City Dave Edmonds Open,125,W,MFOR,0 - 0,Trevor Murano,46641,Grand View,Jakob Allison,46991,Iowa State
2019,01/26,Loras Open,125,W,DEC,12 - 5,Matt Randone,61232,Loras,Jakob Allison,46991,Iowa State
2019,01/26,Loras Open,125,W,TF5,16 - 1 7:00,Duncan McCain,60656,Loras,Jakob Allison,46991,Iowa State
2019,01/26,Loras Open,125,L,DEC,2 - 0,Kevin Radcliff,52130,Iowa Central Community College,Jakob Allison,46991,Iowa State
2019,01/26,Loras Open,125,L,DEC,4 - 0,Ethan Rotondo,51219,Wisconsin,Jakob Allison,46991,Iowa State
2019,01/26,Loras Open,125,L,DEC,6 - 0,Kyle Biscoglia,51109,Northern Iowa,Jakob Allison,46991,Iowa State
2019,12/08,UNI Open,125,W,MD,9 - 0,Tom Dineen,60175,Unattached,Jakob Allison,46991,Iowa State
2019,12/08,UNI Open,125,L,DEC,6 - 1,Kevin Radcliff,52130,Iowa Central Community College,Jakob Allison,46991,Iowa State
2019,12/08,UNI Open,125,L,SV-1,10 - 8,Skyler Petry,20045,Minnesota,Jakob Allison,46991,Iowa State
2019,11/17,Lindenwood Open,125,W,MD,14 - 2,Jacob Roberson,59578,Labette Community College,Jakob Allison,46991,Iowa State
2019,11/17,Lindenwood Open,125,W,FALL,0:59,Nicholas Lindley,59576,Lindenwood - Belleville,Jakob Allison,46991,Iowa State
2019,11/17,Lindenwood Open,125,L,SV-1,9 - 7,Austin Plumlee,59154,Cumberland,Jakob Allison,46991,Iowa State
2019,11/17,Lindenwood Open,125,L,TF5,26 - 11 7:00,Cameron Fusco,57512,McKendree University,Jakob Allison,46991,Iowa State
2019,11/10,Grand View Open,125,L,DEC,7 - 2,Corey Cabanban,57236,Iowa State,Jakob Allison,46991,Iowa State
2019,11/10,Grand View Open,125,W,DEC,7 - 1,Tre Ponce,58698,Labette Community College,Jakob Allison,46991,Iowa State
2019,11/10,Grand View Open,125,W,TF5,15 - 0 7:00,Jacob Garrison,58686,North Idaho College,Jakob Allison,46991,Iowa State
2019,11/10,Grand View Open,125,L,SV-1,6 - 4,Jacob Frias,58665,North Idaho College,Jakob Allison,46991,Iowa State
2019,11/10,Grand View Open,125,W,MD,11 - 2,Justin Mitchell,54571,Central Missouri,Jakob Allison,46991,Iowa State
2019,11/10,Grand View Open,125,L,DEC,6 - 0,Jacob Schipper,50021,Northern Iowa,Jakob Allison,46991,Iowa State
2019,11/03,Cyclone Open,125,L,DEC,9 - 2,Corey Cabanban,57236,Iowa State,Jakob Allison,46991,Iowa State
2019,11/03,Cyclone Open,125,W,FALL,1:04,Derrick Pendleton,58048,Iowa State University Wrestling Club,Jakob Allison,46991,Iowa State
2019,11/03,Cyclone Open,125,W,TF5,17 - 2 4:56,Jeffery Williams,52548,Central Baptist College,Jakob Allison,46991,Iowa State
2019,11/03,Cyclone Open,125,L,DEC,8 - 3,Kevin Radcliff,52130,Iowa Central Community College,Jakob Allison,46991,Iowa State
2019,03/21,NCAA Championships,133,L,MD,16 - 5,Austin DeSanto,49117,Iowa,Austin Gomez,49153,Iowa State
2019,03/21,NCAA Championships,133,W,SV-1,4 - 2,Montorie Bridges,44844,Wyoming,Austin Gomez,49153,Iowa State
2019,03/21,NCAA Championships,133,W,TF5,17 - 1 5:42,Josh Terao,20533,American,Austin Gomez,49153,Iowa State
2019,03/21,NCAA Championships,133,L,DEC,1 - 0,Micky Phillippi,45230,Pittsburgh,Austin Gomez,49153,Iowa State
2019,03/21,NCAA Championships,133,W,MD,11 - 0,Brandon Paetzell,44578,Lehigh,Austin Gomez,49153,Iowa State
2019,03/09,Big 12 Championships,133,W,MD,15 - 4,Jack Skudlarczyk,49241,Northern Iowa,Austin Gomez,49153,Iowa State
2019,03/09,Big 12 Championships,133,W,SV-1,5 - 3,Matthew Schmitt,45171,West Virginia,Austin Gomez,49153,Iowa State
2019,03/09,Big 12 Championships,133,L,DEC,6 - 3,Montorie Bridges,44844,Wyoming,Austin Gomez,49153,Iowa State
2019,03/09,Big 12 Championships,133,W,DEC,8 - 1,Gary Joint,50163,Fresno State,Austin Gomez,49153,Iowa State
2019,02/24,Missouri - Iowa State Dual,133,L,TF5,22 - 6 6:21,John Erneste,20058,Missouri,Austin Gomez,49153,Iowa State
2019,02/21,Iowa State - Northern Iowa Dual,133,W,TF5,21 - 4 4:06,Jack Skudlarczyk,49241,Northern Iowa,Austin Gomez,49153,Iowa State
2019,02/11,Iowa State - Oregon State Dual,133,W,FALL,6:14,Devan Turner,45397,Oregon State,Austin Gomez,49153,Iowa State
2019,02/01,South Dakota State - Iowa State Dual,133,W,FALL,4:52,Rylee Molitor,49322,South Dakota State,Austin Gomez,49153,Iowa State
2019,01/27,Iowa State - Oklahoma State Dual,133,L,DEC,5 - 4,Daton Fix,49263,Oklahoma State,Austin Gomez,49153,Iowa State
2019,01/25,Oklahoma - Iowa State Dual,133,W,DEC,8 - 2,Anthony Madrigal,50633,Oklahoma,Austin Gomez,49153,Iowa State
2019,01/20,Iowa State - West Virginia Dual,133,W,DEC,8 - 4,Matthew Schmitt,45171,West Virginia,Austin Gomez,49153,Iowa State
2019,01/17,Iowa State - Rider Dual,133,L,FALL,2:55,Anthony Cefolo,40284,Rider,Austin Gomez,49153,Iowa State
2019,01/13,Fresno State - Iowa State Dual,133,W,TF5,24 - 5 5:33,Gary Joint,50163,Fresno State,Austin Gomez,49153,Iowa State
2019,01/09,Iowa State - North Dakota State Dual,133,W,SV-1,8 - 6,Cameron Sykora,39757,North Dakota State,Austin Gomez,49153,Iowa State
2019,01/01,Southern Scuffle,133,W,FALL,3:57,Roman Bravo-Young,49665,Penn State,Austin Gomez,49153,Iowa State
2019,01/01,Southern Scuffle,133,L,DEC,6 - 3,Daton Fix,49263,Oklahoma State,Austin Gomez,49153,Iowa State
2019,01/01,Southern Scuffle,133,W,MD,14 - 4,Casey Cobb,45566,Navy,Austin Gomez,49153,Iowa State
2019,01/01,Southern Scuffle,133,W,DEC,16 - 15,Ty Smith,52110,Drexel,Austin Gomez,49153,Iowa State
2019,01/01,Southern Scuffle,133,W,DEC,7 - 1,Chance Rich,50933,CSU Bakersfield,Austin Gomez,49153,Iowa State
2019,12/16,Ohio - Iowa State Dual,133,W,DEC,5 - 3,Mario Guillen,44618,Ohio,Austin Gomez,49153,Iowa State
2019,12/01,Iowa State - Iowa Dual,133,W,DEC,14 - 9,Austin DeSanto,49117,Iowa,Austin Gomez,49153,Iowa State
2019,11/17,Lindenwood Open,133,W,DEC,3 - 2,Allan Hart,49193,Missouri,Austin Gomez,49153,Iowa State
2019,11/17,Lindenwood Open,133,W,DEC,15 - 13,Danny Swan,41157,Lindenwood,Austin Gomez,49153,Iowa State
2019,11/17,Lindenwood Open,133,W,MD,10 - 1,Lucas Bernal,40201,SIU Edwardsville,Austin Gomez,49153,Iowa State
2019,11/11,Southern Illinois Edwardsville - Iowa State Dual,133,W,TF5,18 - 3 3:00,Jacob Blaha,50963,SIU Edwardsville,Austin Gomez,49153,Iowa State
2019,02/17,Last Chance Open,141,W,DEC,11 - 5,Kyle French,58120,Notre Dame,Todd Small,45992,Iowa State
2019,02/17,Last Chance Open,141,W,SV-1,7 - 5,Mitchell Christensen,57364,Central Michigan,Todd Small,45992,Iowa State
2019,02/17,Last Chance Open,141,L,DEC,6 - 1,Saul Ervin,57010,SIU Edwardsville,Todd Small,45992,Iowa State
2019,02/17,Last Chance Open,141,W,MFOR,0 - 0,David Bavery,47138,Notre Dame,Todd Small,45992,Iowa State
2019,01/01,Southern Scuffle,133,W,DEC,10 - 6,Cody Trybus,45568,Navy,Todd Small,45992,Iowa State
2019,01/01,Southern Scuffle,133,W,DEC,10 - 3,Casey Cobb,45566,Navy,Todd Small,45992,Iowa State
2019,01/01,Southern Scuffle,133,W,MFOR,0 - 0,Dawson Bates,50914,Appalachian State,Todd Small,45992,Iowa State
2019,01/01,Southern Scuffle,133,W,SV-1,7 - 5,Collin Gerardi,51286,Virginia Tech,Todd Small,45992,Iowa State
2019,01/01,Southern Scuffle,133,W,DEC,7 - 4,Dalton Young,49328,Stanford,Todd Small,45992,Iowa State
2019,01/01,Southern Scuffle,133,W,SV-1,4 - 2,Mason Pengilly,20392,Stanford,Todd Small,45992,Iowa State
2019,01/01,Southern Scuffle,133,L,DEC,5 - 4,Sean Nickell,11606,CSU Bakersfield,Todd Small,45992,Iowa State
2019,01/01,Southern Scuffle,133,L,DEC,3 - 2,Sean Nickell,11606,CSU Bakersfield,Todd Small,45992,Iowa State
2019,12/08,UNI Open,133,W,DEC,7 - 2,Jack Skudlarczyk,49241,Northern Iowa,Todd Small,45992,Iowa State
2019,12/08,UNI Open,133,W,DEC,4 - 2,McGwire Midkiff,49224,North Dakota State,Todd Small,45992,Iowa State
2019,11/17,Lindenwood Open,133,W,DEC,11 - 5,Alex Waggoner,43459,Maryville University,Todd Small,45992,Iowa State
2019,11/17,Lindenwood Open,133,W,FALL,1:03,Derek Heil,22293,Lindenwood,Todd Small,45992,Iowa State
2019,11/17,Lindenwood Open,133,W,DEC,5 - 4,Allan Hart,49193,Missouri,Todd Small,45992,Iowa State
2019,11/17,Lindenwood Open,133,L,DEC,6 - 4,Allan Hart,49193,Missouri,Todd Small,45992,Iowa State
2019,11/17,Lindenwood Open,133,W,DEC,7 - 3,Paul Glynn,39535,Iowa,Todd Small,45992,Iowa State
2019,11/17,Lindenwood Open,133,W,MD,19 - 9,Andy O'Brien,50858,Illinois,Todd Small,45992,Iowa State
2019,11/03,Cyclone Open,133,L,DEC,9 - 3,Allan Hart,49193,Missouri,Todd Small,45992,Iowa State
2019,11/03,Cyclone Open,133,W,TF5,19 - 3 3:29,Darrin Eades,23751,Northern Iowa,Todd Small,45992,Iowa State
2019,11/03,Cyclone Open,133,W,DEC,12 - 6,Jens Lantz,20484,Wisconsin,Todd Small,45992,Iowa State
2019,02/17,Last Chance Open,133,L,DEC,10 - 4,Ramazan Attasauov,58943,Wyoming Seminary Prep,Sinjin Briggs,54314,Iowa State
2019,02/17,Last Chance Open,133,L,MD,11 - 2,Anthony Cefolo,40284,Rider,Sinjin Briggs,54314,Iowa State
2019,02/02,Sioux City Dave Edmonds Open,133,L,DEC,10 - 7,Van Schmidt,61451,Unattached,Sinjin Briggs,54314,Iowa State
2019,02/02,Sioux City Dave Edmonds Open,133,W,DEC,10 - 3,Spencer Huber,57178,South Dakota State,Sinjin Briggs,54314,Iowa State
2019,02/02,Sioux City Dave Edmonds Open,133,L,DEC,9 - 3,Taylor Jeffries,53447,Augustana,Sinjin Briggs,54314,Iowa State
2019,01/26,Loras Open,133,L,FALL,4:12,Donny Schmit,58438,Upper Iowa,Sinjin Briggs,54314,Iowa State
2019,01/26,Loras Open,133,L,DEC,9 - 6,Dominic Dentino,56924,Wisconsin,Sinjin Briggs,54314,Iowa State
2019,12/08,UNI Open,133,L,TF5,17 - 2 7:00,Drew Bennett,51142,Northern Iowa,Sinjin Briggs,54314,Iowa State
2019,12/08,UNI Open,133,L,DEC,9 - 5,Weston DiBlasi,50590,Missouri,Sinjin Briggs,54314,Iowa State
2019,11/17,Lindenwood Open,133,W,FALL,0:29,Dominic Robles,59579,Cumberland,Sinjin Briggs,54314,Iowa State
2019,11/17,Lindenwood Open,133,L,DEC,6 - 2,Hector Candelaria,59574,Ellsworth CC,Sinjin Briggs,54314,Iowa State
2019,11/17,Lindenwood Open,133,W,TF5,16 - 0 7:00,Chris Koetje,58123,Davenport,Sinjin Briggs,54314,Iowa State
2019,11/17,Lindenwood Open,133,W,FALL,4:30,Asher Meekhof,57947,Davenport,Sinjin Briggs,54314,Iowa State
2019,11/17,Lindenwood Open,133,L,FALL,0:44,Dominick Arellano,55139,Baker,Sinjin Briggs,54314,Iowa State
2019,11/17,Lindenwood Open,133,W,DEC,10 - 3,Tajuan Daniels ll,53466,Labette Community College,Sinjin Briggs,54314,Iowa State
2019,11/10,Grand View Open,133,W,SV-1,10 - 8,Dillon Stewart,58706,Iowa Western Community College,Sinjin Briggs,54314,Iowa State
2019,11/10,Grand View Open,133,W,DEC,7 - 6,Nicholas Short,56511,Graceland University,Sinjin Briggs,54314,Iowa State
2019,11/10,Grand View Open,133,L,DEC,5 - 3,Nicholas Hara,55119,North Idaho College,Sinjin Briggs,54314,Iowa State
2019,11/10,Grand View Open,133,W,DEC,8 - 5,Joshua Badillo,53771,Iowa Central Community College,Sinjin Briggs,54314,Iowa State
2019,11/10,Grand View Open,133,W,MD,10 - 2,Tajuan Daniels ll,53466,Labette Community College,Sinjin Briggs,54314,Iowa State
2019,11/10,Grand View Open,133,L,DQ,0 - 0,Xavier Maxwell,49512,Ellsworth CC,Sinjin Briggs,54314,Iowa State
2019,11/03,Cyclone Open,133,L,DEC,6 - 2,Dominic Dentino,58034,Unattached,Sinjin Briggs,54314,Iowa State
2019,11/03,Cyclone Open,133,W,TF5,18 - 0 2:27,Steven Anthes,58030,Iowa Central Community College,Sinjin Briggs,54314,Iowa State
2019,11/03,Cyclone Open,133,L,DEC,8 - 1,Shea Ruffridge,51095,Grand View,Sinjin Briggs,54314,Iowa State
2019,03/21,NCAA Championships,141,L,MD,12 - 4,Kaid Brock,39544,Oklahoma State,Ian Parker,44732,Iowa State
2019,03/21,NCAA Championships,141,W,FALL,5:35,Peter Lipari,39530,Rutgers,Ian Parker,44732,Iowa State
2019,03/21,NCAA Championships,141,L,FALL,3:59,Chad Red,44683,Nebraska,Ian Parker,44732,Iowa State
2019,03/09,Big 12 Championships,141,W,MD,9 - 0,Caleb Rea,56445,West Virginia,Ian Parker,44732,Iowa State
2019,03/09,Big 12 Championships,141,W,MD,12 - 4,Sawyer Degen,50567,North Dakota State,Ian Parker,44732,Iowa State
2019,03/09,Big 12 Championships,141,L,DEC,8 - 4,Dominick Demas,49256,Oklahoma,Ian Parker,44732,Iowa State
2019,03/09,Big 12 Championships,141,L,DEC,2 - 0,Josh Alber,20208,Northern Iowa,Ian Parker,44732,Iowa State
2019,02/24,Missouri - Iowa State Dual,141,L,FALL,4:54,Jaydin Eierman,39508,Missouri,Ian Parker,44732,Iowa State
2019,02/21,Iowa State - Northern Iowa Dual,141,L,DEC,3 - 1,Josh Alber,20208,Northern Iowa,Ian Parker,44732,Iowa State
2019,02/11,Iowa State - Oregon State Dual,141,L,DEC,9 - 4,Grant Willits,49273,Oregon State,Ian Parker,44732,Iowa State
2019,02/03,Utah Valley - Iowa State Dual,141,W,FALL,6:29,Dylan Gregerson,57053,Utah Valley,Ian Parker,44732,Iowa State
2019,02/01,South Dakota State - Iowa State Dual,141,W,MD,17 - 6,Aric Williams,51002,South Dakota State,Ian Parker,44732,Iowa State
2019,01/27,Iowa State - Oklahoma State Dual,141,W,DEC,6 - 3,Kaid Brock,39544,Oklahoma State,Ian Parker,44732,Iowa State
2019,01/25,Oklahoma - Iowa State Dual,141,W,SV-1,4 - 3,Dominick Demas,49256,Oklahoma,Ian Parker,44732,Iowa State
2019,01/20,Iowa State - West Virginia Dual,141,W,DEC,14 - 9,Caleb Rea,56445,West Virginia,Ian Parker,44732,Iowa State
2019,01/17,Iowa State - Rider Dual,141,W,FALL,5:20,Travis Layton,49041,Rider,Ian Parker,44732,Iowa State
2019,01/13,Fresno State - Iowa State Dual,141,W,MD,19 - 5,Chris Deloza,50399,Fresno State,Ian Parker,44732,Iowa State
2019,01/01,Southern Scuffle,141,W,MD,10 - 2,Kyle Trybus,44659,Navy,Ian Parker,44732,Iowa State
2019,01/01,Southern Scuffle,141,L,MFOR,0 - 0,Chris Debien,39720,Chattanooga,Ian Parker,44732,Iowa State
2019,01/01,Southern Scuffle,141,L,MFOR,0 - 0,Kyle Shoop,39682,Lock Haven,Ian Parker,44732,Iowa State
2019,01/01,Southern Scuffle,141,W,DEC,9 - 4,Irvin Enriquez,40401,Appalachian State,Ian Parker,44732,Iowa State
2019,01/01,Southern Scuffle,141,W,FALL,6:22,Carlos Herrera,40167,CSU Bakersfield,Ian Parker,44732,Iowa State
2019,12/16,Ohio - Iowa State Dual,141,W,MD,11 - 1,Kyran Hagan,49247,Ohio,Ian Parker,44732,Iowa State
2019,12/01,Iowa State - Iowa Dual,141,W,DEC,5 - 4,Max Murin,49148,Iowa,Ian Parker,44732,Iowa State
2019,11/17,Lindenwood Open,141,W,FALL,2:56,Brandon Vela,58487,Baker,Ian Parker,44732,Iowa State
2019,11/17,Lindenwood Open,141,W,FALL,2:38,Riley Beard,42478,McKendree University,Ian Parker,44732,Iowa State
2019,11/17,Lindenwood Open,141,W,DEC,10 - 3,Carter Happel,44756,Iowa,Ian Parker,44732,Iowa State
2019,11/17,Lindenwood Open,141,L,DEC,6 - 5,Vincent Turk,39726,Iowa,Ian Parker,44732,Iowa State
2019,11/11,Southern Illinois Edwardsville - Iowa State Dual,141,W,FALL,4:13,Coleman Brainard,57011,SIU Edwardsville,Ian Parker,44732,Iowa State
2019,11/03,Cyclone Open,141,W,FALL,1:54,William Freeman,55579,Central Baptist College,Ian Parker,44732,Iowa State
2019,11/03,Cyclone Open,141,W,MD,16 - 5,Eric Clarke,51433,Grand View,Ian Parker,44732,Iowa State
2019,11/03,Cyclone Open,141,W,DEC,7 - 0,Eric Clarke,51433,Grand View,Ian Parker,44732,Iowa State
2019,11/03,Cyclone Open,141,W,MD,14 - 2,Tristan Lara,49239,Northern Iowa,Ian Parker,44732,Iowa State
2019,11/03,Cyclone Open,141,W,DEC,9 - 3,Ryan Leisure,49152,Iowa State,Ian Parker,44732,Iowa State
2019,11/03,Cyclone Open,141,L,INJ,7:00,Nick Nasenbeny,20066,Missouri,Ian Parker,44732,Iowa State
2019,02/17,Last Chance Open,141,W,FALL,0:35,Kyle French,58120,Notre Dame,Ryan Leisure,49152,Iowa State
2019,02/17,Last Chance Open,141,W,FALL,3:26,Saul Ervin,57010,SIU Edwardsville,Ryan Leisure,49152,Iowa State
2019,02/17,Last Chance Open,141,W,DEC,6 - 2,David Bavery,47138,Notre Dame,Ryan Leisure,49152,Iowa State
2019,01/26,Loras Open,141,W,TF5,16 - 0 7:00,Joseph Riordan,60663,Loras,Ryan Leisure,49152,Iowa State
2019,01/26,Loras Open,141,W,DEC,6 - 2,Scott Cook,52356,Ellsworth CC,Ryan Leisure,49152,Iowa State
2019,01/26,Loras Open,141,W,FALL,0:59,Cam Shaver,52092,Iowa,Ryan Leisure,49152,Iowa State
2019,01/26,Loras Open,141,L,MD,19 - 6,Vincent Turk,39726,Iowa,Ryan Leisure,49152,Iowa State
2019,01/09,Iowa State - North Dakota State Dual,141,W,DEC,8 - 7,Sawyer Degen,50567,North Dakota State,Ryan Leisure,49152,Iowa State
2019,01/01,Southern Scuffle,141,W,TF5,15 - 0 5:20,George Coleman,56920,Chattanooga,Ryan Leisure,49152,Iowa State
2019,01/01,Southern Scuffle,141,L,DEC,3 - 2,Nicholas Gil,40255,Navy,Ryan Leisure,49152,Iowa State
2019,01/01,Southern Scuffle,141,L,DEC,13 - 6,Chris Debien,39720,Chattanooga,Ryan Leisure,49152,Iowa State
2019,01/01,Southern Scuffle,141,W,MD,14 - 1,Clayton Currier,50235,Campbell,Ryan Leisure,49152,Iowa State
2019,12/08,UNI Open,141,W,DEC,8 - 6,Michael Blockhus,57163,Northern Iowa,Ryan Leisure,49152,Iowa State
2019,12/08,UNI Open,141,W,MFOR,0 - 0,Clay Carlson,56441,South Dakota State,Ryan Leisure,49152,Iowa State
2019,12/08,UNI Open,141,L,DEC,8 - 2,Josh Alber,20208,Northern Iowa,Ryan Leisure,49152,Iowa State
2019,12/08,UNI Open,141,W,DEC,5 - 3,Jeremy Schoenherr,51510,Wisconsin,Ryan Leisure,49152,Iowa State
2019,11/17,Lindenwood Open,141,W,TF5,19 - 3 7:00,Frankie Falatico,49833,McKendree University,Ryan Leisure,49152,Iowa State
2019,11/17,Lindenwood Open,141,L,DEC,3 - 1,Alec McKenna,39584,Northwestern,Ryan Leisure,49152,Iowa State
2019,11/17,Lindenwood Open,141,L,DEC,10 - 3,Vincent Turk,39726,Iowa,Ryan Leisure,49152,Iowa State
2019,11/10,Grand View Open,141,W,FALL,2:35,Adarius Pruitt,58699,Life University,Ryan Leisure,49152,Iowa State
2019,11/10,Grand View Open,141,W,DEC,13 - 8,Brandon Vela,58487,Baker,Ryan Leisure,49152,Iowa State
2019,11/10,Grand View Open,141,W,DEC,7 - 3,Gaige Torres,47515,Indiana Tech,Ryan Leisure,49152,Iowa State
2019,11/10,Grand View Open,141,W,MFOR,0 - 0,Grayson Brenna,41123,Grand View,Ryan Leisure,49152,Iowa State
2019,11/10,Grand View Open,141,W,MD,14 - 2,George Benoit,41122,Grand View,Ryan Leisure,49152,Iowa State
2019,11/10,Grand View Open,141,L,DEC,6 - 3,Justin Stickley,46895,Iowa,Ryan Leisure,49152,Iowa State
2019,11/03,Cyclone Open,141,L,DEC,9 - 3,Ian Parker,44732,Iowa State,Ryan Leisure,49152,Iowa State
2019,11/03,Cyclone Open,141,W,TF5,18 - 2 6:11,Sam Ritchie,42233,Missouri,Ryan Leisure,49152,Iowa State
2019,11/03,Cyclone Open,141,L,MD,10 - 2,Josh Alber,20208,Northern Iowa,Ryan Leisure,49152,Iowa State
2019,03/21,NCAA Championships,149,W,DEC,11 - 9,Patricio Lugo,39919,Iowa,Jarrett Degen,44855,Iowa State
2019,03/21,NCAA Championships,149,W,DEC,6 - 5,Anthony Artalona,51039,Pennsylvania,Jarrett Degen,44855,Iowa State
2019,03/21,NCAA Championships,149,L,DEC,10 - 7,Brock Mauller,50596,Missouri,Jarrett Degen,44855,Iowa State
2019,03/21,NCAA Championships,149,L,DEC,10 - 3,Anthony Ashnault,11803,Rutgers,Jarrett Degen,44855,Iowa State
2019,03/21,NCAA Championships,149,W,DEC,11 - 8,Justin Oliver,19758,NC State,Jarrett Degen,44855,Iowa State
2019,03/21,NCAA Championships,149,W,MD,14 - 3,Russell Rohlfing,40166,CSU Bakersfield,Jarrett Degen,44855,Iowa State
2019,03/09,Big 12 Championships,149,L,DEC,6 - 5,Kaden Gfeller,49261,Oklahoma State,Jarrett Degen,44855,Iowa State
2019,03/09,Big 12 Championships,149,W,DEC,8 - 2,Henry Pohlmeyer,39803,South Dakota State,Jarrett Degen,44855,Iowa State
2019,03/09,Big 12 Championships,149,W,DEC,11 - 10,Davion Jeffries,39653,Oklahoma,Jarrett Degen,44855,Iowa State
2019,02/24,Missouri - Iowa State Dual,149,W,DEC,11 - 4,Brock Mauller,50596,Missouri,Jarrett Degen,44855,Iowa State
2019,02/21,Iowa State - Northern Iowa Dual,149,L,DEC,7 - 5,Max Thomsen,39503,Northern Iowa,Jarrett Degen,44855,Iowa State
2019,02/11,Iowa State - Oregon State Dual,149,W,DEC,11 - 7,Josh Reyes,19693,Oregon State,Jarrett Degen,44855,Iowa State
2019,02/03,Utah Valley - Iowa State Dual,149,W,FALL,2:28,Landon Knutzen,45365,Utah Valley,Jarrett Degen,44855,Iowa State
2019,02/01,South Dakota State - Iowa State Dual,149,W,FALL,5:48,Henry Pohlmeyer,39803,South Dakota State,Jarrett Degen,44855,Iowa State
2019,01/27,Iowa State - Oklahoma State Dual,149,W,INJ,7:00,Boo Lewallen,39543,Oklahoma State,Jarrett Degen,44855,Iowa State
2019,01/25,Oklahoma - Iowa State Dual,149,L,DEC,12 - 5,Davion Jeffries,39653,Oklahoma,Jarrett Degen,44855,Iowa State
2019,01/20,Iowa State - West Virginia Dual,149,W,DEC,6 - 3,Christian Monserrat,20473,West Virginia,Jarrett Degen,44855,Iowa State
2019,01/17,Iowa State - Rider Dual,149,W,MD,20 - 6,Gary Dinmore,23397,Rider,Jarrett Degen,44855,Iowa State
2019,01/13,Fresno State - Iowa State Dual,149,W,DEC,11 - 5,Khristian Olivas,40318,Fresno State,Jarrett Degen,44855,Iowa State
2019,01/09,Iowa State - North Dakota State Dual,149,W,MD,16 - 5,Jaden Van Maanen,49227,North Dakota State,Jarrett Degen,44855,Iowa State
2019,01/01,Southern Scuffle,149,L,DEC,7 - 4,Brady Berge,49277,Penn State,Jarrett Degen,44855,Iowa State
2019,01/01,Southern Scuffle,149,W,DEC,8 - 6,Tejon Anthony,19896,George Mason,Jarrett Degen,44855,Iowa State
2019,01/01,Southern Scuffle,149,W,MD,18 - 8,John Millner,50212,Appalachian State,Jarrett Degen,44855,Iowa State
2019,01/01,Southern Scuffle,149,W,DEC,6 - 5,Matthew Zovistoski,40049,Appalachian State,Jarrett Degen,44855,Iowa State
2019,01/01,Southern Scuffle,149,W,FALL,4:53,Russell Rohlfing,40166,CSU Bakersfield,Jarrett Degen,44855,Iowa State
2019,01/01,Southern Scuffle,149,L,SV-1,7 - 5,Russell Rohlfing,40166,CSU Bakersfield,Jarrett Degen,44855,Iowa State
2019,01/01,Southern Scuffle,149,W,FALL,5:00,Cole Corrigan,57204,Columbia,Jarrett Degen,44855,Iowa State
2019,12/16,Ohio - Iowa State Dual,149,W,FALL,4:56,Alec Hagan,49248,Ohio,Jarrett Degen,44855,Iowa State
2019,12/01,Iowa State - Iowa Dual,149,W,TB-1,7 - 4,Patricio Lugo,39919,Iowa,Jarrett Degen,44855,Iowa State
2019,11/17,Lindenwood Open,149,W,DEC,7 - 4,Brock Mauller,50596,Missouri,Jarrett Degen,44855,Iowa State
2019,11/17,Lindenwood Open,149,W,FALL,6:58,Isaiah Kemper,41173,McKendree University,Jarrett Degen,44855,Iowa State
2019,11/17,Lindenwood Open,149,W,DEC,6 - 4,Tyshawn Williams,40203,SIU Edwardsville,Jarrett Degen,44855,Iowa State
2019,11/11,Southern Illinois Edwardsville - Iowa State Dual,149,W,TF5,25 - 9 6:22,Tyshawn Williams,40203,SIU Edwardsville,Jarrett Degen,44855,Iowa State
2019,11/03,Cyclone Open,149,W,FALL,1:23,Zachary Owens,52159,Iowa State University Wrestling Club,Jarrett Degen,44855,Iowa State
2019,11/03,Cyclone Open,149,L,DEC,12 - 6,Brock Mauller,50596,Missouri,Jarrett Degen,44855,Iowa State
2019,11/03,Cyclone Open,149,W,DEC,10 - 9,Garrett Model,49351,Wisconsin,Jarrett Degen,44855,Iowa State
2019,11/03,Cyclone Open,149,W,DEC,11 - 8,Devin Bahr,49349,Wisconsin,Jarrett Degen,44855,Iowa State
2019,02/17,Last Chance Open,157,L,DEC,3 - 1,Zach Barnes,49073,Campbell,Grant Stotts,51284,Iowa State
2019,02/17,Last Chance Open,157,W,FALL,3:59,Tracy Hubbard,57361,Central Michigan,Grant Stotts,51284,Iowa State
2019,02/17,Last Chance Open,157,L,DEC,12 - 6,Pat Schoenfelder,50280,Northern Iowa,Grant Stotts,51284,Iowa State
2019,02/17,Last Chance Open,157,W,INJ,7:00,Wyatt Sheets,44863,Oklahoma State,Grant Stotts,51284,Iowa State
2019,02/02,Sioux City Dave Edmonds Open,157,W,TF5,16 - 0 2:52,Carson Hutchins,60123,Morningside,Grant Stotts,51284,Iowa State
2019,02/02,Sioux City Dave Edmonds Open,157,W,FALL,2:50,Konrich Speelmon,60052,Dickinson State,Grant Stotts,51284,Iowa State
2019,02/02,Sioux City Dave Edmonds Open,157,W,FALL,2:56,Dalton Lakmann,57177,South Dakota State,Grant Stotts,51284,Iowa State
2019,02/02,Sioux City Dave Edmonds Open,157,W,FALL,4:36,Jason Watkins,56384,Concordia,Grant Stotts,51284,Iowa State
2019,02/02,Sioux City Dave Edmonds Open,157,W,SV-2,4 - 2,Dalton Jensen,51649,Grand View,Grant Stotts,51284,Iowa State
2019,02/02,Sioux City Dave Edmonds Open,157,L,DEC,3 - 2,Jacob Wasser,46331,Nebraska-Kearney,Grant Stotts,51284,Iowa State
2019,01/26,Loras Open,157,W,FALL,1:38,Noah Gregorovic,55287,Central,Grant Stotts,51284,Iowa State
2019,01/26,Loras Open,157,W,DEC,9 - 4,Cayd Lara,54225,Northern Iowa,Grant Stotts,51284,Iowa State
2019,01/26,Loras Open,157,W,FALL,0:13,Devin Bahr,49349,Wisconsin,Grant Stotts,51284,Iowa State
2019,01/26,Loras Open,157,L,DEC,2 - 0,Devin Bahr,49349,Wisconsin,Grant Stotts,51284,Iowa State
2019,01/26,Loras Open,157,L,DEC,11 - 7,Griffin Parriott,44608,Purdue,Grant Stotts,51284,Iowa State
2019,12/08,UNI Open,149,W,DEC,3 - 2,Niko Chavez,57139,Oklahoma,Grant Stotts,51284,Iowa State
2019,12/08,UNI Open,149,L,FALL,6:00,Jake Bergeland,49189,Minnesota,Grant Stotts,51284,Iowa State
2019,12/08,UNI Open,149,L,DEC,5 - 0,Zachary Axmear,50001,Iowa,Grant Stotts,51284,Iowa State
2019,02/02,Sioux City Dave Edmonds Open,149,L,TF5,16 - 0 3:33,Jon Halk,59128,Waldorf,Noah Nemer,57233,Iowa State
2019,02/02,Sioux City Dave Edmonds Open,149,W,SV-1,12 - 10,Timothy Sibbel,55150,Morningside,Noah Nemer,57233,Iowa State
2019,02/02,Sioux City Dave Edmonds Open,149,W,MD,15 - 6,Killyan Green,51074,Grand View,Noah Nemer,57233,Iowa State
2019,02/02,Sioux City Dave Edmonds Open,149,L,MD,14 - 1,Shea Swafford,46594,Graceland University,Noah Nemer,57233,Iowa State
2019,01/26,Loras Open,149,L,MD,14 - 3,Adam Valdez,49899,Loras,Noah Nemer,57233,Iowa State
2019,01/26,Loras Open,149,W,FALL,2:14,Nathan Pitts,60657,Loras,Noah Nemer,57233,Iowa State
2019,01/26,Loras Open,149,L,DEC,6 - 3,Yarhoski Aldiva,51885,Iowa Central Community College,Noah Nemer,57233,Iowa State
2019,01/26,Loras Open,149,W,FALL,3:10,Max Martinez,51876,Ellsworth CC,Noah Nemer,57233,Iowa State
2019,01/26,Loras Open,149,W,FALL,6:04,Killyan Green,51074,Grand View,Noah Nemer,57233,Iowa State
2019,01/26,Loras Open,149,L,FALL,1:02,Zachary Axmear,50001,Iowa,Noah Nemer,57233,Iowa State
2019,12/08,UNI Open,149,W,MFOR,0 - 0,Austin Braun,51428,North Dakota State,Noah Nemer,57233,Iowa State
2019,12/08,UNI Open,149,L,MD,13 - 4,Tristan Lara,49239,Northern Iowa,Noah Nemer,57233,Iowa State
2019,12/08,UNI Open,149,L,MD,11 - 3,Alexander Butler,39647,Missouri,Noah Nemer,57233,Iowa State
2019,11/17,Lindenwood Open,149,L,DEC,8 - 4,Joshua Steele,59580,Maryville University,Noah Nemer,57233,Iowa State
2019,11/17,Lindenwood Open,149,W,TF5,15 - 0 7:00,Stiles Metcalf,50332,Lindsey Wilson,Noah Nemer,57233,Iowa State
2019,11/17,Lindenwood Open,149,L,FALL,1:26,Zachary Axmear,50001,Iowa,Noah Nemer,57233,Iowa State
2019,11/10,Grand View Open,149,L,TF5,16 - 0 5:14,Gable Fox,50832,Northern Iowa,Noah Nemer,57233,Iowa State
2019,11/10,Grand View Open,149,W,FALL,5:54,Damien Jessup,58692,Unattached,Noah Nemer,57233,Iowa State
2019,11/10,Grand View Open,149,W,MD,9 - 0,Tom Jennings,58691,Iowa Western Community College,Noah Nemer,57233,Iowa State
2019,11/10,Grand View Open,149,W,FALL,1:33,Jordan Hall,58689,Ellsworth CC,Noah Nemer,57233,Iowa State
2019,11/10,Grand View Open,149,W,FALL,4:51,Samuel Fischer,58685,Lindenwood - Belleville,Noah Nemer,57233,Iowa State
2019,11/10,Grand View Open,149,L,TF5,16 - 0 7:00,Gable Fox,50832,Northern Iowa,Noah Nemer,57233,Iowa State
2019,11/10,Grand View Open,149,L,MD,19 - 10,Gable Fox,50832,Northern Iowa,Noah Nemer,57233,Iowa State
2019,11/03,Cyclone Open,149,W,FALL,6:04,Killyan Green,58038,Grand Valley State University,Noah Nemer,57233,Iowa State
2019,11/03,Cyclone Open,149,L,FALL,1:26,Tanner Abbas,50943,Grand View,Noah Nemer,57233,Iowa State
2019,11/03,Cyclone Open,149,L,MD,16 - 5,Gable Fox,50832,Northern Iowa,Noah Nemer,57233,Iowa State
2019,03/21,NCAA Championships,157,L,DEC,3 - 2,Josh Humphreys,55860,Lehigh,Chase Straw,39610,Iowa State
2019,03/21,NCAA Championships,157,W,TB-1,13 - 12,Quincy Monday,53967,Princeton,Chase Straw,39610,Iowa State
2019,03/21,NCAA Championships,157,L,MD,9 - 1,Steve Bleise,20195,Minnesota,Chase Straw,39610,Iowa State
2019,03/09,Big 12 Championships,157,W,DEC,3 - 2,Justin Thomas,44882,Oklahoma,Chase Straw,39610,Iowa State
2019,03/09,Big 12 Championships,157,W,DEC,9 - 5,Dewey Krueger,40144,Wyoming,Chase Straw,39610,Iowa State
2019,03/09,Big 12 Championships,157,W,DEC,11 - 5,Paden Moore,39541,Northern Iowa,Chase Straw,39610,Iowa State
2019,03/09,Big 12 Championships,157,W,DEC,4 - 0,Jacob Wright,49463,Fresno State,Chase Straw,39610,Iowa State
2019,02/24,Missouri - Iowa State Dual,157,L,DEC,5 - 2,Jarrett Jacques,50597,Missouri,Chase Straw,39610,Iowa State
2019,02/21,Iowa State - Northern Iowa Dual,157,W,DEC,9 - 4,Paden Moore,39541,Northern Iowa,Chase Straw,39610,Iowa State
2019,02/11,Iowa State - Oregon State Dual,157,W,DEC,8 - 3,Zech Bresser,43550,Oregon State,Chase Straw,39610,Iowa State
2019,02/03,Utah Valley - Iowa State Dual,157,W,MD,13 - 4,Spencer Heywood,50977,Utah Valley,Chase Straw,39610,Iowa State
2019,02/01,South Dakota State - Iowa State Dual,157,W,DEC,11 - 4,Colten Carlson,45286,South Dakota State,Chase Straw,39610,Iowa State
2019,01/27,Iowa State - Oklahoma State Dual,157,W,DEC,3 - 2,Wyatt Sheets,44863,Oklahoma State,Chase Straw,39610,Iowa State
2019,01/25,Oklahoma - Iowa State Dual,157,L,DEC,9 - 7,Justin Thomas,44882,Oklahoma,Chase Straw,39610,Iowa State
2019,01/20,Iowa State - West Virginia Dual,157,W,MD,13 - 4,Zachary Moore,39678,West Virginia,Chase Straw,39610,Iowa State
2019,01/17,Iowa State - Rider Dual,157,W,DEC,7 - 4,Gino Fluri,40130,Rider,Chase Straw,39610,Iowa State
2019,01/13,Fresno State - Iowa State Dual,157,L,TB-1,5 - 4,Jacob Wright,49463,Fresno State,Chase Straw,39610,Iowa State
2019,01/09,Iowa State - North Dakota State Dual,157,W,MD,17 - 8,Nick Knutson,45598,North Dakota State,Chase Straw,39610,Iowa State
2019,01/01,Southern Scuffle,157,L,DEC,5 - 3,Bo Pipher,45075,Penn State,Chase Straw,39610,Iowa State
2019,01/01,Southern Scuffle,157,W,DEC,3 - 2,Wyatt Sheets,44863,Oklahoma State,Chase Straw,39610,Iowa State
2019,01/01,Southern Scuffle,157,L,DEC,3 - 1,Jonce Blaylock,20266,Oklahoma State,Chase Straw,39610,Iowa State
2019,01/01,Southern Scuffle,157,W,MD,12 - 4,Felix Belga,44764,Drexel,Chase Straw,39610,Iowa State
2019,01/01,Southern Scuffle,157,W,MFOR,0 - 0,Benjamin Anderson,51087,Duke,Chase Straw,39610,Iowa State
2019,01/01,Southern Scuffle,157,W,MFOR,0 - 0,Brian LaPrade,45112,Virginia Tech,Chase Straw,39610,Iowa State
2019,01/01,Southern Scuffle,157,W,DEC,6 - 4,Rodrick Mosley,50889,Gardner-Webb,Chase Straw,39610,Iowa State
2019,12/16,Ohio - Iowa State Dual,157,L,DEC,7 - 4,Zac Carson,39692,Ohio,Chase Straw,39610,Iowa State
2019,12/08,UNI Open,157,W,DEC,7 - 6,Brayton Lee,52079,Minnesota,Chase Straw,39610,Iowa State
2019,12/08,UNI Open,157,W,DEC,9 - 3,Isaac Judge,51071,Iowa State,Chase Straw,39610,Iowa State
2019,12/08,UNI Open,157,W,MD,11 - 3,Jared Franek,50639,North Dakota State,Chase Straw,39610,Iowa State
2019,12/08,UNI Open,157,L,DEC,5 - 4,Jaren Glosser,41095,Iowa,Chase Straw,39610,Iowa State
2019,12/08,UNI Open,157,L,DEC,13 - 9,Jaren Glosser,41095,Iowa,Chase Straw,39610,Iowa State
2019,12/08,UNI Open,157,W,DEC,8 - 2,Johnny Mologousis,49144,Illinois,Chase Straw,39610,Iowa State
2019,12/01,Iowa State - Iowa Dual,157,L,DEC,8 - 3,Kaleb Young,44572,Iowa,Chase Straw,39610,Iowa State
2019,11/11,Southern Illinois Edwardsville - Iowa State Dual,157,L,TB-1,9 - 4,Justin Ruffin,57008,SIU Edwardsville,Chase Straw,39610,Iowa State
2019,02/02,Sioux City Dave Edmonds Open,157,W,MD,15 - 5,Weston Milnes,61449,Valiant Prep,David Carr,51126,Iowa State
2019,02/02,Sioux City Dave Edmonds Open,157,W,MD,16 - 5,Taner Stone,55021,Dickinson State,David Carr,51126,Iowa State
2019,02/02,Sioux City Dave Edmonds Open,157,W,FALL,4:08,Keanu Tom,52431,Concordia,David Carr,51126,Iowa State
2019,02/02,Sioux City Dave Edmonds Open,157,W,TF5,22 - 7 6:01,Dalton Jensen,51649,Grand View,David Carr,51126,Iowa State
2019,02/02,Sioux City Dave Edmonds Open,157,W,TF5,20 - 5 6:22,Ben Peters,49424,Briar Cliff,David Carr,51126,Iowa State
2019,12/08,UNI Open,157,W,FALL,1:37,Derek McDaniel Jr,58114,Missouri,David Carr,51126,Iowa State
2019,12/08,UNI Open,157,W,TF5,18 - 3 7:00,Ethan Karsten,44903,Iowa Central Community College,David Carr,51126,Iowa State
2019,12/08,UNI Open,157,W,MD,11 - 2,Cayd Lara,54225,Northern Iowa,David Carr,51126,Iowa State
2019,12/08,UNI Open,157,W,DEC,6 - 0,Brayton Lee,52079,Minnesota,David Carr,51126,Iowa State
2019,12/08,UNI Open,157,W,DEC,8 - 2,Devin Bahr,49349,Wisconsin,David Carr,51126,Iowa State
2019,11/17,Lindenwood Open,157,W,MD,14 - 2,Tyler Mann,52228,Ouachita Baptist University,David Carr,51126,Iowa State
2019,11/17,Lindenwood Open,157,W,MD,11 - 2,Erich Byelick,50837,Northwestern,David Carr,51126,Iowa State
2019,11/17,Lindenwood Open,157,W,TF5,20 - 2 7:00,Kyle Lee,47295,Williams Baptist,David Carr,51126,Iowa State
2019,11/17,Lindenwood Open,157,W,DEC,7 - 3,Jaren Glosser,41095,Iowa,David Carr,51126,Iowa State
2019,11/17,Lindenwood Open,157,W,DEC,11 - 4,Keegan Shaw,39536,Iowa,David Carr,51126,Iowa State
2019,11/10,Grand View Open,157,W,DEC,2 - 0,Renaldo Rodriguez-Spencer,19965,Grand View,David Carr,51126,Iowa State
2019,11/10,Grand View Open,157,W,DEC,6 - 3,Peyton Robb,56387,Nebraska,David Carr,51126,Iowa State
2019,11/10,Grand View Open,157,W,MD,9 - 0,Jeremiah Moody,39968,Iowa,David Carr,51126,Iowa State
2019,11/10,Grand View Open,157,W,DEC,6 - 3,Keegan Shaw,39536,Iowa,David Carr,51126,Iowa State
2019,11/03,Cyclone Open,157,L,DEC,9 - 8,Peyton Mocco,50635,Missouri,David Carr,51126,Iowa State
2019,11/03,Cyclone Open,157,W,MD,12 - 2,Phyllip DeLoach,40074,Missouri,David Carr,51126,Iowa State
2019,11/03,Cyclone Open,157,W,MD,10 - 1,Hunter Washburn,39979,Northern Iowa,David Carr,51126,Iowa State
2019,11/03,Cyclone Open,157,W,FALL,3:21,Isaiah Patton,39553,Northern Iowa,David Carr,51126,Iowa State
2019,11/03,Cyclone Open,157,W,DEC,3 - 1,Paden Moore,39541,Northern Iowa,David Carr,51126,Iowa State
2019,02/17,Last Chance Open,165,W,FALL,2:43,Jonathan Carr,59589,Iowa Central Community College,Isaac Judge,51071,Iowa State
2019,02/17,Last Chance Open,165,W,FALL,1:57,Dustin Gross,57360,Central Michigan,Isaac Judge,51071,Iowa State
2019,02/17,Last Chance Open,165,L,DEC,15 - 9,Trent Rakers,50965,SIU Edwardsville,Isaac Judge,51071,Iowa State
2019,02/17,Last Chance Open,165,L,MD,14 - 4,Erich Byelick,50837,Northwestern,Isaac Judge,51071,Iowa State
2019,01/26,Loras Open,165,W,FALL,1:06,Jonathan Carr,59589,Iowa Central Community College,Isaac Judge,51071,Iowa State
2019,01/26,Loras Open,165,W,FALL,2:01,Jackson Gissel,50536,Central,Isaac Judge,51071,Iowa State
2019,01/26,Loras Open,165,L,MD,14 - 6,Travis Willers,51463,Iowa Central Community College,Isaac Judge,51071,Iowa State
2019,01/26,Loras Open,165,W,DEC,5 - 2,Austin Stotts,50647,Iowa State,Isaac Judge,51071,Iowa State
2019,01/26,Loras Open,165,W,MD,13 - 5,Preston Stephenson,41075,Iowa,Isaac Judge,51071,Iowa State
2019,12/08,UNI Open,157,L,DEC,9 - 3,Chase Straw,39610,Iowa State,Isaac Judge,51071,Iowa State
2019,12/08,UNI Open,157,W,FALL,2:00,Derek McDaniel Jr,58114,Missouri,Isaac Judge,51071,Iowa State
2019,12/08,UNI Open,157,W,FALL,2:01,Dalton Lakmann,57177,South Dakota State,Isaac Judge,51071,Iowa State
2019,12/08,UNI Open,157,L,DEC,8 - 1,Jared Franek,50639,North Dakota State,Isaac Judge,51071,Iowa State
2019,11/17,Lindenwood Open,157,W,TF5,19 - 4 7:00,Elijah Jimenez,59575,Benedictine College,Isaac Judge,51071,Iowa State
2019,11/17,Lindenwood Open,157,W,DEC,6 - 2,Michael Lucas,59163,Benedictine College,Isaac Judge,51071,Iowa State
2019,11/17,Lindenwood Open,157,W,MD,9 - 0,Derek McDaniel Jr,58114,Missouri,Isaac Judge,51071,Iowa State
2019,11/17,Lindenwood Open,157,W,DEC,9 - 7,Derrick Smallwood,55815,Lindsey Wilson,Isaac Judge,51071,Iowa State
2019,11/17,Lindenwood Open,157,W,FALL,2:16,Trey Smith,50460,Williams Baptist,Isaac Judge,51071,Iowa State
2019,11/17,Lindenwood Open,157,L,DEC,7 - 3,Nathan Trepanier,49440,Lindenwood,Isaac Judge,51071,Iowa State
2019,11/10,Grand View Open,157,W,DEC,9 - 8,Brayden Wills,51546,Nebraska-Kearney,Isaac Judge,51071,Iowa State
2019,11/10,Grand View Open,157,W,MD,12 - 1,Jaydon Elge,51001,Nebraska-Kearney,Isaac Judge,51071,Iowa State
2019,11/10,Grand View Open,157,W,DEC,9 - 8,Brayden Wills,58711,Nebraska Wesleyan,Isaac Judge,51071,Iowa State
2019,11/10,Grand View Open,157,W,FALL,3:52,Noah Rutjens,58702,Iowa Western Community College,Isaac Judge,51071,Iowa State
2019,11/10,Grand View Open,157,W,MD,12 - 1,Jaydon Elge,58664,Nebraska Wesleyan,Isaac Judge,51071,Iowa State
2019,11/10,Grand View Open,157,L,DEC,3 - 2,Dalton Jensen,51649,Grand View,Isaac Judge,51071,Iowa State
2019,11/10,Grand View Open,157,L,DEC,6 - 5,Joe Kelly,54454,Iowa,Isaac Judge,51071,Iowa State
2019,11/03,Cyclone Open,157,L,SV-1,3 - 1,Dalton Jensen,58041,Unattached,Isaac Judge,51071,Iowa State
2019,11/03,Cyclone Open,157,W,FALL,3:49,William Condon,58033,Iowa State University Wrestling Club,Isaac Judge,51071,Iowa State
2019,11/03,Cyclone Open,157,L,DEC,6 - 3,Anders Lantz,51005,Wisconsin,Isaac Judge,51071,Iowa State
2019,03/09,Big 12 Championships,165,W,DEC,7 - 2,Macoy Flanagan,44926,Northern Colorado,Logan Schumacher,56307,Iowa State
2019,03/09,Big 12 Championships,165,W,FALL,4:21,Jeremy Thomas,44883,Oklahoma,Logan Schumacher,56307,Iowa State
2019,03/09,Big 12 Championships,165,L,MD,10 - 2,Joe Smith,39786,Oklahoma State,Logan Schumacher,56307,Iowa State
2019,03/09,Big 12 Championships,165,L,TF5,16 - 0 4:34,Bryce Steiert,39504,Northern Iowa,Logan Schumacher,56307,Iowa State
2019,03/09,Big 12 Championships,165,L,DEC,7 - 2,Branson Ashworth,21676,Wyoming,Logan Schumacher,56307,Iowa State
2019,03/09,Big 12 Championships,165,W,SV-1,10 - 4,Jacoby Ward,48102,Air Force,Logan Schumacher,56307,Iowa State
2019,02/24,Missouri - Iowa State Dual,165,L,DEC,4 - 2,Connor Flynn,39676,Missouri,Logan Schumacher,56307,Iowa State
2019,02/21,Iowa State - Northern Iowa Dual,165,L,TF5,16 - 1 7:00,Bryce Steiert,39504,Northern Iowa,Logan Schumacher,56307,Iowa State
2019,02/11,Iowa State - Oregon State Dual,165,W,SV-1,6 - 4,Aaron Olmos,50177,Oregon State,Logan Schumacher,56307,Iowa State
2019,01/27,Iowa State - Oklahoma State Dual,165,L,DEC,8 - 2,Andrew Shomers,39642,Oklahoma State,Logan Schumacher,56307,Iowa State
2019,01/25,Oklahoma - Iowa State Dual,165,W,DEC,5 - 0,Hayden Hansen,39613,Oklahoma,Logan Schumacher,56307,Iowa State
2019,01/20,Iowa State - West Virginia Dual,165,L,DEC,3 - 2,Nick Kiussis,49345,West Virginia,Logan Schumacher,56307,Iowa State
2019,01/17,Iowa State - Rider Dual,165,L,FALL,4:38,Jesse Dellavecchia,39574,Rider,Logan Schumacher,56307,Iowa State
2019,01/13,Fresno State - Iowa State Dual,165,W,DEC,11 - 7,Brandon Martino,50244,Fresno State,Logan Schumacher,56307,Iowa State
2019,01/09,Iowa State - North Dakota State Dual,165,L,MD,11 - 0,Andrew Fogarty,39706,North Dakota State,Logan Schumacher,56307,Iowa State
2019,12/08,UNI Open,174,L,DEC,8 - 3,Mac Southard,50986,Iowa State,Logan Schumacher,56307,Iowa State
2019,12/08,UNI Open,174,L,DEC,8 - 4,Ashton Eyler,58037,Iowa Central Community College,Logan Schumacher,56307,Iowa State
2019,12/08,UNI Open,174,W,DEC,7 - 3,Jack Stein,50068,Illinois,Logan Schumacher,56307,Iowa State
2019,11/17,Lindenwood Open,174,W,FALL,3:55,JaQuan Jackson,58594,Oklahoma State,Logan Schumacher,56307,Iowa State
2019,11/17,Lindenwood Open,174,W,DEC,8 - 3,Hayden Krein,51038,Northern Illinois,Logan Schumacher,56307,Iowa State
2019,11/17,Lindenwood Open,174,W,FALL,2:10,Taylan Entriken,50983,Iowa State,Logan Schumacher,56307,Iowa State
2019,11/17,Lindenwood Open,174,L,DEC,4 - 0,Travis Wittlake,50615,Oklahoma State,Logan Schumacher,56307,Iowa State
2019,11/17,Lindenwood Open,174,W,MD,14 - 6,Cole Overman,42449,Lindsey Wilson,Logan Schumacher,56307,Iowa State
2019,11/10,Grand View Open,174,L,MD,11 - 2,Taylan Entriken,50983,Iowa State,Logan Schumacher,56307,Iowa State
2019,11/10,Grand View Open,174,W,TF5,17 - 1 7:00,Adriane Kedekein,58694,Ellsworth CC,Logan Schumacher,56307,Iowa State
2019,11/10,Grand View Open,174,W,MFOR,0 - 0,Ashton Eyler,58037,Iowa Central Community College,Logan Schumacher,56307,Iowa State
2019,11/10,Grand View Open,174,W,FALL,2:23,Sidney Douglas,53086,St Mary,Logan Schumacher,56307,Iowa State
2019,11/10,Grand View Open,174,W,DEC,4 - 3,Mac Southard,50986,Iowa State,Logan Schumacher,56307,Iowa State
2019,11/03,Cyclone Open,174,W,TF5,20 - 4 5:25,Nathan Haynes,58039,Unattached,Logan Schumacher,56307,Iowa State
2019,11/03,Cyclone Open,174,W,FALL,5:58,Ashton Eyler,58037,Iowa Central Community College,Logan Schumacher,56307,Iowa State
2019,11/03,Cyclone Open,174,W,DEC,4 - 1,Mac Southard,50986,Iowa State,Logan Schumacher,56307,Iowa State
2019,11/03,Cyclone Open,174,L,DEC,7 - 3,Jeremiah Kent,50824,Missouri,Logan Schumacher,56307,Iowa State
2019,12/08,UNI Open,165,W,DEC,5 - 2,Ryan Thomas,50839,Minnesota,Brady Jennings,40222,Iowa State
2019,12/08,UNI Open,165,L,INJ,7:00,Nelson Brands,49994,Iowa,Brady Jennings,40222,Iowa State
2019,12/08,UNI Open,165,W,MD,13 - 4,Nick Gasbarro,39724,Illinois,Brady Jennings,40222,Iowa State
2019,12/08,UNI Open,165,L,MFOR,0 - 0,Tyler Dow,50622,Wisconsin,Brady Jennings,40222,Iowa State
2019,12/01,Iowa State - Iowa Dual,165,L,FALL,4:44,Alex Marinelli,44574,Iowa,Brady Jennings,40222,Iowa State
2019,11/17,Lindenwood Open,165,W,FALL,0:58,Ron Evans,58654,Lindenwood - Belleville,Brady Jennings,40222,Iowa State
2019,11/17,Lindenwood Open,165,L,DEC,13 - 7,Emil Soehnlen,52105,Purdue,Brady Jennings,40222,Iowa State
2019,11/17,Lindenwood Open,165,W,FALL,3:26,Matt Landgraff,47224,Oklahoma City,Brady Jennings,40222,Iowa State
2019,11/17,Lindenwood Open,165,L,TF5,22 - 7 7:00,Danny Braunagel,50926,Illinois,Brady Jennings,40222,Iowa State
2019,11/11,Southern Illinois Edwardsville - Iowa State Dual,165,W,DEC,10 - 6,Nate Higgins,20380,SIU Edwardsville,Brady Jennings,40222,Iowa State
2019,11/03,Cyclone Open,165,W,DEC,8 - 4,Travis Willers,51463,Iowa Central Community College,Brady Jennings,40222,Iowa State
2019,11/03,Cyclone Open,165,W,DEC,8 - 1,Xavier Miller,50499,Grand View,Brady Jennings,40222,Iowa State
2019,11/03,Cyclone Open,165,W,FALL,3:35,Izaec Quintanilla,39605,Wisconsin,Brady Jennings,40222,Iowa State
2019,11/03,Cyclone Open,165,L,DEC,6 - 3,Izaec Quintanilla,39605,Wisconsin,Brady Jennings,40222,Iowa State
2019,12/16,Ohio - Iowa State Dual,165,L,DEC,4 - 3,Colt Yinger,50607,Ohio,Skyler St John,19954,Iowa State
2019,12/08,UNI Open,165,W,DEC,6 - 4,Kelby Hawkins,49318,South Dakota State,Skyler St John,19954,Iowa State
2019,12/08,UNI Open,165,L,MD,12 - 3,Nelson Brands,49994,Iowa,Skyler St John,19954,Iowa State
2019,12/08,UNI Open,165,L,MFOR,0 - 0,Nick Gasbarro,39724,Illinois,Skyler St John,19954,Iowa State
2019,02/17,Last Chance Open,165,W,FALL,1:37,Jonathan Carr,59589,Iowa Central Community College,Austin Stotts,50647,Iowa State
2019,02/17,Last Chance Open,165,W,FALL,1:08,Dustin Gross,57360,Central Michigan,Austin Stotts,50647,Iowa State
2019,02/17,Last Chance Open,165,W,FALL,4:29,Trent Rakers,50965,SIU Edwardsville,Austin Stotts,50647,Iowa State
2019,02/17,Last Chance Open,165,L,MD,8 - 0,Erich Byelick,50837,Northwestern,Austin Stotts,50647,Iowa State
2019,02/02,Sioux City Dave Edmonds Open,165,W,DEC,7 - 3,Brady Meyer,61448,Unattached,Austin Stotts,50647,Iowa State
2019,02/02,Sioux City Dave Edmonds Open,165,L,DEC,11 - 4,Kenny O'Neil,51243,South Dakota State,Austin Stotts,50647,Iowa State
2019,02/02,Sioux City Dave Edmonds Open,165,L,DEC,4 - 3,Drew Sams,50090,Graceland University,Austin Stotts,50647,Iowa State
2019,01/26,Loras Open,165,L,DEC,5 - 2,Isaac Judge,51071,Iowa State,Austin Stotts,50647,Iowa State
2019,01/26,Loras Open,165,L,DEC,5 - 2,Nick Fetzner,58465,Wisconsin-La Crosse,Austin Stotts,50647,Iowa State
2019,01/26,Loras Open,165,W,TF5,18 - 3 7:00,William Condon,58033,Iowa State University Wrestling Club,Austin Stotts,50647,Iowa State
2019,12/08,UNI Open,165,L,DEC,7 - 3,Tate Battani,57232,Iowa State,Austin Stotts,50647,Iowa State
2019,12/08,UNI Open,165,L,DEC,6 - 2,Tim McCarthy,40309,Illinois,Austin Stotts,50647,Iowa State
2019,02/17,Last Chance Open,165,W,TF5,19 - 3 7:00,Dustin Gross,57360,Central Michigan,"Mulder, Zane",51192,Iowa State
2019,02/17,Last Chance Open,165,W,FALL,4:05,Trent Rakers,50965,SIU Edwardsville,"Mulder, Zane",51192,Iowa State
2019,02/17,Last Chance Open,165,W,DEC,6 - 2,Erich Byelick,50837,Northwestern,"Mulder, Zane",51192,Iowa State
2019,02/03,Utah Valley - Iowa State Dual,165,W,MD,10 - 2,Koy Wilkinson,45053,Utah Valley,"Mulder, Zane",51192,Iowa State
2019,02/01,South Dakota State - Iowa State Dual,165,W,FALL,1:55,Logan Peterson,20374,South Dakota State,"Mulder, Zane",51192,Iowa State
2019,01/26,Loras Open,165,W,FALL,4:53,Kyle Benjamin,61229,Unattached,"Mulder, Zane",51192,Iowa State
2019,01/26,Loras Open,165,W,FALL,1:39,Nick Fetzner,58465,Wisconsin-La Crosse,"Mulder, Zane",51192,Iowa State
2019,01/26,Loras Open,165,W,DEC,7 - 3,Travis Willers,51463,Iowa Central Community College,"Mulder, Zane",51192,Iowa State
2019,01/26,Loras Open,165,W,TF5,17 - 2 7:00,Keegan Gilligan,48379,Loras,"Mulder, Zane",51192,Iowa State
2019,01/26,Loras Open,165,L,DEC,10 - 5,Nelson Brands,49994,Iowa,"Mulder, Zane",51192,Iowa State
2019,12/08,UNI Open,165,L,DEC,6 - 5,Travis Willers,60364,Unattached,"Mulder, Zane",51192,Iowa State
2019,12/08,UNI Open,165,W,DEC,6 - 1,Martell Boone,58031,Missouri,"Mulder, Zane",51192,Iowa State
2019,12/08,UNI Open,165,L,MD,13 - 2,Tyler Dow,50622,Wisconsin,"Mulder, Zane",51192,Iowa State
2019,11/17,Lindenwood Open,165,W,FALL,2:43,Caleb Knobel,59403,Maryville University,"Mulder, Zane",51192,Iowa State
2019,11/17,Lindenwood Open,165,L,DEC,13 - 8,Elias Vaoifi,58778,Missouri Valley,"Mulder, Zane",51192,Iowa State
2019,11/17,Lindenwood Open,165,W,FALL,2:20,Martell Boone,58031,Missouri,"Mulder, Zane",51192,Iowa State
2019,11/17,Lindenwood Open,165,W,DEC,9 - 2,Tristan Kole Meador,52534,Williams Baptist,"Mulder, Zane",51192,Iowa State
2019,11/17,Lindenwood Open,165,L,DEC,9 - 6,David Cox,52222,Liberty University,"Mulder, Zane",51192,Iowa State
2019,11/17,Lindenwood Open,165,W,DEC,12 - 6,Caleb Norris,41940,Davenport,"Mulder, Zane",51192,Iowa State
2019,11/03,Cyclone Open,165,W,FALL,3:48,Brandon Medina,58047,Iowa Central Community College,"Mulder, Zane",51192,Iowa State
2019,11/03,Cyclone Open,165,L,MD,17 - 3,Tyler Dow,50622,Wisconsin,"Mulder, Zane",51192,Iowa State
2019,11/03,Cyclone Open,165,W,FALL,4:16,Martell Boone,58031,Missouri,"Mulder, Zane",51192,Iowa State
2019,11/03,Cyclone Open,165,W,FALL,3:29,Brayden Ebbs,56591,Grand View,"Mulder, Zane",51192,Iowa State
2019,03/21,NCAA Championships,174,L,DEC,6 - 2,David McFadden,39633,Virginia Tech,Marcus Coleman,49154,Iowa State
2019,03/21,NCAA Championships,174,W,DEC,9 - 4,Jacob Oliver,49130,Edinboro,Marcus Coleman,49154,Iowa State
2019,03/21,NCAA Championships,174,L,DEC,8 - 2,Matt Finesilver,47770,Duke,Marcus Coleman,49154,Iowa State
2019,03/09,Big 12 Championships,174,W,DEC,11 - 10,Hayden Hastings,49354,Wyoming,Marcus Coleman,49154,Iowa State
2019,03/09,Big 12 Championships,174,L,DEC,9 - 3,Hayden Hastings,49354,Wyoming,Marcus Coleman,49154,Iowa State
2019,03/09,Big 12 Championships,174,L,MD,13 - 4,Kimball Bastian,40322,Utah Valley,Marcus Coleman,49154,Iowa State
2019,03/09,Big 12 Championships,174,W,DEC,9 - 4,Dominic Kincaid,45678,Fresno State,Marcus Coleman,49154,Iowa State
2019,03/09,Big 12 Championships,174,W,SV-1,11 - 8,Randy Meneweather II,44843,Air Force,Marcus Coleman,49154,Iowa State
2019,02/24,Missouri - Iowa State Dual,174,L,FALL,2:04,Daniel Lewis,20062,Missouri,Marcus Coleman,49154,Iowa State
2019,02/21,Iowa State - Northern Iowa Dual,174,L,FALL,6:38,Taylor Lujan,39506,Northern Iowa,Marcus Coleman,49154,Iowa State
2019,02/17,Last Chance Open,174,W,FALL,3:47,Brandon Tessau,56317,Iowa State,Marcus Coleman,49154,Iowa State
2019,02/17,Last Chance Open,174,W,MD,19 - 7,Kevin Gschwendtner,54028,SIU Edwardsville,Marcus Coleman,49154,Iowa State
2019,02/17,Last Chance Open,174,L,MFOR,0 - 0,Lorenzo De La Riva,40169,North Dakota State,Marcus Coleman,49154,Iowa State
2019,02/17,Last Chance Open,174,W,INJ,7:00,Ryan Christensen,20481,Wisconsin,Marcus Coleman,49154,Iowa State
2019,02/11,Iowa State - Oregon State Dual,174,L,DEC,12 - 6,Colt Doyle,48240,Oregon State,Marcus Coleman,49154,Iowa State
2019,02/03,Utah Valley - Iowa State Dual,174,W,TF5,17 - 2 5:35,Kyle Snelling,45363,Utah Valley,Marcus Coleman,49154,Iowa State
2019,02/01,South Dakota State - Iowa State Dual,174,W,MD,12 - 3,Samuel Grove,49320,South Dakota State,Marcus Coleman,49154,Iowa State
2019,01/27,Iowa State - Oklahoma State Dual,174,L,FALL,2:41,Joe Smith,39786,Oklahoma State,Marcus Coleman,49154,Iowa State
2019,01/25,Oklahoma - Iowa State Dual,174,W,DEC,17 - 14,Anthony Mantanona,49258,Oklahoma,Marcus Coleman,49154,Iowa State
2019,01/20,Iowa State - West Virginia Dual,174,W,FALL,3:27,James Wujek,57159,West Virginia,Marcus Coleman,49154,Iowa State
2019,01/17,Iowa State - Rider Dual,174,W,MD,16 - 8,George Walton,49265,Rider,Marcus Coleman,49154,Iowa State
2019,01/13,Fresno State - Iowa State Dual,174,W,MD,14 - 1,Dominic Kincaid,45678,Fresno State,Marcus Coleman,49154,Iowa State
2019,01/09,Iowa State - North Dakota State Dual,174,W,DEC,8 - 7,Lorenzo De La Riva,40169,North Dakota State,Marcus Coleman,49154,Iowa State
2019,01/01,Southern Scuffle,174,L,MD,14 - 4,Mark Hall,44839,Penn State,Marcus Coleman,49154,Iowa State
2019,01/01,Southern Scuffle,174,W,MD,11 - 3,Austin Bell,44596,Lock Haven,Marcus Coleman,49154,Iowa State
2019,01/01,Southern Scuffle,174,W,DEC,10 - 4,Michael O'Malley,50836,Drexel,Marcus Coleman,49154,Iowa State
2019,01/01,Southern Scuffle,174,W,DEC,11 - 5,Vincent DePrez,19651,Binghamton,Marcus Coleman,49154,Iowa State
2019,01/01,Southern Scuffle,174,L,MD,10 - 2,Matt Finesilver,47770,Duke,Marcus Coleman,49154,Iowa State
2019,01/01,Southern Scuffle,174,L,DEC,10 - 4,David McFadden,39633,Virginia Tech,Marcus Coleman,49154,Iowa State
2019,01/01,Southern Scuffle,174,W,MD,15 - 4,Nathaniel Kale,45577,Gardner-Webb,Marcus Coleman,49154,Iowa State
2019,12/16,Ohio - Iowa State Dual,174,W,MD,14 - 6,Joseph Terry,45561,Ohio,Marcus Coleman,49154,Iowa State
2019,12/08,UNI Open,174,W,DEC,17 - 10,Ashton Eyler,58037,Iowa Central Community College,Marcus Coleman,49154,Iowa State
2019,12/08,UNI Open,174,W,MD,22 - 10,Austin Yant,50261,Northern Iowa,Marcus Coleman,49154,Iowa State
2019,12/08,UNI Open,174,W,DEC,12 - 5,Bailee O'Reilly,50166,Minnesota,Marcus Coleman,49154,Iowa State
2019,12/01,Iowa State - Iowa Dual,174,W,INJ,7:00,Myles Wilson,49150,Iowa,Marcus Coleman,49154,Iowa State
2019,11/17,Lindenwood Open,174,W,FALL,2:29,Trevor Lawson,56200,Lindsey Wilson,Marcus Coleman,49154,Iowa State
2019,11/17,Lindenwood Open,174,W,FALL,1:47,Kyle Summers,54972,Lindenwood,Marcus Coleman,49154,Iowa State
2019,11/17,Lindenwood Open,174,L,DEC,7 - 4,Nick Foster,47173,McKendree University,Marcus Coleman,49154,Iowa State
2019,11/17,Lindenwood Open,174,L,DEC,5 - 4,Lucas Lovvorn,42626,Baker,Marcus Coleman,49154,Iowa State
2019,11/11,Southern Illinois Edwardsville - Iowa State Dual,174,W,FALL,4:19,Kevin Gschwendtner,54028,SIU Edwardsville,Marcus Coleman,49154,Iowa State
2019,11/03,Cyclone Open,174,W,MD,20 - 9,Lawton Benna,54888,Grand View,Marcus Coleman,49154,Iowa State
2019,11/03,Cyclone Open,174,W,MD,13 - 3,Caleb Coleman,41076,Grand View,Marcus Coleman,49154,Iowa State
2019,11/03,Cyclone Open,174,L,DEC,10 - 7,Taylor Lujan,39506,Northern Iowa,Marcus Coleman,49154,Iowa State
2019,02/17,Last Chance Open,174,W,MD,16 - 6,Anthony Marra,58141,Notre Dame,Tate Battani,57232,Iowa State
2019,02/17,Last Chance Open,174,W,DEC,10 - 7,Kevin Gschwendtner,54028,SIU Edwardsville,Tate Battani,57232,Iowa State
2019,02/17,Last Chance Open,174,W,MFOR,0 - 0,Taylan Entriken,50983,Iowa State,Tate Battani,57232,Iowa State
2019,02/17,Last Chance Open,174,L,TF5,18 - 0 7:00,Lorenzo De La Riva,40169,North Dakota State,Tate Battani,57232,Iowa State
2019,02/17,Last Chance Open,174,W,MFOR,0 - 0,Ryan Christensen,20481,Wisconsin,Tate Battani,57232,Iowa State
2019,02/02,Sioux City Dave Edmonds Open,174,L,DEC,8 - 5,Taylan Entriken,50983,Iowa State,Tate Battani,57232,Iowa State
2019,02/02,Sioux City Dave Edmonds Open,174,W,DEC,8 - 6,Tanner Mendoza,61447,Valiant Prep,Tate Battani,57232,Iowa State
2019,02/02,Sioux City Dave Edmonds Open,174,W,DEC,5 - 2,Zach Lee,61367,Grand View,Tate Battani,57232,Iowa State
2019,02/02,Sioux City Dave Edmonds Open,174,L,FALL,0:41,Gabriel Rangel,58058,Grand View,Tate Battani,57232,Iowa State
2019,02/02,Sioux City Dave Edmonds Open,174,W,DEC,9 - 6,Devon Sievers,51006,South Dakota State,Tate Battani,57232,Iowa State
2019,02/02,Sioux City Dave Edmonds Open,174,W,MFOR,0 - 0,Walker Fisher,46602,Concordia,Tate Battani,57232,Iowa State
2019,01/26,Loras Open,174,L,MD,14 - 6,Mac Southard,50986,Iowa State,Tate Battani,57232,Iowa State
2019,01/26,Loras Open,174,W,DEC,8 - 4,Alex Ward,61235,Loras,Tate Battani,57232,Iowa State
2019,01/26,Loras Open,174,W,DEC,8 - 3,Colin Murphy,61228,Loras,Tate Battani,57232,Iowa State
2019,01/26,Loras Open,174,W,TF5,20 - 4 7:00,Peyton Bimms,61226,Dubuque,Tate Battani,57232,Iowa State
2019,01/26,Loras Open,174,W,DEC,9 - 5,Anders Lantz,51005,Wisconsin,Tate Battani,57232,Iowa State
2019,01/26,Loras Open,174,L,DEC,7 - 6,Sam Schuler,43820,Loras,Tate Battani,57232,Iowa State
2019,12/08,UNI Open,165,W,DEC,6 - 4,Ryan Thomas,50839,Minnesota,Tate Battani,57232,Iowa State
2019,12/08,UNI Open,165,W,DEC,7 - 3,Austin Stotts,50647,Iowa State,Tate Battani,57232,Iowa State
2019,12/08,UNI Open,165,W,DEC,10 - 3,Kelby Hawkins,49318,South Dakota State,Tate Battani,57232,Iowa State
2019,12/08,UNI Open,165,L,MD,13 - 5,Nelson Brands,49994,Iowa,Tate Battani,57232,Iowa State
2019,12/08,UNI Open,165,L,DEC,9 - 3,Nick Gasbarro,39724,Illinois,Tate Battani,57232,Iowa State
2019,11/10,Grand View Open,165,W,DEC,7 - 4,Austin Burrell,58683,North Idaho College,Tate Battani,57232,Iowa State
2019,11/10,Grand View Open,165,W,TF5,24 - 9 7:00,Brady Buchheit,58682,Unattached,Tate Battani,57232,Iowa State
2019,11/10,Grand View Open,165,L,DEC,5 - 2,Giovanny Bonilla,58679,Iowa Western Community College,Tate Battani,57232,Iowa State
2019,11/10,Grand View Open,165,W,FALL,4:44,Brayden Ebbs,56591,Grand View,Tate Battani,57232,Iowa State
2019,11/03,Cyclone Open,165,W,TF5,23 - 5 4:56,Tanner Smith,58051,Iowa State University Wrestling Club,Tate Battani,57232,Iowa State
2019,11/03,Cyclone Open,165,W,DEC,6 - 4,Nick Lucas,58045,Pratt Community College,Tate Battani,57232,Iowa State
2019,11/03,Cyclone Open,165,L,DEC,8 - 2,Nick Lucas,58045,Pratt Community College,Tate Battani,57232,Iowa State
2019,11/03,Cyclone Open,165,L,MD,15 - 3,Tyler Dow,50622,Wisconsin,Tate Battani,57232,Iowa State
2019,02/17,Last Chance Open,174,L,MFOR,0 - 0,Tate Battani,57232,Iowa State,Taylan Entriken,50983,Iowa State
2019,02/17,Last Chance Open,174,L,SV-1,6 - 4,Kevin Gschwendtner,54028,SIU Edwardsville,Taylan Entriken,50983,Iowa State
2019,02/02,Sioux City Dave Edmonds Open,174,W,DEC,8 - 5,Tate Battani,57232,Iowa State,Taylan Entriken,50983,Iowa State
2019,02/02,Sioux City Dave Edmonds Open,174,L,DEC,8 - 6,Lawton Benna,54888,Grand View,Taylan Entriken,50983,Iowa State
2019,02/02,Sioux City Dave Edmonds Open,174,W,TF5,16 - 1 5:57,Devon Sievers,51006,South Dakota State,Taylan Entriken,50983,Iowa State
2019,02/02,Sioux City Dave Edmonds Open,174,W,DEC,10 - 7,Caleb Coleman,41076,Grand View,Taylan Entriken,50983,Iowa State
2019,02/02,Sioux City Dave Edmonds Open,174,W,DEC,1 - 0,Caleb Coleman,41076,Grand View,Taylan Entriken,50983,Iowa State
2019,11/17,Lindenwood Open,174,L,FALL,2:10,Logan Schumacher,56307,Iowa State,Taylan Entriken,50983,Iowa State
2019,11/17,Lindenwood Open,174,L,DEC,6 - 3,Mac Southard,50986,Iowa State,Taylan Entriken,50983,Iowa State
2019,11/17,Lindenwood Open,174,W,DEC,12 - 6,Kalin Winkler,46346,Otero Junior College,Taylan Entriken,50983,Iowa State
2019,11/17,Lindenwood Open,174,W,TF5,18 - 2 7:00,Cameron Simmons,54618,Marian University,Taylan Entriken,50983,Iowa State
2019,11/17,Lindenwood Open,174,W,DEC,5 - 0,Luke Ely,55654,Liberty University,Taylan Entriken,50983,Iowa State
2019,11/17,Lindenwood Open,174,W,MD,9 - 1,Cole Overman,42449,Lindsey Wilson,Taylan Entriken,50983,Iowa State
2019,11/10,Grand View Open,174,W,MD,8 - 0,Eric Vermillion,58710,Indiana Tech,Taylan Entriken,50983,Iowa State
2019,11/10,Grand View Open,174,W,TF5,18 - 0 7:00,Pierre Toney,58707,Labette Community College,Taylan Entriken,50983,Iowa State
2019,11/10,Grand View Open,174,W,MD,11 - 2,Logan Schumacher,56307,Iowa State,Taylan Entriken,50983,Iowa State
2019,11/10,Grand View Open,174,W,DEC,8 - 3,Trager Abatti,52790,North Idaho College,Taylan Entriken,50983,Iowa State
2019,11/10,Grand View Open,174,W,MD,11 - 1,Matthew Young,51884,Ellsworth CC,Taylan Entriken,50983,Iowa State
2019,11/03,Cyclone Open,174,L,DEC,3 - 2,Mac Southard,50986,Iowa State,Taylan Entriken,50983,Iowa State
2019,11/03,Cyclone Open,174,W,FALL,5:26,Nathan Haynes,58039,Unattached,Taylan Entriken,50983,Iowa State
2019,11/03,Cyclone Open,174,L,DEC,8 - 2,Jeremiah Kent,50824,Missouri,Taylan Entriken,50983,Iowa State
2019,01/26,Loras Open,174,L,INJ,7:00,Jacob Krakow,61230,Loras,Mac Southard,50986,Iowa State
2019,01/26,Loras Open,174,W,MD,14 - 6,Tate Battani,57232,Iowa State,Mac Southard,50986,Iowa State
2019,01/26,Loras Open,174,W,MD,21 - 9,Wylie Allen,49474,Cornell College,Mac Southard,50986,Iowa State
2019,01/26,Loras Open,174,W,DEC,9 - 3,Lucas Sedlacek,48365,Loras,Mac Southard,50986,Iowa State
2019,01/26,Loras Open,174,W,DEC,7 - 3,Sam Schuler,43820,Loras,Mac Southard,50986,Iowa State
2019,12/08,UNI Open,174,W,DEC,8 - 3,Logan Schumacher,56307,Iowa State,Mac Southard,50986,Iowa State
2019,12/08,UNI Open,174,L,DEC,4 - 2,Austin Yant,50261,Northern Iowa,Mac Southard,50986,Iowa State
2019,12/08,UNI Open,174,L,DEC,10 - 4,Bailee O'Reilly,50166,Minnesota,Mac Southard,50986,Iowa State
2019,11/17,Lindenwood Open,174,W,DEC,6 - 3,Jace Brownlee,58170,Ouachita Baptist University,Mac Southard,50986,Iowa State
2019,11/17,Lindenwood Open,174,W,DEC,10 - 4,Kevin Gschwendtner,54028,SIU Edwardsville,Mac Southard,50986,Iowa State
2019,11/17,Lindenwood Open,174,W,DEC,10 - 6,Myron Crawford,51872,Ellsworth CC,Mac Southard,50986,Iowa State
2019,11/17,Lindenwood Open,174,L,FALL,1:11,Nathan Walton,51130,Cumberland,Mac Southard,50986,Iowa State
2019,11/17,Lindenwood Open,174,L,DEC,6 - 5,Nathan Walton,51130,Cumberland,Mac Southard,50986,Iowa State
2019,11/17,Lindenwood Open,174,W,DEC,6 - 3,Taylan Entriken,50983,Iowa State,Mac Southard,50986,Iowa State
2019,11/10,Grand View Open,174,L,DEC,4 - 3,Logan Schumacher,56307,Iowa State,Mac Southard,50986,Iowa State
2019,11/10,Grand View Open,174,L,DEC,5 - 3,Eric Vermillion,58710,Indiana Tech,Mac Southard,50986,Iowa State
2019,11/10,Grand View Open,174,W,MD,18 - 7,Reymundo Vasquez,58052,Iowa Central Community College,Mac Southard,50986,Iowa State
2019,11/10,Grand View Open,174,W,TF5,20 - 2 7:00,Dylan Comstock,55938,William Penn,Mac Southard,50986,Iowa State
2019,11/10,Grand View Open,174,W,DEC,8 - 2,Nathan Haynes,52101,Grand View,Mac Southard,50986,Iowa State
2019,11/10,Grand View Open,174,W,SV-1,6 - 4,DeMichael Franklin,50984,Iowa State,Mac Southard,50986,Iowa State
2019,11/03,Cyclone Open,174,L,DEC,4 - 1,Logan Schumacher,56307,Iowa State,Mac Southard,50986,Iowa State
2019,11/03,Cyclone Open,174,W,DEC,13 - 6,Ashton Eyler,58037,Iowa Central Community College,Mac Southard,50986,Iowa State
2019,11/03,Cyclone Open,174,W,MD,13 - 5,Martin Verhaeghe,51854,Fort Hays State,Mac Southard,50986,Iowa State
2019,11/03,Cyclone Open,174,W,DEC,3 - 2,Taylan Entriken,50983,Iowa State,Mac Southard,50986,Iowa State
2019,02/17,Last Chance Open,174,L,DEC,8 - 5,Anthony Marra,58141,Notre Dame,DeMichael Franklin,50984,Iowa State
2019,02/17,Last Chance Open,174,L,DEC,5 - 3,Jake Lowell,50530,Central Michigan,DeMichael Franklin,50984,Iowa State
2019,01/26,Loras Open,174,W,TF5,17 - 0 7:00,Jason Wright,61236,Truman,DeMichael Franklin,50984,Iowa State
2019,01/26,Loras Open,174,W,DEC,7 - 2,Colin Murphy,61228,Loras,DeMichael Franklin,50984,Iowa State
2019,01/26,Loras Open,174,L,MD,11 - 3,Gabriel Rangel,58058,Grand View,DeMichael Franklin,50984,Iowa State
2019,01/26,Loras Open,174,W,TF5,16 - 0 7:00,Vin Kriegshauser,57980,Truman,DeMichael Franklin,50984,Iowa State
2019,01/26,Loras Open,174,W,DEC,7 - 3,Jeremy Scheuermann,46977,Central,DeMichael Franklin,50984,Iowa State
2019,01/26,Loras Open,174,W,TF5,17 - 1 7:00,Gabriel Pleasants,44161,Loras,DeMichael Franklin,50984,Iowa State
2019,11/17,Lindenwood Open,174,W,MD,9 - 1,Cameron Simmons,54618,Marian University,DeMichael Franklin,50984,Iowa State
2019,11/17,Lindenwood Open,174,W,MD,16 - 6,Adrian Cervantes,54091,Joliet Junior College,DeMichael Franklin,50984,Iowa State
2019,11/17,Lindenwood Open,174,L,DEC,4 - 3,Kevin Gschwendtner,54028,SIU Edwardsville,DeMichael Franklin,50984,Iowa State
2019,11/17,Lindenwood Open,174,W,DEC,5 - 3,Chase Vincent,53744,Oklahoma City,DeMichael Franklin,50984,Iowa State
2019,11/17,Lindenwood Open,174,W,DEC,4 - 1,Myron Crawford,51872,Ellsworth CC,DeMichael Franklin,50984,Iowa State
2019,11/10,Grand View Open,174,L,SV-1,6 - 4,Mac Southard,50986,Iowa State,DeMichael Franklin,50984,Iowa State
2019,11/10,Grand View Open,174,L,DEC,4 - 2,Eric Vermillion,58710,Indiana Tech,DeMichael Franklin,50984,Iowa State
2019,11/10,Grand View Open,174,W,TF5,16 - 0 7:00,Wilfried Kadohou,58693,Ellsworth CC,DeMichael Franklin,50984,Iowa State
2019,11/10,Grand View Open,174,W,DEC,9 - 2,Thaddeus Breitsprecker,58681,Unattached,DeMichael Franklin,50984,Iowa State
2019,11/10,Grand View Open,174,W,DEC,5 - 0,Trager Abatti,52790,North Idaho College,DeMichael Franklin,50984,Iowa State
2019,11/10,Grand View Open,174,L,MFOR,0 - 0,Khanden Howse,52315,Ellsworth CC,DeMichael Franklin,50984,Iowa State
2019,11/10,Grand View Open,174,W,MD,13 - 1,Austin Lamm,51460,Iowa Central Community College,DeMichael Franklin,50984,Iowa State
2019,11/03,Cyclone Open,174,W,FALL,4:19,Reymundo Vasquez,58052,Iowa Central Community College,DeMichael Franklin,50984,Iowa State
2019,11/03,Cyclone Open,174,L,DEC,10 - 3,Ashton Eyler,58037,Iowa Central Community College,DeMichael Franklin,50984,Iowa State
2019,11/03,Cyclone Open,174,L,MD,17 - 6,Jeremiah Kent,50824,Missouri,DeMichael Franklin,50984,Iowa State
2019,03/21,NCAA Championships,184,L,DEC,5 - 2,Emery Parker,19939,Illinois,Samuel Colbray,44873,Iowa State
2019,03/21,NCAA Championships,184,L,SV-1,6 - 4,Chip Ness,20118,North Carolina,Samuel Colbray,44873,Iowa State
2019,03/21,NCAA Championships,184,W,DEC,7 - 4,Dakota Geer,45373,Oklahoma State,Samuel Colbray,44873,Iowa State
2019,03/21,NCAA Championships,184,W,DEC,8 - 2,Jackson Hemauer,49347,Fresno State,Samuel Colbray,44873,Iowa State
2019,03/09,Big 12 Championships,184,W,DEC,5 - 2,Tate Samuelson,57066,Wyoming,Samuel Colbray,44873,Iowa State
2019,03/09,Big 12 Championships,184,L,DEC,4 - 1,Drew Foster,20212,Northern Iowa,Samuel Colbray,44873,Iowa State
2019,03/09,Big 12 Championships,184,W,DEC,11 - 5,Kayne MacCallum,19874,Oklahoma,Samuel Colbray,44873,Iowa State
2019,03/09,Big 12 Championships,184,W,DEC,7 - 1,Jake Thompson,50875,Air Force,Samuel Colbray,44873,Iowa State
2019,02/24,Missouri - Iowa State Dual,184,W,DEC,3 - 2,Dylan Wisman,39507,Missouri,Samuel Colbray,44873,Iowa State
2019,02/21,Iowa State - Northern Iowa Dual,184,W,DEC,8 - 5,Drew Foster,20212,Northern Iowa,Samuel Colbray,44873,Iowa State
2019,02/11,Iowa State - Oregon State Dual,184,W,MD,13 - 4,Bob Coleman,45118,Oregon State,Samuel Colbray,44873,Iowa State
2019,02/01,South Dakota State - Iowa State Dual,184,W,DEC,8 - 4,Zach Carlson,40280,South Dakota State,Samuel Colbray,44873,Iowa State
2019,01/27,Iowa State - Oklahoma State Dual,184,L,DEC,9 - 3,Jacobe Smith,22087,Oklahoma State,Samuel Colbray,44873,Iowa State
2019,01/25,Oklahoma - Iowa State Dual,184,W,MD,14 - 4,Kayne MacCallum,19874,Oklahoma,Samuel Colbray,44873,Iowa State
2019,01/20,Iowa State - West Virginia Dual,184,W,TF5,20 - 4 4:39,Jackson Moomau,57161,West Virginia,Samuel Colbray,44873,Iowa State
2019,01/17,Iowa State - Rider Dual,184,W,MD,12 - 3,Michale Fagg-Daves,20352,Rider,Samuel Colbray,44873,Iowa State
2019,01/13,Fresno State - Iowa State Dual,184,W,DEC,8 - 7,Jackson Hemauer,49347,Fresno State,Samuel Colbray,44873,Iowa State
2019,01/09,Iowa State - North Dakota State Dual,184,W,DEC,10 - 3,Michael Otomo,49765,North Dakota State,Samuel Colbray,44873,Iowa State
2019,01/01,Southern Scuffle,184,L,DEC,6 - 3,Jacobe Smith,22087,Oklahoma State,Samuel Colbray,44873,Iowa State
2019,01/01,Southern Scuffle,184,L,FALL,0:45,Shakur Rasheed,20305,Penn State,Samuel Colbray,44873,Iowa State
2019,01/01,Southern Scuffle,184,W,FALL,1:22,Cole Maddox,57197,Campbell,Samuel Colbray,44873,Iowa State
2019,01/01,Southern Scuffle,184,W,FALL,4:33,Michale Fagg-Daves,20352,Rider,Samuel Colbray,44873,Iowa State
2019,01/01,Southern Scuffle,184,W,FALL,6:04,Dom Ducharme,45323,CSU Bakersfield,Samuel Colbray,44873,Iowa State
2019,01/01,Southern Scuffle,184,W,DEC,9 - 3,Dom Ducharme,45323,CSU Bakersfield,Samuel Colbray,44873,Iowa State
2019,12/16,Ohio - Iowa State Dual,184,W,DEC,9 - 8,Hunter Yeargan,45564,Ohio,Samuel Colbray,44873,Iowa State
2019,12/01,Iowa State - Iowa Dual,184,W,DEC,7 - 6,Cash Wilcke,39502,Iowa,Samuel Colbray,44873,Iowa State
2019,11/17,Lindenwood Open,184,L,DEC,5 - 4,Danny Bush,50488,Iowa State,Samuel Colbray,44873,Iowa State
2019,11/17,Lindenwood Open,184,W,FALL,4:13,Lucas Miozza,55243,Lindsey Wilson,Samuel Colbray,44873,Iowa State
2019,11/17,Lindenwood Open,184,W,DEC,9 - 4,Colton Gonzalez,54612,Lindsey Wilson,Samuel Colbray,44873,Iowa State
2019,11/17,Lindenwood Open,184,W,DEC,4 - 2,Danny Bush,50488,Iowa State,Samuel Colbray,44873,Iowa State
2019,11/17,Lindenwood Open,184,W,DEC,7 - 3,Canten Marriott,44723,Missouri,Samuel Colbray,44873,Iowa State
2019,11/11,Southern Illinois Edwardsville - Iowa State Dual,184,W,DEC,10 - 3,Sergio Villalobos,57005,SIU Edwardsville,Samuel Colbray,44873,Iowa State
2019,11/03,Cyclone Open,184,W,DEC,3 - 1,Danny Bush,50488,Iowa State,Samuel Colbray,44873,Iowa State
2019,11/03,Cyclone Open,184,W,FALL,4:50,Casey Crawford,41084,Grand View,Samuel Colbray,44873,Iowa State
2019,11/03,Cyclone Open,184,L,MD,14 - 0,Drew Foster,20212,Northern Iowa,Samuel Colbray,44873,Iowa State
2019,02/17,Last Chance Open,184,L,DEC,6 - 4,Jack Jessen,50838,Northwestern,Joel Devine,50653,Iowa State
2019,02/17,Last Chance Open,184,W,MD,10 - 2,TJ Pottinger,57098,North Dakota State,Joel Devine,50653,Iowa State
2019,02/17,Last Chance Open,184,W,FALL,2:24,Austin Andres,57007,SIU Edwardsville,Joel Devine,50653,Iowa State
2019,02/17,Last Chance Open,184,W,FALL,1:57,Michale Fagg-Daves,20352,Rider,Joel Devine,50653,Iowa State
2019,02/02,Sioux City Dave Edmonds Open,184,W,FALL,1:23,Austin Lasee,61446,Winona State,Joel Devine,50653,Iowa State
2019,02/02,Sioux City Dave Edmonds Open,184,W,FALL,0:50,Elijah Dirkx,53943,Morningside,Joel Devine,50653,Iowa State
2019,02/02,Sioux City Dave Edmonds Open,184,W,MD,16 - 3,Ben Lee,53616,Grand View,Joel Devine,50653,Iowa State
2019,02/02,Sioux City Dave Edmonds Open,184,W,DEC,5 - 2,Alec McDowell,50262,Iowa State,Joel Devine,50653,Iowa State
2019,01/26,Loras Open,184,W,FALL,4:52,Derek Venteicher,59190,Loras,Joel Devine,50653,Iowa State
2019,01/26,Loras Open,184,W,FALL,3:57,Lane Rummelhart,46976,Central,Joel Devine,50653,Iowa State
2019,01/26,Loras Open,184,W,TF5,20 - 4 7:00,Connor Williams,49453,Upper Iowa,Joel Devine,50653,Iowa State
2019,01/26,Loras Open,184,W,FALL,0:39,Harrison Swalla,44138,Iowa State,Joel Devine,50653,Iowa State
2019,01/01,Southern Scuffle,184,W,TB-2,2 - 1,Zach Ancewicz,49132,Edinboro,Joel Devine,50653,Iowa State
2019,01/01,Southern Scuffle,184,W,DEC,10 - 5,Dominic Lampe,39819,Chattanooga,Joel Devine,50653,Iowa State
2019,01/01,Southern Scuffle,184,L,DEC,11 - 5,Jacobe Smith,22087,Oklahoma State,Joel Devine,50653,Iowa State
2019,01/01,Southern Scuffle,184,L,MD,13 - 1,Shakur Rasheed,20305,Penn State,Joel Devine,50653,Iowa State
2019,01/01,Southern Scuffle,184,W,DEC,4 - 3,Nunzio Crowley,45185,Binghamton,Joel Devine,50653,Iowa State
2019,01/01,Southern Scuffle,184,W,TF5,19 - 1 5:41,Christian Salter,51036,Gardner-Webb,Joel Devine,50653,Iowa State
2019,12/08,UNI Open,184,W,MD,10 - 2,Brian Stanford,45871,Iowa Central Community College,Joel Devine,50653,Iowa State
2019,12/08,UNI Open,184,L,DEC,2 - 0,Canten Marriott,44723,Missouri,Joel Devine,50653,Iowa State
2019,12/08,UNI Open,184,W,DEC,16 - 11,Zach Carlson,40280,South Dakota State,Joel Devine,50653,Iowa State
2019,12/08,UNI Open,184,W,DEC,11 - 9,Zach Braunagel,50925,Illinois,Joel Devine,50653,Iowa State
2019,11/17,Lindenwood Open,184,W,MD,10 - 1,Thomas Penola,57105,Purdue,Joel Devine,50653,Iowa State
2019,11/17,Lindenwood Open,184,W,DEC,7 - 3,Sergio Villalobos,57005,SIU Edwardsville,Joel Devine,50653,Iowa State
2019,11/17,Lindenwood Open,184,L,DEC,10 - 4,Gavin Hoffman,50609,Ohio State,Joel Devine,50653,Iowa State
2019,11/17,Lindenwood Open,184,W,DEC,11 - 6,Colton Clingenpeel,45590,Lindenwood,Joel Devine,50653,Iowa State
2019,11/10,Grand View Open,184,W,MD,17 - 6,Tyler Buesgens,54237,Iowa State,Joel Devine,50653,Iowa State
2019,11/10,Grand View Open,184,W,FALL,3:26,Christian Grover,52245,North Idaho College,Joel Devine,50653,Iowa State
2019,11/10,Grand View Open,184,W,FALL,4:14,Martin Brunnert,51777,Central Missouri,Joel Devine,50653,Iowa State
2019,11/10,Grand View Open,184,W,FALL,0:29,Alec McDowell,50262,Iowa State,Joel Devine,50653,Iowa State
2019,01/01,Southern Scuffle,184,L,MD,8 - 0,Louie DePrez,49046,Binghamton,Danny Bush,50488,Iowa State
2019,01/01,Southern Scuffle,184,L,MD,13 - 3,Kaden Russell,49124,Duke,Danny Bush,50488,Iowa State
2019,01/01,Southern Scuffle,184,W,DEC,6 - 1,Jake Thompson,50875,Air Force,Danny Bush,50488,Iowa State
2019,01/01,Southern Scuffle,184,W,INJ,7:00,Jake Mario,39939,North Carolina,Danny Bush,50488,Iowa State
2019,12/08,UNI Open,184,W,FALL,4:01,Austin Andres,57007,SIU Edwardsville,Danny Bush,50488,Iowa State
2019,12/08,UNI Open,184,L,DEC,5 - 3,Zach Carlson,40280,South Dakota State,Danny Bush,50488,Iowa State
2019,12/08,UNI Open,184,L,MD,12 - 0,Dylan Wisman,39507,Missouri,Danny Bush,50488,Iowa State
2019,12/08,UNI Open,184,W,FALL,0:47,Charley Popp,20768,North Dakota State,Danny Bush,50488,Iowa State
2019,12/08,UNI Open,184,W,MFOR,0 - 0,Zach Braunagel,50925,Illinois,Danny Bush,50488,Iowa State
2019,12/08,UNI Open,184,W,DEC,6 - 4,Zach Braunagel,50925,Illinois,Danny Bush,50488,Iowa State
2019,11/17,Lindenwood Open,184,L,DEC,4 - 2,Samuel Colbray,44873,Iowa State,Danny Bush,50488,Iowa State
2019,11/17,Lindenwood Open,184,W,DEC,4 - 0,Jack Jessen,50838,Northwestern,Danny Bush,50488,Iowa State
2019,11/17,Lindenwood Open,184,W,FALL,2:40,Tanner Borror,47216,Oklahoma City,Danny Bush,50488,Iowa State
2019,11/17,Lindenwood Open,184,W,DEC,5 - 4,Samuel Colbray,44873,Iowa State,Danny Bush,50488,Iowa State
2019,11/17,Lindenwood Open,184,L,DEC,5 - 2,Emery Parker,19939,Illinois,Danny Bush,50488,Iowa State
2019,11/10,Grand View Open,184,W,FALL,1:27,Corey Van Dorn,58709,Nebraska Wesleyan,Danny Bush,50488,Iowa State
2019,11/10,Grand View Open,184,W,FALL,1:27,Corey Van dorn,41837,Nebraska-Kearney,Danny Bush,50488,Iowa State
2019,11/10,Grand View Open,184,W,MD,16 - 4,Joseph Robinson,58701,Lindenwood - Belleville,Danny Bush,50488,Iowa State
2019,11/10,Grand View Open,184,W,MD,10 - 2,Harrison Swalla,44138,Iowa State,Danny Bush,50488,Iowa State
2019,11/10,Grand View Open,184,W,FALL,1:22,Ethan Leighton,41088,Grand View,Danny Bush,50488,Iowa State
2019,11/03,Cyclone Open,184,L,DEC,3 - 1,Samuel Colbray,44873,Iowa State,Danny Bush,50488,Iowa State
2019,11/03,Cyclone Open,184,W,MD,9 - 1,Michael Kordek,45341,Northern Iowa,Danny Bush,50488,Iowa State
2019,11/03,Cyclone Open,184,W,MD,16 - 7,Ethan Leighton,41088,Grand View,Danny Bush,50488,Iowa State
2019,11/03,Cyclone Open,184,W,FALL,1:18,Ethan Leighton,41088,Grand View,Danny Bush,50488,Iowa State
2019,02/17,Last Chance Open,184,L,SV-1,5 - 3,TJ Pottinger,57098,North Dakota State,Harrison Swalla,44138,Iowa State
2019,02/17,Last Chance Open,184,L,DEC,14 - 11,Austin Andres,57007,SIU Edwardsville,Harrison Swalla,44138,Iowa State
2019,01/26,Loras Open,184,L,FALL,0:39,Joel Devine,50653,Iowa State,Harrison Swalla,44138,Iowa State
2019,01/26,Loras Open,184,W,FALL,5:52,Mike Maksimovic,61231,Unattached,Harrison Swalla,44138,Iowa State
2019,01/26,Loras Open,184,W,DEC,5 - 2,Alec McDowell,50262,Iowa State,Harrison Swalla,44138,Iowa State
2019,01/26,Loras Open,184,W,MD,11 - 3,Dalton Nelson,50241,Upper Iowa,Harrison Swalla,44138,Iowa State
2019,01/26,Loras Open,184,W,DEC,3 - 2,Jared Florell,49304,Purdue,Harrison Swalla,44138,Iowa State
2019,12/08,UNI Open,184,L,DEC,4 - 0,Zach Carlson,40280,South Dakota State,Harrison Swalla,44138,Iowa State
2019,12/08,UNI Open,184,L,DEC,7 - 5,Charley Popp,20768,North Dakota State,Harrison Swalla,44138,Iowa State
2019,11/17,Lindenwood Open,184,L,DEC,3 - 1,Sergio Villalobos,57005,SIU Edwardsville,Harrison Swalla,44138,Iowa State
2019,11/17,Lindenwood Open,184,W,DEC,6 - 1,John Olivieri,54745,Cumberland,Harrison Swalla,44138,Iowa State
2019,11/17,Lindenwood Open,184,L,MD,17 - 8,Dalton Tipton,42253,Missouri Valley,Harrison Swalla,44138,Iowa State
2019,11/10,Grand View Open,184,W,SV-1,3 - 1,Mike Lambert,41749,Nebraska-Kearney,Harrison Swalla,44138,Iowa State
2019,11/10,Grand View Open,184,L,MD,10 - 2,Danny Bush,50488,Iowa State,Harrison Swalla,44138,Iowa State
2019,11/10,Grand View Open,184,W,SV-1,3 - 1,Michael Lambert,58696,Nebraska Wesleyan,Harrison Swalla,44138,Iowa State
2019,11/10,Grand View Open,184,W,DEC,6 - 3,Jacob Smith,51881,Baker,Harrison Swalla,44138,Iowa State
2019,11/10,Grand View Open,184,W,DEC,5 - 4,Artie Bess,46969,Grand View,Harrison Swalla,44138,Iowa State
2019,11/03,Cyclone Open,184,L,DEC,8 - 2,Ethan Leighton,41088,Grand View,Harrison Swalla,44138,Iowa State
2019,11/03,Cyclone Open,184,L,DEC,3 - 2,Mason Reinhardt,39748,Wisconsin,Harrison Swalla,44138,Iowa State
2019,02/17,Last Chance Open,184,L,MD,11 - 0,Jack Jessen,50838,Northwestern,Alec McDowell,50262,Iowa State
2019,02/17,Last Chance Open,184,W,DEC,7 - 5,TJ Pottinger,57098,North Dakota State,Alec McDowell,50262,Iowa State
2019,02/17,Last Chance Open,184,W,FALL,4:56,Austin Andres,57007,SIU Edwardsville,Alec McDowell,50262,Iowa State
2019,02/17,Last Chance Open,184,W,FALL,6:11,Michael Kordek,45341,Northern Iowa,Alec McDowell,50262,Iowa State
2019,02/17,Last Chance Open,184,L,FALL,3:18,Michale Fagg-Daves,20352,Rider,Alec McDowell,50262,Iowa State
2019,02/02,Sioux City Dave Edmonds Open,184,L,DEC,5 - 2,Joel Devine,50653,Iowa State,Alec McDowell,50262,Iowa State
2019,02/02,Sioux City Dave Edmonds Open,184,W,DEC,6 - 2,Tanner Stamper-Smith,61452,Northwestern,Alec McDowell,50262,Iowa State
2019,02/02,Sioux City Dave Edmonds Open,184,W,FALL,1:29,Tristen Stuhr,60885,Dickinson State,Alec McDowell,50262,Iowa State
2019,02/02,Sioux City Dave Edmonds Open,184,W,FALL,5:56,Ethan Leighton,41088,Grand View,Alec McDowell,50262,Iowa State
2019,01/26,Loras Open,184,L,DEC,5 - 2,Harrison Swalla,44138,Iowa State,Alec McDowell,50262,Iowa State
2019,01/26,Loras Open,184,L,FALL,2:30,Mike Maksimovic,61231,Unattached,Alec McDowell,50262,Iowa State
2019,01/26,Loras Open,184,W,MD,15 - 4,Jordan Shahrikian,58704,Ellsworth CC,Alec McDowell,50262,Iowa State
2019,01/26,Loras Open,184,W,MD,12 - 2,Michael Kordek,45341,Northern Iowa,Alec McDowell,50262,Iowa State
2019,01/26,Loras Open,184,W,DEC,6 - 1,Javier Soto,43830,Loras,Alec McDowell,50262,Iowa State
2019,12/08,UNI Open,184,W,FALL,5:23,Austin Andres,57007,SIU Edwardsville,Alec McDowell,50262,Iowa State
2019,12/08,UNI Open,184,W,DEC,3 - 1,Caden Steffen,51689,Minnesota,Alec McDowell,50262,Iowa State
2019,12/08,UNI Open,184,L,MD,14 - 5,Zach Braunagel,50925,Illinois,Alec McDowell,50262,Iowa State
2019,12/08,UNI Open,184,L,DEC,4 - 2,Zach Braunagel,50925,Illinois,Alec McDowell,50262,Iowa State
2019,11/17,Lindenwood Open,184,W,FALL,7:00,Dayton Brown,58765,Missouri Valley,Alec McDowell,50262,Iowa State
2019,11/17,Lindenwood Open,184,W,DEC,6 - 5,Jordan Dieringer,58171,Ouachita Baptist University,Alec McDowell,50262,Iowa State
2019,11/17,Lindenwood Open,184,W,DEC,8 - 2,Austin Andres,57007,SIU Edwardsville,Alec McDowell,50262,Iowa State
2019,11/17,Lindenwood Open,184,L,MD,13 - 1,Anthony Montalvo,51619,Oklahoma State,Alec McDowell,50262,Iowa State
2019,11/10,Grand View Open,184,L,FALL,0:29,Joel Devine,50653,Iowa State,Alec McDowell,50262,Iowa State
2019,11/10,Grand View Open,184,W,DEC,6 - 3,Jordan Shahrikian,58704,Ellsworth CC,Alec McDowell,50262,Iowa State
2019,11/10,Grand View Open,184,W,TF5,16 - 0 7:00,Steven Raines,58700,Iowa Lakes Community College,Alec McDowell,50262,Iowa State
2019,11/10,Grand View Open,184,W,FALL,1:40,Tyson Albright,58489,Benedictine College,Alec McDowell,50262,Iowa State
2019,11/03,Cyclone Open,184,W,DEC,8 - 2,Gavin Lively,58044,Pratt Community College,Alec McDowell,50262,Iowa State
2019,11/03,Cyclone Open,184,L,DEC,5 - 4,Benjamin Lee,58043,Unattached,Alec McDowell,50262,Iowa State
2019,11/03,Cyclone Open,184,L,DEC,12 - 8,Jared Krattiger,58042,Unattached,Alec McDowell,50262,Iowa State
2019,02/17,Last Chance Open,197,W,FALL,1:42,Joe Marcano,58132,Notre Dame,Tyler Buesgens,54237,Iowa State
2019,02/17,Last Chance Open,197,W,FALL,4:32,Aaron Bolo,50919,Central Michigan,Tyler Buesgens,54237,Iowa State
2019,02/17,Last Chance Open,197,L,DEC,7 - 5,Izaak Shedenhelm,48351,Northern Iowa,Tyler Buesgens,54237,Iowa State
2019,02/17,Last Chance Open,197,L,DEC,6 - 5,Izaak Shedenhelm,48351,Northern Iowa,Tyler Buesgens,54237,Iowa State
2019,12/08,UNI Open,184,L,DEC,3 - 1,Samuel Grove,49320,South Dakota State,Tyler Buesgens,54237,Iowa State
2019,12/08,UNI Open,184,L,MD,13 - 1,Dylan Wisman,39507,Missouri,Tyler Buesgens,54237,Iowa State
2019,11/17,Lindenwood Open,184,W,FALL,2:11,Micheal Terry,59581,Joliet Junior College,Tyler Buesgens,54237,Iowa State
2019,11/17,Lindenwood Open,184,W,TF5,17 - 1 7:00,Joeseph Catanese,59414,Missouri Valley,Tyler Buesgens,54237,Iowa State
2019,11/17,Lindenwood Open,184,W,FALL,0:11,Dayton Brown,58765,Missouri Valley,Tyler Buesgens,54237,Iowa State
2019,11/17,Lindenwood Open,184,W,FALL,2:44,Joey Williams,54074,Maryville University,Tyler Buesgens,54237,Iowa State
2019,11/17,Lindenwood Open,184,L,TF5,17 - 2 7:00,Anthony Montalvo,51619,Oklahoma State,Tyler Buesgens,54237,Iowa State
2019,11/17,Lindenwood Open,184,W,FALL,0:38,Justin Villegas,50159,Ouachita Baptist University,Tyler Buesgens,54237,Iowa State
2019,11/10,Grand View Open,184,L,MD,17 - 6,Joel Devine,50653,Iowa State,Tyler Buesgens,54237,Iowa State
2019,11/10,Grand View Open,184,W,MD,12 - 2,Jordan Shahrikian,58704,Ellsworth CC,Tyler Buesgens,54237,Iowa State
2019,11/10,Grand View Open,184,W,FALL,1:17,Steven Raines,58700,Iowa Lakes Community College,Tyler Buesgens,54237,Iowa State
2019,11/10,Grand View Open,184,W,FALL,0:25,Justin Gericke,58687,William Penn,Tyler Buesgens,54237,Iowa State
2019,11/10,Grand View Open,184,W,DEC,5 - 0,Ben Lee,53616,Grand View,Tyler Buesgens,54237,Iowa State
2019,11/03,Cyclone Open,184,W,DEC,2 - 0,Benjamin Lee,58043,Unattached,Tyler Buesgens,54237,Iowa State
2019,11/03,Cyclone Open,184,L,DEC,8 - 6,Jared Krattiger,58042,Unattached,Tyler Buesgens,54237,Iowa State
2019,11/03,Cyclone Open,184,W,DEC,5 - 4,Brian Stanford,45871,Iowa Central Community College,Tyler Buesgens,54237,Iowa State
2019,02/17,Last Chance Open,174,L,FALL,3:47,Marcus Coleman,49154,Iowa State,Brandon Tessau,56317,Iowa State
2019,02/17,Last Chance Open,174,L,TF5,17 - 0 7:00,Jake Lowell,50530,Central Michigan,Brandon Tessau,56317,Iowa State
2019,02/02,Sioux City Dave Edmonds Open,174,L,DEC,6 - 4,Robert Denny,61445,Graceland University,Brandon Tessau,56317,Iowa State
2019,02/02,Sioux City Dave Edmonds Open,174,W,MD,20 - 7,Scott Teesdale,59131,Doane College,Brandon Tessau,56317,Iowa State
2019,02/02,Sioux City Dave Edmonds Open,174,W,DEC,7 - 2,Tucker Bassinger,53039,Morningside,Brandon Tessau,56317,Iowa State
2019,02/02,Sioux City Dave Edmonds Open,174,L,DEC,7 - 5,Kolby Kost,51650,Augustana,Brandon Tessau,56317,Iowa State
2019,01/26,Loras Open,174,W,DEC,9 - 6,Lucas Sedlacek,48365,Loras,Brandon Tessau,56317,Iowa State
2019,01/26,Loras Open,174,L,DEC,9 - 2,Jeremy Scheuermann,46977,Central,Brandon Tessau,56317,Iowa State
2019,01/26,Loras Open,174,L,MD,8 - 0,Sam Elston,43855,Loras,Brandon Tessau,56317,Iowa State
2019,12/08,UNI Open,184,L,DEC,8 - 2,Noah Cressell,51692,North Dakota State,Brandon Tessau,56317,Iowa State
2019,12/08,UNI Open,184,L,FALL,2:52,Samuel Grove,49320,South Dakota State,Brandon Tessau,56317,Iowa State
2019,11/17,Lindenwood Open,184,L,FALL,2:12,Jordan Dieringer,58171,Ouachita Baptist University,Brandon Tessau,56317,Iowa State
2019,11/17,Lindenwood Open,184,L,MD,19 - 5,Anthony Montalvo,51619,Oklahoma State,Brandon Tessau,56317,Iowa State
2019,03/21,NCAA Championships,197,L,FALL,2:10,Preston Weigel,20278,Oklahoma State,Willie Miklus,14058,Iowa State
2019,03/21,NCAA Championships,197,L,TB-1,7 - 2,Josh Hokit,44586,Fresno State,Willie Miklus,14058,Iowa State
2019,03/21,NCAA Championships,197,W,FALL,0:28,Nathan Traxler,45395,Stanford,Willie Miklus,14058,Iowa State
2019,03/21,NCAA Championships,197,W,DEC,7 - 5,Benjamin Honis,43656,Cornell,Willie Miklus,14058,Iowa State
2019,03/21,NCAA Championships,197,W,DEC,3 - 2,Eric Schultz,44853,Nebraska,Willie Miklus,14058,Iowa State
2019,03/21,NCAA Championships,197,W,MD,17 - 4,Drew Phipps,45224,Bucknell,Willie Miklus,14058,Iowa State
2019,03/21,NCAA Championships,197,L,DEC,6 - 2,Christian Brunner,44744,Purdue,Willie Miklus,14058,Iowa State
2019,03/21,NCAA Championships,197,W,DEC,6 - 1,Joshua Roetman,45378,Navy,Willie Miklus,14058,Iowa State
2019,03/09,Big 12 Championships,197,W,TF5,15 - 0 3:19,Jacob Seely,39665,Northern Colorado,Willie Miklus,14058,Iowa State
2019,03/09,Big 12 Championships,197,L,MD,10 - 0,Preston Weigel,20278,Oklahoma State,Willie Miklus,14058,Iowa State
2019,03/09,Big 12 Championships,197,W,DEC,6 - 0,Josh Hokit,44586,Fresno State,Willie Miklus,14058,Iowa State
2019,03/09,Big 12 Championships,197,W,DEC,7 - 3,Anthony McLaughlin,23674,Air Force,Willie Miklus,14058,Iowa State
2019,02/24,Missouri - Iowa State Dual,197,W,DEC,4 - 0,Wyatt Koelling,44722,Missouri,Willie Miklus,14058,Iowa State
2019,02/21,Iowa State - Northern Iowa Dual,197,W,DEC,5 - 0,Tyrell Gordon,51694,Northern Iowa,Willie Miklus,14058,Iowa State
2019,02/11,Iowa State - Oregon State Dual,197,W,MD,11 - 1,Jamarcus Grant,44974,Oregon State,Willie Miklus,14058,Iowa State
2019,02/03,Utah Valley - Iowa State Dual,197,W,MD,17 - 6,Ashton Seely,50975,Utah Valley,Willie Miklus,14058,Iowa State
2019,01/27,Iowa State - Oklahoma State Dual,197,W,DEC,9 - 6,Dakota Geer,45373,Oklahoma State,Willie Miklus,14058,Iowa State
2019,01/25,Oklahoma - Iowa State Dual,197,W,DEC,6 - 5,Jake Woodley,49257,Oklahoma,Willie Miklus,14058,Iowa State
2019,01/20,Iowa State - West Virginia Dual,197,W,FALL,4:37,Noah Adams,49342,West Virginia,Willie Miklus,14058,Iowa State
2019,01/17,Iowa State - Rider Dual,197,W,DEC,11 - 4,Ethan Laird,50134,Rider,Willie Miklus,14058,Iowa State
2019,01/13,Fresno State - Iowa State Dual,197,L,SV-1,4 - 2,Josh Hokit,44586,Fresno State,Willie Miklus,14058,Iowa State
2019,01/09,Iowa State - North Dakota State Dual,197,W,FALL,2:53,Cordell Eaton,40458,North Dakota State,Willie Miklus,14058,Iowa State
2019,12/16,Ohio - Iowa State Dual,197,W,TF5,17 - 2 7:00,Nate Hall,41646,Ohio,Willie Miklus,14058,Iowa State
2019,12/01,Iowa State - Iowa Dual,197,L,DEC,5 - 4,Jacob Warner,49151,Iowa,Willie Miklus,14058,Iowa State
2019,11/17,Lindenwood Open,197,W,FALL,2:38,Augustus Boyd,41475,Ouachita Baptist University,Willie Miklus,14058,Iowa State
2019,11/17,Lindenwood Open,197,W,MD,19 - 10,Ryan Vasbinder,53358,McKendree University,Willie Miklus,14058,Iowa State
2019,11/17,Lindenwood Open,197,W,DEC,7 - 3,Lucas Davison,51236,Northwestern,Willie Miklus,14058,Iowa State
2019,11/17,Lindenwood Open,197,W,FALL,0:25,Cade Brownlee,44684,Iowa,Willie Miklus,14058,Iowa State
2019,11/11,Southern Illinois Edwardsville - Iowa State Dual,197,W,DEC,5 - 3,Christian DuLaney,20211,SIU Edwardsville,Willie Miklus,14058,Iowa State
2019,11/03,Cyclone Open,197,W,FALL,0:52,Matthew Wenzel,58053,Worcester Polytechnic,Willie Miklus,14058,Iowa State
2019,11/03,Cyclone Open,197,W,FALL,0:54,Brady Wetter,44937,Wisconsin,Willie Miklus,14058,Iowa State
2019,11/03,Cyclone Open,197,W,DEC,5 - 2,Evan Hansen,41089,Grand View,Willie Miklus,14058,Iowa State
2019,02/17,Last Chance Open,197,L,DEC,7 - 2,Lucas Davison,51236,Northwestern,Kaden Sauer,50987,Iowa State
2019,02/17,Last Chance Open,197,W,FALL,1:41,Joe Marcano,58132,Notre Dame,Kaden Sauer,50987,Iowa State
2019,02/17,Last Chance Open,197,W,MD,12 - 4,Izaak Shedenhelm,48351,Northern Iowa,Kaden Sauer,50987,Iowa State
2019,02/02,Sioux City Dave Edmonds Open,197,W,FALL,1:25,Kyle Anderson,60290,Dickinson State,Kaden Sauer,50987,Iowa State
2019,02/02,Sioux City Dave Edmonds Open,197,W,TF5,15 - 0 4:12,Perry Baltz,59110,Doane College,Kaden Sauer,50987,Iowa State
2019,02/02,Sioux City Dave Edmonds Open,197,L,FALL,1:58,Tanner Sloan,56251,South Dakota State,Kaden Sauer,50987,Iowa State
2019,02/02,Sioux City Dave Edmonds Open,197,W,INJ,7:00,Anthony Gaona,54377,Nebraska,Kaden Sauer,50987,Iowa State
2019,02/02,Sioux City Dave Edmonds Open,197,W,FALL,4:30,Tyler Jorgensen,53505,Concordia,Kaden Sauer,50987,Iowa State
2019,02/02,Sioux City Dave Edmonds Open,197,W,TF5,18 - 0 1:29,Noah Manly,43471,York,Kaden Sauer,50987,Iowa State
2019,01/01,Southern Scuffle,197,W,MD,13 - 4,Nate Hall,41646,Ohio,Kaden Sauer,50987,Iowa State
2019,01/01,Southern Scuffle,197,L,FALL,3:42,Eli Spencer,45318,George Mason,Kaden Sauer,50987,Iowa State
2019,01/01,Southern Scuffle,197,W,SV-1,4 - 2,Paul Carson,51334,Appalachian State,Kaden Sauer,50987,Iowa State
2019,01/01,Southern Scuffle,197,L,FALL,1:15,Ethan Laird,50134,Rider,Kaden Sauer,50987,Iowa State
2019,11/17,Lindenwood Open,197,W,DEC,11 - 7,Zachary Worm,47306,Marian University,Kaden Sauer,50987,Iowa State
2019,11/17,Lindenwood Open,197,W,FALL,5:51,Drew Mccollum,52853,Hannibal-LaGrange,Kaden Sauer,50987,Iowa State
2019,11/17,Lindenwood Open,197,L,FALL,0:31,Matt Wroblewski,50019,Illinois,Kaden Sauer,50987,Iowa State
2019,11/17,Lindenwood Open,197,L,DEC,3 - 2,Andre Lee,19938,Illinois,Kaden Sauer,50987,Iowa State
2019,11/10,Grand View Open,197,W,SV-1,6 - 4,Diallo Matsimella,58656,Life University,Kaden Sauer,50987,Iowa State
2019,11/10,Grand View Open,197,W,DEC,4 - 3,David Dow,47202,Baker,Kaden Sauer,50987,Iowa State
2019,11/10,Grand View Open,197,L,DEC,5 - 4,Evan Hansen,41089,Grand View,Kaden Sauer,50987,Iowa State
2019,11/10,Grand View Open,197,W,FALL,3:27,Joe Teague,39959,Iowa State,Kaden Sauer,50987,Iowa State
2019,11/10,Grand View Open,197,W,MD,16 - 2,Anthony Gaona,54377,Nebraska,Kaden Sauer,50987,Iowa State
2019,11/03,Cyclone Open,197,W,DEC,10 - 4,Izaak Shedenhelm,48351,Northern Iowa,Kaden Sauer,50987,Iowa State
2019,11/03,Cyclone Open,197,W,FALL,2:17,Steven Gregory,46633,Grand View,Kaden Sauer,50987,Iowa State
2019,11/03,Cyclone Open,197,W,FALL,1:00,Brady Wetter,44937,Wisconsin,Kaden Sauer,50987,Iowa State
2019,11/03,Cyclone Open,197,L,MD,9 - 0,Evan Hansen,41089,Grand View,Kaden Sauer,50987,Iowa State
2019,11/03,Cyclone Open,197,W,DEC,10 - 8,Joe Teague,39959,Iowa State,Kaden Sauer,50987,Iowa State
2019,11/17,Lindenwood Open,197,L,DEC,2 - 0,Lucas Davison,51236,Northwestern,Joe Teague,39959,Iowa State
2019,11/17,Lindenwood Open,197,L,MFOR,0 - 0,Brian Burns,56823,Illinois,Joe Teague,39959,Iowa State
2019,11/10,Grand View Open,197,W,DEC,5 - 4,Brady Radik,21419,Nebraska-Kearney,Joe Teague,39959,Iowa State
2019,11/10,Grand View Open,197,L,FALL,3:27,Kaden Sauer,50987,Iowa State,Joe Teague,39959,Iowa State
2019,11/10,Grand View Open,197,W,DEC,6 - 1,Oscar Martinez,58677,Indiana Tech,Joe Teague,39959,Iowa State
2019,11/10,Grand View Open,197,W,MFOR,0 - 0,Diallo Matsimella,58656,Life University,Joe Teague,39959,Iowa State
2019,11/10,Grand View Open,197,L,DEC,3 - 1,David Dow,47202,Baker,Joe Teague,39959,Iowa State
2019,11/10,Grand View Open,197,W,DEC,5 - 4,Brady Radik,46975,Nebraska Wesleyan,Joe Teague,39959,Iowa State
2019,11/10,Grand View Open,197,W,MD,12 - 2,Cade Brownlee,44684,Iowa,Joe Teague,39959,Iowa State
2019,11/03,Cyclone Open,197,L,DEC,10 - 8,Kaden Sauer,50987,Iowa State,Joe Teague,39959,Iowa State
2019,11/03,Cyclone Open,197,W,FALL,2:00,Justin Guilliams,46583,Northern Iowa,Joe Teague,39959,Iowa State
2019,11/03,Cyclone Open,197,L,DEC,7 - 3,Taylor Watkins,40180,Missouri,Joe Teague,39959,Iowa State
2019,02/17,Last Chance Open,197,W,DEC,8 - 3,Aric Bohn,57004,SIU Edwardsville,Hunter DeJong,52094,Iowa State
2019,02/17,Last Chance Open,197,L,DEC,2 - 0,Aaron Bolo,50919,Central Michigan,Hunter DeJong,52094,Iowa State
2019,02/17,Last Chance Open,197,L,MD,14 - 3,Christian DuLaney,20211,SIU Edwardsville,Hunter DeJong,52094,Iowa State
2019,01/26,Loras Open,197,W,FALL,2:19,Steve Tuggle,61233,Central,Hunter DeJong,52094,Iowa State
2019,01/26,Loras Open,197,W,DEC,4 - 3,Steve Tuggle,61233,Central,Hunter DeJong,52094,Iowa State
2019,01/26,Loras Open,197,W,DEC,8 - 6,Andrew Salemme,56925,Wisconsin,Hunter DeJong,52094,Iowa State
2019,01/26,Loras Open,197,W,FALL,1:46,Samuel Reeves,54957,Truman,Hunter DeJong,52094,Iowa State
2019,01/26,Loras Open,197,W,DEC,7 - 5,Devin Roettger,49489,Cornell College,Hunter DeJong,52094,Iowa State
2019,01/26,Loras Open,197,L,DEC,4 - 0,Beau Breske,44757,Wisconsin,Hunter DeJong,52094,Iowa State
2019,12/08,UNI Open,197,W,DEC,5 - 1,Aric Bohn,57004,SIU Edwardsville,Hunter DeJong,52094,Iowa State
2019,12/08,UNI Open,197,L,DEC,4 - 1,Izaak Shedenhelm,48351,Northern Iowa,Hunter DeJong,52094,Iowa State
2019,12/08,UNI Open,197,L,DEC,4 - 0,Taylor Watkins,40180,Missouri,Hunter DeJong,52094,Iowa State
2019,11/17,Lindenwood Open,197,L,DEC,6 - 4,Benjamin Turnbough,59582,Williams Baptist,Hunter DeJong,52094,Iowa State
2019,11/17,Lindenwood Open,197,W,FALL,2:43,Colben Dodson,59452,Northeastern Oklahoma,Hunter DeJong,52094,Iowa State
2019,11/17,Lindenwood Open,197,W,MD,10 - 2,Ryan Bracken,58192,Oklahoma City,Hunter DeJong,52094,Iowa State
2019,11/17,Lindenwood Open,197,W,FALL,3:20,Aric Bohn,57004,SIU Edwardsville,Hunter DeJong,52094,Iowa State
2019,11/17,Lindenwood Open,197,L,DEC,7 - 4,Austin Amos,55193,Liberty University,Hunter DeJong,52094,Iowa State
2019,11/17,Lindenwood Open,197,W,FALL,1:20,Keaton Fogler,51195,Lindenwood,Hunter DeJong,52094,Iowa State
2019,11/10,Grand View Open,197,W,FALL,1:33,James Schafer,58703,Benedictine College,Hunter DeJong,52094,Iowa State
2019,11/10,Grand View Open,197,W,FALL,1:48,Alexander Bordeau,58680,Life University,Hunter DeJong,52094,Iowa State
2019,11/10,Grand View Open,197,W,FALL,2:45,Chris Henderson,54625,Pratt Community College,Hunter DeJong,52094,Iowa State
2019,11/10,Grand View Open,197,L,DEC,2 - 0,Tyrell Gordon,51694,Northern Iowa,Hunter DeJong,52094,Iowa State
2019,11/03,Cyclone Open,197,W,FALL,4:21,Andrew Salemme,58050,Unattached,Hunter DeJong,52094,Iowa State
2019,11/03,Cyclone Open,197,W,DEC,7 - 6,Chris Henderson,54625,Pratt Community College,Hunter DeJong,52094,Iowa State
2019,11/03,Cyclone Open,197,W,DEC,4 - 2,Tyler Roling,52142,Iowa State University Wrestling Club,Hunter DeJong,52094,Iowa State
2019,11/03,Cyclone Open,197,L,DEC,2 - 0,Tyrell Gordon,51694,Northern Iowa,Hunter DeJong,52094,Iowa State
2019,12/08,UNI Open,197,L,FALL,4:44,Jack Flynn,51611,Missouri,Dan Eslick,57230,Iowa State
2019,12/08,UNI Open,197,L,DEC,7 - 3,Cole Witzig,45596,North Dakota State,Dan Eslick,57230,Iowa State
2019,11/17,Lindenwood Open,197,W,FALL,0:38,Mateo Pena,59577,Labette Community College,Dan Eslick,57230,Iowa State
2019,11/17,Lindenwood Open,197,L,DEC,5 - 3,Aric Bohn,57004,SIU Edwardsville,Dan Eslick,57230,Iowa State
2019,11/17,Lindenwood Open,197,L,DEC,5 - 2,Austin Amos,55193,Liberty University,Dan Eslick,57230,Iowa State
2019,11/10,Grand View Open,197,W,FALL,0:11,Dawson Troxel,58708,Iowa Lakes Community College,Dan Eslick,57230,Iowa State
2019,11/10,Grand View Open,197,W,FALL,7:00,Trajae Lackland,58695,Iowa Central Community College,Dan Eslick,57230,Iowa State
2019,11/10,Grand View Open,197,W,FALL,1:06,Travis Carpenter,58684,Sierra College,Dan Eslick,57230,Iowa State
2019,11/10,Grand View Open,197,W,DEC,9 - 2,Hunter Gregerson,58667,North Idaho College,Dan Eslick,57230,Iowa State
2019,11/10,Grand View Open,197,L,FALL,3:53,Tyrell Gordon,51694,Northern Iowa,Dan Eslick,57230,Iowa State
2019,11/03,Cyclone Open,197,L,DEC,2 - 1,Andrew Salemme,58050,Unattached,Dan Eslick,57230,Iowa State
2019,11/03,Cyclone Open,197,L,DEC,5 - 2,Cordell Duhart,56938,Missouri,Dan Eslick,57230,Iowa State
2019,03/21,NCAA Championships,285,L,FALL,4:43,Youssif Hemida,39563,Maryland,Gannon Gremmel,44856,Iowa State
2019,03/21,NCAA Championships,285,W,DEC,7 - 4,Haydn Maley,49327,Stanford,Gannon Gremmel,44856,Iowa State
2019,03/21,NCAA Championships,285,L,DEC,11 - 7,Demetrius Thomas,47357,Pittsburgh,Gannon Gremmel,44856,Iowa State
2019,03/09,Big 12 Championships,285,L,FALL,4:14,Brian Andrews,50489,Wyoming,Gannon Gremmel,44856,Iowa State
2019,03/09,Big 12 Championships,285,W,DEC,2 - 0,Brandon Ngati,45167,West Virginia,Gannon Gremmel,44856,Iowa State
2019,03/09,Big 12 Championships,285,W,DEC,2 - 0,Carter Isley,44719,Northern Iowa,Gannon Gremmel,44856,Iowa State
2019,03/09,Big 12 Championships,285,L,DEC,3 - 2,AJ Nevills,47810,Fresno State,Gannon Gremmel,44856,Iowa State
2019,02/24,Missouri - Iowa State Dual,285,W,SV-2,5 - 3,Zach Elam,51612,Missouri,Gannon Gremmel,44856,Iowa State
2019,02/21,Iowa State - Northern Iowa Dual,285,L,SV-1,2 - 0,Carter Isley,44719,Northern Iowa,Gannon Gremmel,44856,Iowa State
2019,02/17,Last Chance Open,285,L,MFOR,0 - 0,Francis Duggan,51112,Iowa State,Gannon Gremmel,44856,Iowa State
2019,02/17,Last Chance Open,285,L,MFOR,0 - 0,Ethan Andersen,44788,Iowa State,Gannon Gremmel,44856,Iowa State
2019,02/17,Last Chance Open,285,W,MD,13 - 4,Jake McKiernan,20382,SIU Edwardsville,Gannon Gremmel,44856,Iowa State
2019,02/17,Last Chance Open,285,L,FALL,5:42,Colton McKiernan,57003,SIU Edwardsville,Gannon Gremmel,44856,Iowa State
2019,02/17,Last Chance Open,285,W,DEC,9 - 2,Jack Heyob,55585,Northwestern,Gannon Gremmel,44856,Iowa State
2019,02/03,Utah Valley - Iowa State Dual,285,W,FALL,6:31,Tate Orndorff,50974,Utah Valley,Gannon Gremmel,44856,Iowa State
2019,02/01,South Dakota State - Iowa State Dual,285,W,DEC,5 - 3,Blake Wolters,45289,South Dakota State,Gannon Gremmel,44856,Iowa State
2019,01/27,Iowa State - Oklahoma State Dual,285,L,DEC,7 - 1,Derek White,20107,Oklahoma State,Gannon Gremmel,44856,Iowa State
2019,01/25,Oklahoma - Iowa State Dual,285,W,DEC,6 - 1,Jake Boyd,49260,Oklahoma,Gannon Gremmel,44856,Iowa State
2019,01/20,Iowa State - West Virginia Dual,285,W,DEC,2 - 0,Brandon Ngati,45167,West Virginia,Gannon Gremmel,44856,Iowa State
2019,01/17,Iowa State - Rider Dual,285,L,FALL,5:26,Ryan Cloud,39972,Rider,Gannon Gremmel,44856,Iowa State
2019,01/13,Fresno State - Iowa State Dual,285,W,DEC,6 - 5,AJ Nevills,47810,Fresno State,Gannon Gremmel,44856,Iowa State
2019,01/09,Iowa State - North Dakota State Dual,285,W,DEC,7 - 3,Brandon Metz,49222,North Dakota State,Gannon Gremmel,44856,Iowa State
2019,01/01,Southern Scuffle,285,L,MD,16 - 5,Anthony Cassar,20299,Penn State,Gannon Gremmel,44856,Iowa State
2019,01/01,Southern Scuffle,285,W,DEC,5 - 1,Sean O'Malley,49121,Drexel,Gannon Gremmel,44856,Iowa State
2019,01/01,Southern Scuffle,285,W,FALL,3:57,Cary Miller,39976,Appalachian State,Gannon Gremmel,44856,Iowa State
2019,01/01,Southern Scuffle,285,L,DEC,6 - 0,Billy Miller,20725,Virginia Tech,Gannon Gremmel,44856,Iowa State
2019,01/01,Southern Scuffle,285,L,DEC,7 - 3,Haydn Maley,49327,Stanford,Gannon Gremmel,44856,Iowa State
2019,01/01,Southern Scuffle,285,W,DEC,6 - 0,Colin Lawler,54114,NC State,Gannon Gremmel,44856,Iowa State
2019,12/16,Ohio - Iowa State Dual,285,W,DEC,7 - 3,Zack Parker,20235,Ohio,Gannon Gremmel,44856,Iowa State
2019,12/08,UNI Open,285,W,TF5,21 - 6 7:00,Bryce Esmoil,57162,Northern Iowa,Gannon Gremmel,44856,Iowa State
2019,12/08,UNI Open,285,W,DEC,4 - 1,Francis Duggan,51112,Iowa State,Gannon Gremmel,44856,Iowa State
2019,12/08,UNI Open,285,W,FALL,4:25,Amari Latimer,47259,Iowa Central Community College,Gannon Gremmel,44856,Iowa State
2019,12/08,UNI Open,285,W,DEC,3 - 1,Tommy Helton,45298,SIU Edwardsville,Gannon Gremmel,44856,Iowa State
2019,12/08,UNI Open,285,L,SV-1,3 - 1,Dan Stibral,39554,North Dakota State,Gannon Gremmel,44856,Iowa State
2019,12/01,Iowa State - Iowa Dual,285,L,DEC,5 - 1,Sam Stoll,19955,Iowa,Gannon Gremmel,44856,Iowa State
2019,11/17,Lindenwood Open,285,W,DEC,8 - 3,Tommy Helton,45298,SIU Edwardsville,Gannon Gremmel,44856,Iowa State
2019,11/17,Lindenwood Open,285,W,DEC,8 - 5,Ethan Andersen,44788,Iowa State,Gannon Gremmel,44856,Iowa State
2019,11/17,Lindenwood Open,285,W,DEC,10 - 6,Korey Walker,41069,Oklahoma City,Gannon Gremmel,44856,Iowa State
2019,11/17,Lindenwood Open,285,L,FALL,4:20,Anthony Cassioppi,50650,Iowa,Gannon Gremmel,44856,Iowa State
2019,11/11,Southern Illinois Edwardsville - Iowa State Dual,285,W,DEC,9 - 5,Tommy Helton,45298,SIU Edwardsville,Gannon Gremmel,44856,Iowa State
2019,11/03,Cyclone Open,285,W,DEC,8 - 7,Ethan Andersen,44788,Iowa State,Gannon Gremmel,44856,Iowa State
2019,11/03,Cyclone Open,285,L,DEC,10 - 6,Cooper Thomas,44510,Grand View,Gannon Gremmel,44856,Iowa State
2019,11/03,Cyclone Open,285,W,MD,14 - 5,Gary Whitaker,42052,Grand View,Gannon Gremmel,44856,Iowa State
2019,02/17,Last Chance Open,285,W,TF5,21 - 4 7:00,Tanyi Besong,51465,Notre Dame,Francis Duggan,51112,Iowa State
2019,02/17,Last Chance Open,285,W,MFOR,0 - 0,Gannon Gremmel,44856,Iowa State,Francis Duggan,51112,Iowa State
2019,02/17,Last Chance Open,285,L,DEC,3 - 2,Carter Isley,44719,Northern Iowa,Francis Duggan,51112,Iowa State
2019,02/17,Last Chance Open,285,L,DEC,5 - 4,Dan Stibral,39554,North Dakota State,Francis Duggan,51112,Iowa State
2019,02/02,Sioux City Dave Edmonds Open,285,W,DEC,9 - 3,Wyatt Turner,54076,Briar Cliff,Francis Duggan,51112,Iowa State
2019,02/02,Sioux City Dave Edmonds Open,285,W,DEC,12 - 6,Mathew Kent,52141,Grand View,Francis Duggan,51112,Iowa State
2019,02/02,Sioux City Dave Edmonds Open,285,W,MD,10 - 2,Christopher James,49740,Concordia,Francis Duggan,51112,Iowa State
2019,02/02,Sioux City Dave Edmonds Open,285,L,MD,14 - 5,Cooper Thomas,44510,Grand View,Francis Duggan,51112,Iowa State
2019,02/02,Sioux City Dave Edmonds Open,285,L,DEC,7 - 5,Lee Herrington,56179,Nebraska-Kearney,Francis Duggan,51112,Iowa State
2019,01/26,Loras Open,285,W,MD,12 - 3,Areon Day,60653,Loras,Francis Duggan,51112,Iowa State
2019,01/26,Loras Open,285,W,DEC,3 - 2,Boone McDermott,56898,Iowa Central Community College,Francis Duggan,51112,Iowa State
2019,01/26,Loras Open,285,W,DEC,5 - 3,John McConkey,50834,Northern Iowa,Francis Duggan,51112,Iowa State
2019,01/26,Loras Open,285,W,FALL,2:12,Ethan Andersen,44788,Iowa State,Francis Duggan,51112,Iowa State
2019,01/26,Loras Open,285,L,DEC,10 - 4,Anthony Cassioppi,50650,Iowa,Francis Duggan,51112,Iowa State
2019,01/01,Southern Scuffle,285,L,TF5,17 - 2 4:52,Derek White,20107,Oklahoma State,Francis Duggan,51112,Iowa State
2019,01/01,Southern Scuffle,285,W,FALL,3:56,Michael McAleavey,45588,The Citadel,Francis Duggan,51112,Iowa State
2019,01/01,Southern Scuffle,285,W,MD,18 - 7,Araad Fisher,40068,Duke,Francis Duggan,51112,Iowa State
2019,01/01,Southern Scuffle,285,L,DEC,5 - 2,David Showunmi,39853,Stanford,Francis Duggan,51112,Iowa State
2019,12/08,UNI Open,285,L,DEC,4 - 1,Gannon Gremmel,44856,Iowa State,Francis Duggan,51112,Iowa State
2019,12/08,UNI Open,285,W,DEC,5 - 2,Alex Aarsvold,51007,South Dakota State,Francis Duggan,51112,Iowa State
2019,12/08,UNI Open,285,L,DEC,5 - 4,Tommy Helton,45298,SIU Edwardsville,Francis Duggan,51112,Iowa State
2019,12/08,UNI Open,285,W,DEC,12 - 6,Jake McKiernan,20382,SIU Edwardsville,Francis Duggan,51112,Iowa State
2019,12/08,UNI Open,285,W,DEC,4 - 2,Brian Burns,56823,Illinois,Francis Duggan,51112,Iowa State
2019,11/03,Cyclone Open,285,W,DEC,6 - 0,Boone McDermott,56898,Iowa Central Community College,Francis Duggan,51112,Iowa State
2019,11/03,Cyclone Open,285,W,FALL,1:45,Dewayne Jennings,58040,Central Baptist College,Francis Duggan,51112,Iowa State
2019,11/03,Cyclone Open,285,W,FALL,1:54,Ja'Quez Bostic,58032,Iowa Central Community College,Francis Duggan,51112,Iowa State
2019,11/03,Cyclone Open,285,W,FALL,0:57,Amari Latimer,47259,Iowa Central Community College,Francis Duggan,51112,Iowa State
2019,02/17,Last Chance Open,285,W,FALL,0:27,Jack Heyob,55585,Northwestern,Ethan Andersen,44788,Iowa State
2019,02/17,Last Chance Open,285,W,FALL,0:40,Tanyi Besong,51465,Notre Dame,Ethan Andersen,44788,Iowa State
2019,02/17,Last Chance Open,285,W,MFOR,0 - 0,Gannon Gremmel,44856,Iowa State,Ethan Andersen,44788,Iowa State
2019,02/17,Last Chance Open,285,L,FALL,7:00,Carter Isley,44719,Northern Iowa,Ethan Andersen,44788,Iowa State
2019,02/17,Last Chance Open,285,W,MD,17 - 5,Dan Stibral,39554,North Dakota State,Ethan Andersen,44788,Iowa State
2019,02/11,Iowa State - Oregon State Dual,285,L,TF5,23 - 8 7:00,Amarveer Dhesi,14223,Oregon State,Ethan Andersen,44788,Iowa State
2019,01/26,Loras Open,285,L,FALL,2:12,Francis Duggan,51112,Iowa State,Ethan Andersen,44788,Iowa State
2019,01/26,Loras Open,285,W,MFOR,0 - 0,Boone McDermott,56898,Iowa Central Community College,Ethan Andersen,44788,Iowa State
2019,01/26,Loras Open,285,W,TF5,20 - 5 7:00,Alex Heisdorffer,55216,Cornell College,Ethan Andersen,44788,Iowa State
2019,01/26,Loras Open,285,W,MFOR,0 - 0,Charles Griffin,52362,Ellsworth CC,Ethan Andersen,44788,Iowa State
2019,01/26,Loras Open,285,W,DEC,12 - 9,John McConkey,50834,Northern Iowa,Ethan Andersen,44788,Iowa State
2019,01/26,Loras Open,285,L,FALL,0:34,Aaron Costello,49149,Iowa,Ethan Andersen,44788,Iowa State
2019,11/17,Lindenwood Open,285,L,DEC,8 - 5,Gannon Gremmel,44856,Iowa State,Ethan Andersen,44788,Iowa State
2019,11/17,Lindenwood Open,285,W,DEC,5 - 2,Colton McKiernan,57003,SIU Edwardsville,Ethan Andersen,44788,Iowa State
2019,11/17,Lindenwood Open,285,W,MD,21 - 7,Luke Diener,47171,McKendree University,Ethan Andersen,44788,Iowa State
2019,11/17,Lindenwood Open,285,W,FALL,2:21,Austin Weldon,46537,Ouachita Baptist University,Ethan Andersen,44788,Iowa State
2019,11/17,Lindenwood Open,285,W,DEC,10 - 3,Korey Walker,41069,Oklahoma City,Ethan Andersen,44788,Iowa State
2019,11/10,Grand View Open,285,W,FALL,1:56,Brandon Hill,58690,Life University,Ethan Andersen,44788,Iowa State
2019,11/10,Grand View Open,285,W,FALL,1:37,Daniel Gusev,58688,Unattached,Ethan Andersen,44788,Iowa State
2019,11/10,Grand View Open,285,W,FALL,1:23,Gary Whitaker,42052,Grand View,Ethan Andersen,44788,Iowa State
2019,11/10,Grand View Open,285,L,DEC,7 - 5,Austin Emerson,56470,Nebraska,Ethan Andersen,44788,Iowa State
2019,11/10,Grand View Open,285,L,FALL,2:26,Anthony Cassioppi,50650,Iowa,Ethan Andersen,44788,Iowa State
2019,11/03,Cyclone Open,285,L,DEC,8 - 7,Gannon Gremmel,44856,Iowa State,Ethan Andersen,44788,Iowa State
2019,11/03,Cyclone Open,285,W,DEC,8 - 1,Rodrigo Diaz,44851,Missouri,Ethan Andersen,44788,Iowa State
2019,11/03,Cyclone Open,285,L,DEC,6 - 2,Carter Isley,44719,Northern Iowa,Ethan Andersen,44788,Iowa State
