season,date,event,weight_class,result,result_type,score,opponent,opponent_id,opponent_school,wrestler,wrestler_id,wrestler_school
2024,03/21,NCAA Championships,125,L,DEC,4 - 2,Kysen Terukina,67143,Iowa State,Ethan Berginc,71779,Army West Point
2024,03/21,NCAA Championships,125,L,MD,13 - 2,Richard Figueroa,61129,Arizona State,Ethan Berginc,71779,Army West Point
2024,03/08,EIWA Championships,125,L,DEC,11 - 6,Luke Stanich,78768,Lehigh,Ethan Berginc,71779,Army West Point
2024,03/08,EIWA Championships,125,W,TB-2,10 - 9,Max Gallagher,78893,Pennsylvania,Ethan Berginc,71779,Army West Point
2024,03/08,EIWA Championships,125,W,DEC,5 - 3,Michael Joyce,76394,Brown,Ethan Berginc,71779,Army West Point
2024,03/08,EIWA Championships,125,W,DEC,4 - 1,Jack Maida,72679,American,Ethan Berginc,71779,Army West Point
2024,03/08,EIWA Championships,125,W,DEC,5 - 0,Dylan Acevedo-Switzer,73023,Hofstra,Ethan Berginc,71779,Army West Point
2024,02/25,American - Army West Point Dual,125,L,DEC,4 - 3,Jack Maida,72679,American,Ethan Berginc,71779,Army West Point
2024,02/16,Army West Point - Navy Dual,125,W,TF5,19 - 3 4:48,Dayton DelViscio,73322,Navy,Ethan Berginc,71779,Army West Point
2024,02/04,Lehigh - Army West Point Dual,125,L,DEC,4 - 1,Sheldon Seymour,62339,Lehigh,Ethan Berginc,71779,Army West Point
2024,01/21,Army West Point - Binghamton Dual,125,W,DEC,8 - 2,Carson Wagner,78720,Binghamton,Ethan Berginc,71779,Army West Point
2024,01/14,Columbia - Army West Point Dual,125,W,FALL,1:21,Nick Babin,65929,Columbia,Ethan Berginc,71779,Army West Point
2024,01/14,Drexel - Army West Point Dual,125,W,DEC,8 - 7,Desmond Pleasant,71583,Drexel,Ethan Berginc,71779,Army West Point
2024,01/01,Southern Scuffle,125,W,MD,14 - 3,Conrad Hendriksen,80186,Oklahoma,Ethan Berginc,71779,Army West Point
2024,01/01,Southern Scuffle,125,W,DEC,5 - 3,Chad Bellis,71922,Appalachian State,Ethan Berginc,71779,Army West Point
2024,01/01,Southern Scuffle,125,W,DEC,2 - 1,Charlie Farmer,71771,Army West Point,Ethan Berginc,71779,Army West Point
2024,01/01,Southern Scuffle,125,L,DEC,8 - 5,Blaine Frazier,78575,Indiana,Ethan Berginc,71779,Army West Point
2024,01/01,Southern Scuffle,125,W,FALL,6:23,Michael Spangler,60212,Indiana,Ethan Berginc,71779,Army West Point
2024,01/01,Southern Scuffle,125,W,MD,10 - 1,Drew West,50041,Gardner-Webb,Ethan Berginc,71779,Army West Point
2024,01/01,Southern Scuffle,125,W,MD,18 - 5,Ty Tice,84391,Chattanooga,Ethan Berginc,71779,Army West Point
2024,12/09,Cleveland State Open,125,W,DEC,9 - 4,Nolan Wertanen,78523,Michigan,Ethan Berginc,71779,Army West Point
2024,12/09,Cleveland State Open,125,W,DEC,9 - 4,Kaden Chinavare,77647,Central Michigan,Ethan Berginc,71779,Army West Point
2024,12/09,Cleveland State Open,125,L,TB-2,3 - 2,Vincent Kilkeary,74118,Ohio State,Ethan Berginc,71779,Army West Point
2024,12/09,Cleveland State Open,125,W,FALL,4:43,Sammie Hayes,73128,Virginia,Ethan Berginc,71779,Army West Point
2024,12/09,Cleveland State Open,125,W,MD,15 - 2,Benjamin Aranda,71804,Cleveland State,Ethan Berginc,71779,Army West Point
2024,12/02,Cougar Clash,125,W,MD,14 - 1,Preston Spray,78653,Missouri,Ethan Berginc,71779,Army West Point
2024,12/02,Cougar Clash,125,W,FALL,3:58,Kenny Sailas,72179,Northern Colorado,Ethan Berginc,71779,Army West Point
2024,11/19,Black Knight Invitational,125,W,MD,16 - 3,Troy Guerra,78599,Buffalo,Ethan Berginc,71779,Army West Point
2024,11/19,Black Knight Invitational,125,L,DEC,5 - 1,Braeden Davis,77952,Penn State,Ethan Berginc,71779,Army West Point
2024,11/19,Black Knight Invitational,125,W,MD,14 - 2,Nick Corday,70986,Michigan State,Ethan Berginc,71779,Army West Point
2024,11/19,Black Knight Invitational,125,W,MD,12 - 3,Robert Howard,60242,Penn State,Ethan Berginc,71779,Army West Point
2024,11/16,NC State - Army West Point Dual,125,L,MD,9 - 1,Jakob Camacho,50655,NC State,Ethan Berginc,71779,Army West Point
2024,11/11,Army West Point - Lock Haven Dual,125,L,TF5,19 - 4 7:00,Anthony Noto,64642,Lock Haven,Ethan Berginc,71779,Army West Point
2024,11/11,Purdue - Army West Point Dual,125,L,MD,12 - 3,Matt Ramos,57134,Purdue,Ethan Berginc,71779,Army West Point
2024,11/01,Army West Point - Campbell Dual,125,W,DEC,6 - 1,Zander Phaturos,73554,Campbell,Ethan Berginc,71779,Army West Point
2024,01/28,Mat-Town Open II,125,W,FALL,6:10,Tyler Chappell,79287,Pittsburgh,Charlie Farmer,71771,Army West Point
2024,01/28,Mat-Town Open II,125,L,TF5,19 - 4 6:23,Luke Stanich,78768,Lehigh,Charlie Farmer,71771,Army West Point
2024,01/28,Mat-Town Open II,125,L,MD,15 - 5,Jett Strickenberger,74382,West Virginia,Charlie Farmer,71771,Army West Point
2024,01/28,Mat-Town Open II,125,W,DEC,4 - 2,Brady Pruett,73565,Pennsylvania,Charlie Farmer,71771,Army West Point
2024,01/27,Army West Point - Bucknell Dual,125,W,FALL,1:43,Owen Bell,84533,Bucknell,Charlie Farmer,71771,Army West Point
2024,01/01,Southern Scuffle,125,L,DEC,2 - 1,Ethan Berginc,71779,Army West Point,Charlie Farmer,71771,Army West Point
2024,01/01,Southern Scuffle,125,W,FALL,0:15,Logan Agin,62979,Duke,Charlie Farmer,71771,Army West Point
2024,01/01,Southern Scuffle,125,W,SV-1,4 - 1,Joseph Fischer,68702,Clarion,Charlie Farmer,71771,Army West Point
2024,01/01,Southern Scuffle,125,W,DEC,8 - 3,Desmond Pleasant,71583,Drexel,Charlie Farmer,71771,Army West Point
2024,01/01,Southern Scuffle,125,L,DEC,13 - 6,Desmond Pleasant,71583,Drexel,Charlie Farmer,71771,Army West Point
2024,01/01,Southern Scuffle,125,W,MFOR,0 - 0,Brayden Palmer,59826,Chattanooga,Charlie Farmer,71771,Army West Point
2024,12/09,Cleveland State Open,125,W,TF5,20 - 3 3:00,Adan Benavidez,84848,Kent State,Charlie Farmer,71771,Army West Point
2024,12/09,Cleveland State Open,125,L,SV-1,4 - 1,Vincent Kilkeary,74118,Ohio State,Charlie Farmer,71771,Army West Point
2024,12/09,Cleveland State Open,125,W,TF5,20 - 5 6:19,Christian Tanefeu,73460,Michigan,Charlie Farmer,71771,Army West Point
2024,12/09,Cleveland State Open,125,W,DEC,7 - 2,Benjamin Aranda,71804,Cleveland State,Charlie Farmer,71771,Army West Point
2024,12/02,Cougar Clash,125,W,DEC,5 - 3,Blake West,73337,Northern Illinois,Charlie Farmer,71771,Army West Point
2024,12/02,Cougar Clash,125,W,FALL,5:40,Reid Nelson,72129,Little Rock,Charlie Farmer,71771,Army West Point
2024,11/19,Black Knight Invitational,125,W,MD,11 - 2,Max Elton,79785,Buffalo,Charlie Farmer,71771,Army West Point
2024,11/19,Black Knight Invitational,125,W,MD,11 - 3,Carson Wagner,78720,Binghamton,Charlie Farmer,71771,Army West Point
2024,11/19,Black Knight Invitational,125,L,MD,11 - 1,Braeden Davis,77952,Penn State,Charlie Farmer,71771,Army West Point
2024,11/19,Black Knight Invitational,125,L,MD,14 - 4,Gary Steen,68731,Penn State,Charlie Farmer,71771,Army West Point
2024,11/19,Black Knight Invitational,125,W,MD,12 - 3,Brandan Chletsos,72969,Rutgers,Charlie Farmer,71771,Army West Point
2024,11/12,Journeymen Classic,125,W,DEC,4 - 2,Max Gallagher,78893,Pennsylvania,Charlie Farmer,71771,Army West Point
2024,11/12,Journeymen Classic,125,W,TF5,18 - 3 5:13,Robbie Sagaris,73406,LIU,Charlie Farmer,71771,Army West Point
2024,11/12,Journeymen Classic,125,W,MD,18 - 5,Dylan Ryder,50876,Hofstra,Charlie Farmer,71771,Army West Point
2024,11/05,Princeton Open,125,W,TF5,17 - 2 3:24,Luke Sirianni,84262,United States Military Academy,Charlie Farmer,71771,Army West Point
2024,11/05,Princeton Open,125,L,DEC,4 - 0,Joziah Fry,80544,Johnson & Wales,Charlie Farmer,71771,Army West Point
2024,11/05,Princeton Open,125,W,DEC,8 - 5,Joe Couch,78898,Army West Point,Charlie Farmer,71771,Army West Point
2024,11/05,Princeton Open,125,W,MD,21 - 7,Bronson Garber,56759,Bloomsburg,Charlie Farmer,71771,Army West Point
2024,12/22,Wilkes Open,125,W,FALL,0:26,Jacob McDonald,80734,Rowan College of South Jersey,Joe Couch,78898,Army West Point
2024,12/22,Wilkes Open,125,L,DEC,6 - 3,Carson Wagner,78720,Binghamton,Joe Couch,78898,Army West Point
2024,12/22,Wilkes Open,125,W,FALL,1:31,Joseph Custodio,87142,Marymount,Joe Couch,78898,Army West Point
2024,12/22,Wilkes Open,125,W,FALL,0:25,Luke Heimbach,88654,Pennsylvania College of Technology,Joe Couch,78898,Army West Point
2024,11/05,Princeton Open,125,L,DEC,8 - 5,Charlie Farmer,71771,Army West Point,Joe Couch,78898,Army West Point
2024,11/05,Princeton Open,125,W,DEC,6 - 2,Tyler Washburn,85947,United States Military Academy,Joe Couch,78898,Army West Point
2024,11/05,Princeton Open,125,W,DEC,6 - 2,Harrison Gordon,80514,Johnson & Wales,Joe Couch,78898,Army West Point
2024,11/05,Princeton Open,125,L,TF5,19 - 4 4:24,Luke Stanich,78768,Lehigh,Joe Couch,78898,Army West Point
2024,01/05,David Lehman Open,125,L,TF5,20 - 1 4:00,Vincent Robinson,78062,NC State,Noah Tonsor,81065,Army West Point
2024,01/05,David Lehman Open,125,L,MD,15 - 4,Dayton DelViscio,73322,Navy,Noah Tonsor,81065,Army West Point
2024,11/12,Journeymen Classic,125,W,SV-1,9 - 6,Ariel Waldman,84604,LIU,Noah Tonsor,81065,Army West Point
2024,11/12,Journeymen Classic,125,L,TF5,16 - 1 3:18,Gary Steen,68731,Penn State,Noah Tonsor,81065,Army West Point
2024,11/12,Journeymen Classic,125,L,DEC,12 - 6,Bronson Garber,56759,Bloomsburg,Noah Tonsor,81065,Army West Point
2024,11/05,Princeton Open,125,L,TF5,18 - 2 4:55,Luke Stanich,78768,Lehigh,Noah Tonsor,81065,Army West Point
2024,11/05,Princeton Open,125,L,TF5,21 - 6 5:55,Tyler Klinsky,62353,Rider,Noah Tonsor,81065,Army West Point
2024,11/05,Princeton Open,125,W,FALL,2:08,Major Lewis,84530,Bloomsburg,Noah Tonsor,81065,Army West Point
2024,03/21,NCAA Championships,133,L,TB-1,3 - 1,Brody Teske,52779,Iowa,Braden Basile,73707,Army West Point
2024,03/21,NCAA Championships,133,W,MD,14 - 3,Marlon Yarbrough,72946,Virginia,Braden Basile,73707,Army West Point
2024,03/21,NCAA Championships,133,W,MD,19 - 10,Dominick Serrano,61120,Northern Colorado,Braden Basile,73707,Army West Point
2024,03/21,NCAA Championships,133,L,DEC,8 - 5,Evan Frost,72948,Iowa State,Braden Basile,73707,Army West Point
2024,03/08,EIWA Championships,133,L,DEC,12 - 6,Vitali Arujau,49108,Cornell,Braden Basile,73707,Army West Point
2024,03/08,EIWA Championships,133,W,DEC,9 - 3,Kurt Phipps,63966,Bucknell,Braden Basile,73707,Army West Point
2024,03/08,EIWA Championships,133,W,MD,13 - 5,Michael Colaiocco,56733,Pennsylvania,Braden Basile,73707,Army West Point
2024,03/08,EIWA Championships,133,W,DEC,9 - 2,Andrew Fallon,69899,Sacred Heart,Braden Basile,73707,Army West Point
2024,03/08,EIWA Championships,133,W,DEC,6 - 5,Andrew Fallon,69899,Sacred Heart,Braden Basile,73707,Army West Point
2024,02/25,American - Army West Point Dual,133,L,DEC,5 - 4,Raymond Lopez,71769,American,Braden Basile,73707,Army West Point
2024,02/16,Army West Point - Navy Dual,133,W,DEC,5 - 4,Brendan Ferretti,72187,Navy,Braden Basile,73707,Army West Point
2024,01/27,Army West Point - Bucknell Dual,133,L,DEC,1 - 0,Kurt Phipps,63966,Bucknell,Braden Basile,73707,Army West Point
2024,01/21,Army West Point - Binghamton Dual,133,W,DEC,8 - 4,Micah Roes,67299,Binghamton,Braden Basile,73707,Army West Point
2024,01/14,Columbia - Army West Point Dual,133,W,FALL,3:41,Yianni Vines,72655,Columbia,Braden Basile,73707,Army West Point
2024,01/14,Drexel - Army West Point Dual,133,W,DEC,1 - 0,Jaxon Maroney,62880,Drexel,Braden Basile,73707,Army West Point
2024,01/01,Southern Scuffle,133,L,DEC,10 - 6,Tyler Knox,83265,Stanford,Braden Basile,73707,Army West Point
2024,01/01,Southern Scuffle,133,W,FALL,6:02,Gabe Vidlak,70293,Oklahoma,Braden Basile,73707,Army West Point
2024,01/01,Southern Scuffle,133,W,FALL,5:42,Gabe Vidlak,70293,Oklahoma,Braden Basile,73707,Army West Point
2024,01/01,Southern Scuffle,133,L,DEC,5 - 4,Dominick Serrano,61120,Northern Colorado,Braden Basile,73707,Army West Point
2024,01/01,Southern Scuffle,133,W,DEC,13 - 7,Tyson Lane,75724,Gardner-Webb,Braden Basile,73707,Army West Point
2024,01/01,Southern Scuffle,133,W,DQ,0 - 0,George Rosas,78686,The Citadel,Braden Basile,73707,Army West Point
2024,01/01,Southern Scuffle,133,L,DEC,8 - 6,Blake Boarman,70737,Chattanooga,Braden Basile,73707,Army West Point
2024,12/09,Cleveland State Open,133,W,MD,13 - 4,Hayden Cunningham,86120,Unattached,Braden Basile,73707,Army West Point
2024,12/09,Cleveland State Open,133,W,DEC,5 - 4,Tyler Ferrera,78735,Spartan Combat RTC,Braden Basile,73707,Army West Point
2024,12/09,Cleveland State Open,133,W,FALL,2:53,Brenden Hamilton,74533,Lake Erie College,Braden Basile,73707,Army West Point
2024,12/09,Cleveland State Open,133,L,DEC,7 - 3,Andre Gonzales,72135,Ohio State,Braden Basile,73707,Army West Point
2024,12/09,Cleveland State Open,133,W,DEC,8 - 5,Eric Lovelace,69546,Missouri,Braden Basile,73707,Army West Point
2024,12/02,Cougar Clash,133,W,TB-1,5 - 2,Marcel Lopez,78290,SIU Edwardsville,Braden Basile,73707,Army West Point
2024,12/02,Cougar Clash,133,L,DEC,8 - 6,Kade Moore,73859,Missouri,Braden Basile,73707,Army West Point
2024,12/02,Cougar Clash,133,L,DEC,4 - 2,Jager Eisch,72139,Minnesota,Braden Basile,73707,Army West Point
2024,12/02,Cougar Clash,133,W,DEC,4 - 1,Mikey Kaminski,68722,Northern Illinois,Braden Basile,73707,Army West Point
2024,11/19,Black Knight Invitational,133,W,MD,15 - 7,Tommy Maddox,63165,Buffalo,Braden Basile,73707,Army West Point
2024,11/19,Black Knight Invitational,133,L,FALL,0:52,Aaron Nagao,63016,Penn State,Braden Basile,73707,Army West Point
2024,11/19,Black Knight Invitational,133,W,DEC,5 - 4,Max Hermes,78841,Rutgers,Braden Basile,73707,Army West Point
2024,11/19,Black Knight Invitational,133,W,SV-1,8 - 5,Dylan Shawver,61767,Rutgers,Braden Basile,73707,Army West Point
2024,11/16,NC State - Army West Point Dual,133,L,DEC,7 - 6,Jarrett Trombley,50807,NC State,Braden Basile,73707,Army West Point
2024,11/11,Army West Point - Lock Haven Dual,133,W,DEC,10 - 6,Gable Strickland,71822,Lock Haven,Braden Basile,73707,Army West Point
2024,11/11,Purdue - Army West Point Dual,133,W,FALL,6:10,Dustin Norris,72154,Purdue,Braden Basile,73707,Army West Point
2024,11/01,Army West Point - Campbell Dual,133,L,DEC,12 - 10,Domenic Zaccone,56926,Campbell,Braden Basile,73707,Army West Point
2024,02/04,Lehigh - Army West Point Dual,133,W,TF5,16 - 1 6:11,Ethan Smith,84634,Lehigh,Conor Collins,74086,Army West Point
2024,01/28,Mat-Town Open II,133,W,FALL,4:35,Tyler Dekraker,92133,Unattached,Conor Collins,74086,Army West Point
2024,01/28,Mat-Town Open II,133,W,TF5,15 - 0 2:34,Vinnie D'Alessandro,83326,High School,Conor Collins,74086,Army West Point
2024,01/28,Mat-Town Open II,133,L,MD,13 - 2,Ryan Miller,62350,Pennsylvania,Conor Collins,74086,Army West Point
2024,01/28,Mat-Town Open II,133,W,DEC,10 - 3,Jake Gliva,51241,Minnesota,Conor Collins,74086,Army West Point
2024,01/05,David Lehman Open,133,W,FALL,4:15,Ryan Hartung,84444,Binghamton,Conor Collins,74086,Army West Point
2024,01/05,David Lehman Open,133,W,DEC,5 - 1,Coleman Nogle,84309,Harvard,Conor Collins,74086,Army West Point
2024,01/05,David Lehman Open,133,W,MD,13 - 0,Hudson Waldrop,79472,Campbell,Conor Collins,74086,Army West Point
2024,01/05,David Lehman Open,133,L,DEC,7 - 5,John Hildebrandt,78511,Drexel,Conor Collins,74086,Army West Point
2024,01/05,David Lehman Open,133,L,MD,9 - 0,Gable Strickland,71822,Lock Haven,Conor Collins,74086,Army West Point
2024,12/22,Wilkes Open,133,W,FALL,1:39,Michael Campanaro,87243,High School,Conor Collins,74086,Army West Point
2024,12/22,Wilkes Open,133,W,TF5,19 - 3 4:26,Ryan Hartung,84444,Binghamton,Conor Collins,74086,Army West Point
2024,12/22,Wilkes Open,133,L,DEC,5 - 3,Garrett Totten,81066,Navy,Conor Collins,74086,Army West Point
2024,12/22,Wilkes Open,133,W,FALL,1:19,Temuujin Erdenetuya,81689,Marymount,Conor Collins,74086,Army West Point
2024,12/09,Cleveland State Open,133,W,TF5,22 - 6 4:04,Wilfred Tanefeu,73461,Michigan,Conor Collins,74086,Army West Point
2024,12/09,Cleveland State Open,133,W,MD,17 - 7,Canyon Wells,71802,Cleveland State,Conor Collins,74086,Army West Point
2024,12/09,Cleveland State Open,133,L,MD,17 - 6,Eric Lovelace,69546,Missouri,Conor Collins,74086,Army West Point
2024,12/09,Cleveland State Open,133,L,TF5,19 - 3 4:11,Dylan Ragusin,63153,Michigan,Conor Collins,74086,Army West Point
2024,11/19,Black Knight Invitational,133,W,DEC,10 - 3,Micah Roes,67299,Binghamton,Conor Collins,74086,Army West Point
2024,11/19,Black Knight Invitational,133,L,TF5,19 - 4 5:18,Dominick Serrano,61120,Northern Colorado,Conor Collins,74086,Army West Point
2024,11/19,Black Knight Invitational,133,L,MD,14 - 6,Devon Britton,61762,Rutgers,Conor Collins,74086,Army West Point
2024,11/12,Journeymen Classic,133,W,DEC,12 - 5,Daniel Miranda,84525,Arizona State,Conor Collins,74086,Army West Point
2024,11/12,Journeymen Classic,133,L,FALL,3:15,Ethan Qureshi,81106,Cornell,Conor Collins,74086,Army West Point
2024,11/12,Journeymen Classic,133,W,DEC,8 - 1,Sean Wang,73199,Penn State,Conor Collins,74086,Army West Point
2024,11/05,Princeton Open,133,L,TF5,15 - 0 4:15,Anthony Clark,62983,Princeton,Conor Collins,74086,Army West Point
2024,11/05,Princeton Open,133,L,DEC,9 - 7,Richie Koehler,51648,Rider,Conor Collins,74086,Army West Point
2024,01/01,Southern Scuffle,133,L,MD,17 - 7,TJ England,63058,Clarion,Daniel Uhorchuk,71765,Army West Point
2024,01/01,Southern Scuffle,133,L,SV-1,9 - 4,John Hager,84396,Davidson,Daniel Uhorchuk,71765,Army West Point
2024,12/22,Wilkes Open,133,W,FALL,4:32,Michael Campanaro,87243,High School,Daniel Uhorchuk,71765,Army West Point
2024,12/22,Wilkes Open,133,W,DEC,7 - 2,Colt Schrader,84641,Army West Point,Daniel Uhorchuk,71765,Army West Point
2024,12/22,Wilkes Open,133,W,FALL,2:17,Caleb Olgers,82270,Apprentice School,Daniel Uhorchuk,71765,Army West Point
2024,12/22,Wilkes Open,133,L,FALL,4:36,Micah Roes,67299,Binghamton,Daniel Uhorchuk,71765,Army West Point
2024,12/22,Wilkes Open,133,W,DEC,6 - 0,Michael Richardson,70656,Wilkes,Daniel Uhorchuk,71765,Army West Point
2024,12/09,Cleveland State Open,133,L,FALL,4:34,Hayden Cunningham,86120,Unattached,Daniel Uhorchuk,71765,Army West Point
2024,12/09,Cleveland State Open,133,W,MD,17 - 8,Luis Bazan,84930,Northwestern,Daniel Uhorchuk,71765,Army West Point
2024,12/09,Cleveland State Open,133,L,MD,18 - 4,Tyler Ferrera,78735,Spartan Combat RTC,Daniel Uhorchuk,71765,Army West Point
2024,11/12,Journeymen Classic,133,L,DEC,9 - 7,Coleman Nogle,84309,Harvard,Daniel Uhorchuk,71765,Army West Point
2024,11/12,Journeymen Classic,133,L,TF5,16 - 1 3:27,Carter Dibert,71775,Arizona State,Daniel Uhorchuk,71765,Army West Point
2024,11/12,Journeymen Classic,133,W,DEC,9 - 7,Baylor Shunk,62899,Penn State,Daniel Uhorchuk,71765,Army West Point
2024,11/05,Princeton Open,133,W,DEC,7 - 6,Nieko Malone,72910,Rider,Daniel Uhorchuk,71765,Army West Point
2024,11/05,Princeton Open,133,L,DEC,8 - 4,Gable Strickland,71822,Lock Haven,Daniel Uhorchuk,71765,Army West Point
2024,11/05,Princeton Open,133,W,DEC,15 - 9,Nick Kayal,65849,Princeton,Daniel Uhorchuk,71765,Army West Point
2024,11/05,Princeton Open,133,L,SV-1,8 - 4,Richie Koehler,51648,Rider,Daniel Uhorchuk,71765,Army West Point
2024,01/05,David Lehman Open,133,L,DEC,5 - 4,Christopher Betancourt,84576,LIU,Nain Vasquez,76010,Army West Point
2024,01/05,David Lehman Open,133,L,MD,15 - 5,Coleman Nogle,84309,Harvard,Nain Vasquez,76010,Army West Point
2024,11/12,Journeymen Classic,133,W,FALL,6:59,Christopher Betancourt,84576,LIU,Nain Vasquez,76010,Army West Point
2024,11/12,Journeymen Classic,133,W,SV-1,8 - 5,Kaelen Francois,73404,LIU,Nain Vasquez,76010,Army West Point
2024,11/12,Journeymen Classic,133,L,DEC,8 - 1,Alex Almeyda,72982,Pennsylvania,Nain Vasquez,76010,Army West Point
2024,11/05,Princeton Open,133,L,TB-2,4 - 3,Eren Sement,85949,High School,Nain Vasquez,76010,Army West Point
2024,11/05,Princeton Open,133,L,DEC,10 - 8,Jake Eckerle,69768,Johnson & Wales,Nain Vasquez,76010,Army West Point
2024,01/05,David Lehman Open,133,L,MD,12 - 3,Ryan Arbeit,84814,Hofstra,Jake Staud,73365,Army West Point
2024,01/05,David Lehman Open,133,L,TF5,17 - 1 5:35,Jaxon Maroney,62880,Drexel,Jake Staud,73365,Army West Point
2024,11/12,Journeymen Classic,133,L,FALL,2:36,Coleman Nogle,84309,Harvard,Jake Staud,73365,Army West Point
2024,11/12,Journeymen Classic,133,L,MD,11 - 3,Jameson Garcia,84308,Harvard,Jake Staud,73365,Army West Point
2024,11/12,Journeymen Classic,133,W,DEC,3 - 1,Baylor Shunk,62899,Penn State,Jake Staud,73365,Army West Point
2024,11/05,Princeton Open,133,W,MD,11 - 3,Jacob Venezia,75962,NYU,Jake Staud,73365,Army West Point
2024,11/05,Princeton Open,133,L,MD,11 - 0,Max Hermes,78841,Rutgers,Jake Staud,73365,Army West Point
2024,11/05,Princeton Open,133,L,FALL,6:17,Ryan Crookham,73116,Lehigh,Jake Staud,73365,Army West Point
2024,02/24,F&M Scramble,141,L,TF5,18 - 3 3:50,Brandon Sauter,78642,Franklin & Marshall,Colt Schrader,84641,Army West Point
2024,01/05,David Lehman Open,133,W,MFOR,0 - 0,Pablo Castro,79792,Kent State,Colt Schrader,84641,Army West Point
2024,01/05,David Lehman Open,133,L,DEC,8 - 4,Gavin Caprella,83285,Air Force,Colt Schrader,84641,Army West Point
2024,01/05,David Lehman Open,133,L,TF5,15 - 0 5:00,Vince Santaniello,72185,Pittsburgh,Colt Schrader,84641,Army West Point
2024,12/22,Wilkes Open,133,L,DEC,7 - 2,Daniel Uhorchuk,71765,Army West Point,Colt Schrader,84641,Army West Point
2024,12/22,Wilkes Open,133,L,DEC,4 - 2,Ryan Hartung,84444,Binghamton,Colt Schrader,84641,Army West Point
2024,12/22,Wilkes Open,133,W,MD,16 - 8,Charles Trimber,75579,Pennsylvania College of Technology,Colt Schrader,84641,Army West Point
2024,12/22,Wilkes Open,133,W,TF5,15 - 0 4:19,Ethan Washburn,86822,Wilkes,Colt Schrader,84641,Army West Point
2024,12/22,Wilkes Open,133,W,MD,10 - 2,Michael Richardson,70656,Wilkes,Colt Schrader,84641,Army West Point
2024,12/09,Cleveland State Open,133,L,FALL,3:59,Vinnie D'Alessandro,83326,High School,Colt Schrader,84641,Army West Point
2024,12/09,Cleveland State Open,133,L,TF5,16 - 1 5:34,Jacob Brennaman,80127,Edinboro,Colt Schrader,84641,Army West Point
2024,11/12,Journeymen Classic,133,L,DEC,8 - 1,Ethan Qureshi,81106,Cornell,Colt Schrader,84641,Army West Point
2024,11/12,Journeymen Classic,133,L,TF5,18 - 2 4:14,Chad Ozias,78525,Pitt-Johnstown,Colt Schrader,84641,Army West Point
2024,11/12,Journeymen Classic,133,L,MD,16 - 7,Sean Wang,73199,Penn State,Colt Schrader,84641,Army West Point
2024,03/08,EIWA Championships,141,L,DEC,4 - 2,Dylan Chappell,71754,Bucknell,Logan Brown,53821,Army West Point
2024,03/08,EIWA Championships,141,L,DEC,8 - 7,Raymond Lopez,71769,American,Logan Brown,53821,Army West Point
2024,02/25,American - Army West Point Dual,141,W,DEC,8 - 3,Cael McIntyre,84259,American,Logan Brown,53821,Army West Point
2024,02/16,Army West Point - Navy Dual,141,L,MD,13 - 3,Joshua Koderhandt,70917,Navy,Logan Brown,53821,Army West Point
2024,01/27,Army West Point - Bucknell Dual,141,L,DEC,5 - 4,Dylan Chappell,71754,Bucknell,Logan Brown,53821,Army West Point
2024,01/21,Army West Point - Binghamton Dual,141,W,DEC,8 - 2,Ivan Garcia,67298,Binghamton,Logan Brown,53821,Army West Point
2024,01/14,Drexel - Army West Point Dual,141,L,DEC,7 - 4,Jordan Soriano,73711,Drexel,Logan Brown,53821,Army West Point
2024,01/05,David Lehman Open,141,W,MD,16 - 5,Joey Sentipal,84322,Lock Haven,Logan Brown,53821,Army West Point
2024,01/05,David Lehman Open,141,L,MFOR,0 - 0,Pat Phillips,72671,Franklin & Marshall,Logan Brown,53821,Army West Point
2024,01/05,David Lehman Open,141,W,MD,15 - 4,Chase Caprella,70143,Navy,Logan Brown,53821,Army West Point
2024,01/05,David Lehman Open,141,L,CMFF,0 - 0,Wyatt Henson,63069,Lock Haven,Logan Brown,53821,Army West Point
2024,01/05,David Lehman Open,141,W,DEC,5 - 2,Chris Rivera,62331,Campbell,Logan Brown,53821,Army West Point
2024,12/09,Cleveland State Open,141,W,TF5,18 - 2 4:03,Wyatt Fox,82939,Lock Haven,Logan Brown,53821,Army West Point
2024,12/09,Cleveland State Open,141,W,FALL,2:42,Evan Herriman,81743,Michigan State,Logan Brown,53821,Army West Point
2024,12/09,Cleveland State Open,141,W,MD,14 - 3,Nathan Jerore,73494,Michigan,Logan Brown,53821,Army West Point
2024,12/09,Cleveland State Open,141,W,DEC,4 - 2,Briar Priest,71951,Pittsburgh,Logan Brown,53821,Army West Point
2024,12/09,Cleveland State Open,141,L,TF5,25 - 9 6:31,Wyatt Henson,63069,Lock Haven,Logan Brown,53821,Army West Point
2024,12/02,Cougar Clash,141,W,TF5,19 - 3 4:17,Eric Almarinez,80240,SIU Edwardsville,Logan Brown,53821,Army West Point
2024,12/02,Cougar Clash,141,W,MD,12 - 3,Danny Curran,77772,Northern Illinois,Logan Brown,53821,Army West Point
2024,12/02,Cougar Clash,141,W,DEC,9 - 4,Ben Lunn,64637,Minnesota,Logan Brown,53821,Army West Point
2024,12/02,Cougar Clash,141,L,MD,16 - 6,Josh Edmond,62704,Missouri,Logan Brown,53821,Army West Point
2024,11/19,Black Knight Invitational,141,W,TF5,16 - 0 3:35,Noah Tocaben,84605,LIU,Logan Brown,53821,Army West Point
2024,11/19,Black Knight Invitational,141,L,MD,11 - 1,Tyler Kasak,78731,Penn State,Logan Brown,53821,Army West Point
2024,11/19,Black Knight Invitational,141,W,MD,11 - 3,Ian Oswalt,71942,Brown,Logan Brown,53821,Army West Point
2024,11/19,Black Knight Invitational,141,W,DEC,5 - 2,Nathan Lucier,71763,Binghamton,Logan Brown,53821,Army West Point
2024,11/19,Black Knight Invitational,141,L,DEC,12 - 10,Joseph Fongaro,73552,Rutgers,Logan Brown,53821,Army West Point
2024,11/16,NC State - Army West Point Dual,141,L,TF5,19 - 4 7:55,Ryan Jack,61122,NC State,Logan Brown,53821,Army West Point
2024,11/12,Journeymen Classic,141,W,FALL,4:32,Mark Botello,79254,Cornell,Logan Brown,53821,Army West Point
2024,11/12,Journeymen Classic,141,W,TF5,19 - 3 2:40,Ryan Dal Pizzol,73472,Sacred Heart,Logan Brown,53821,Army West Point
2024,11/05,Princeton Open,141,W,FALL,1:44,Joe Davi,84357,Princeton,Logan Brown,53821,Army West Point
2024,11/05,Princeton Open,141,L,DEC,7 - 6,Carter Bailey,73039,Lehigh,Logan Brown,53821,Army West Point
2024,11/05,Princeton Open,141,W,DEC,12 - 9,Christopher Martino,72987,Princeton,Logan Brown,53821,Army West Point
2024,11/05,Princeton Open,141,L,TF5,19 - 4 7:00,Evan Mougalian,72984,PRTC,Logan Brown,53821,Army West Point
2024,11/05,Princeton Open,141,W,MD,11 - 0,Deon Pleasant,71584,Drexel,Logan Brown,53821,Army West Point
2024,02/04,Lehigh - Army West Point Dual,141,L,DEC,9 - 4,Malyke Hines,56932,Lehigh,Richard Treanor,68698,Army West Point
2024,01/14,Columbia - Army West Point Dual,141,L,DEC,9 - 5,Kai Owen,73196,Columbia,Richard Treanor,68698,Army West Point
2024,01/05,David Lehman Open,141,W,DEC,4 - 0,Jaden Pepe,84310,Harvard,Richard Treanor,68698,Army West Point
2024,01/05,David Lehman Open,141,W,SV-1,4 - 1,Pat Phillips,72671,Franklin & Marshall,Richard Treanor,68698,Army West Point
2024,01/05,David Lehman Open,141,W,DEC,7 - 5,Pat Phillips,72671,Franklin & Marshall,Richard Treanor,68698,Army West Point
2024,01/05,David Lehman Open,141,W,CMFF,0 - 0,Connor McGonagle,56713,Lehigh,Richard Treanor,68698,Army West Point
2024,01/05,David Lehman Open,141,W,FALL,1:29,Dario Lemus,78721,Maryland,Richard Treanor,68698,Army West Point
2024,01/05,David Lehman Open,141,L,DEC,5 - 4,Kal Miller,72211,Maryland,Richard Treanor,68698,Army West Point
2024,12/22,Wilkes Open,141,L,MFOR,0 - 0,Shane Percelay,67033,Army West Point,Richard Treanor,68698,Army West Point
2024,12/22,Wilkes Open,141,W,DEC,4 - 1,Anthony Romero,64010,Unattached,Richard Treanor,68698,Army West Point
2024,12/22,Wilkes Open,141,L,DEC,1 - 0,Ivan Garcia,67298,Binghamton,Richard Treanor,68698,Army West Point
2024,12/22,Wilkes Open,141,W,TF5,15 - 0 2:21,Hugh Bittenbender,81510,King's,Richard Treanor,68698,Army West Point
2024,12/09,Cleveland State Open,141,L,DEC,4 - 2,Shane Percelay,67033,Army West Point,Richard Treanor,68698,Army West Point
2024,12/09,Cleveland State Open,141,W,DEC,5 - 2,Kaden Jett,84348,Ohio,Richard Treanor,68698,Army West Point
2024,12/09,Cleveland State Open,141,L,MD,12 - 3,Patrick Jordon,79780,VMI,Richard Treanor,68698,Army West Point
2024,12/02,Cougar Clash,141,L,TB-1,5 - 3,Danny Martinez,83252,SIU Edwardsville,Richard Treanor,68698,Army West Point
2024,12/02,Cougar Clash,141,W,DEC,8 - 6,Danny Curran,77772,Northern Illinois,Richard Treanor,68698,Army West Point
2024,12/02,Cougar Clash,141,W,MD,16 - 6,Armando Garcia,73045,Northern Colorado,Richard Treanor,68698,Army West Point
2024,12/02,Cougar Clash,141,L,DEC,4 - 0,Ben Lunn,64637,Minnesota,Richard Treanor,68698,Army West Point
2024,11/19,Black Knight Invitational,141,W,TF5,17 - 2 7:00,Tyler Lamon,79479,Gardner-Webb,Richard Treanor,68698,Army West Point
2024,11/19,Black Knight Invitational,141,L,DEC,1 - 0,Todd Carter,69785,Gardner-Webb,Richard Treanor,68698,Army West Point
2024,11/19,Black Knight Invitational,141,W,SV-1,6 - 3,Ivan Garcia,67298,Binghamton,Richard Treanor,68698,Army West Point
2024,11/19,Black Knight Invitational,141,L,FALL,3:57,Beau Bartlett,62221,Penn State,Richard Treanor,68698,Army West Point
2024,11/12,Journeymen Classic,141,L,DEC,7 - 6,Greyson Clark,79389,Purdue,Richard Treanor,68698,Army West Point
2024,11/12,Journeymen Classic,141,W,DEC,9 - 5,Pat Phillips,72671,Franklin & Marshall,Richard Treanor,68698,Army West Point
2024,11/12,Journeymen Classic,141,W,DEC,8 - 2,Devin Matthews,70150,LIU,Richard Treanor,68698,Army West Point
2024,11/19,Black Knight Invitational,141,L,MFOR,0 - 0,Bo DiJulius,78570,LIU,Tyler Morris,69862,Army West Point
2024,11/19,Black Knight Invitational,141,L,INJ,4:07,Todd Carter,69785,Gardner-Webb,Tyler Morris,69862,Army West Point
2024,11/12,Journeymen Classic,141,W,DEC,11 - 5,Josh Hillard,78475,Franklin & Marshall,Tyler Morris,69862,Army West Point
2024,11/12,Journeymen Classic,141,W,DEC,6 - 3,Michael Leveille,57716,Purdue,Tyler Morris,69862,Army West Point
2024,11/11,Army West Point - Lock Haven Dual,141,W,INJ,4:20,Conner Heckman,84588,Lock Haven,Tyler Morris,69862,Army West Point
2024,11/05,Princeton Open,141,W,DEC,8 - 7,Wyatt Fox,82939,Lock Haven,Tyler Morris,69862,Army West Point
2024,11/05,Princeton Open,141,L,MD,11 - 2,Evan Mougalian,72984,PRTC,Tyler Morris,69862,Army West Point
2024,11/05,Princeton Open,141,L,DEC,5 - 0,Malyke Hines,56932,Lehigh,Tyler Morris,69862,Army West Point
2024,11/05,Princeton Open,141,W,DEC,6 - 3,Josh Mason,53817,Bloomsburg,Tyler Morris,69862,Army West Point
2024,11/12,Journeymen Classic,141,L,TF5,18 - 3 7:00,Koy Buesgens,75491,NC State,Zach Keal,62496,Army West Point
2024,11/12,Journeymen Classic,141,W,FALL,4:35,Nico Nardone,71688,Pennsylvania,Zach Keal,62496,Army West Point
2024,11/12,Journeymen Classic,141,W,MD,14 - 3,Cody Foote,70013,Arizona State,Zach Keal,62496,Army West Point
2024,11/11,Purdue - Army West Point Dual,141,L,DEC,12 - 8,Greyson Clark,79389,Purdue,Zach Keal,62496,Army West Point
2024,11/05,Princeton Open,141,W,SV-1,7 - 4,Tyler Vasquez,76366,Princeton,Zach Keal,62496,Army West Point
2024,11/05,Princeton Open,141,L,FALL,6:56,Joey Olivieri,67238,Rutgers,Zach Keal,62496,Army West Point
2024,11/05,Princeton Open,141,L,TF5,15 - 0 3:39,Josh Mason,53817,Bloomsburg,Zach Keal,62496,Army West Point
2024,11/01,Army West Point - Campbell Dual,141,L,DEC,4 - 1,Chris Rivera,62331,Campbell,Zach Keal,62496,Army West Point
2024,01/05,David Lehman Open,141,L,DEC,4 - 3,Nicholas Cottone,77953,Millersville,Shane Percelay,67033,Army West Point
2024,01/05,David Lehman Open,141,L,DEC,10 - 4,Cole Matthews,50936,Pittsburgh,Shane Percelay,67033,Army West Point
2024,12/22,Wilkes Open,141,W,FALL,4:32,Noah Brechbill,87276,West Chester,Shane Percelay,67033,Army West Point
2024,12/22,Wilkes Open,141,W,FALL,6:43,Brandon Sitton,79763,Wilkes,Shane Percelay,67033,Army West Point
2024,12/22,Wilkes Open,141,W,MFOR,0 - 0,Richard Treanor,68698,Army West Point,Shane Percelay,67033,Army West Point
2024,12/22,Wilkes Open,141,L,DEC,14 - 10,Kyren Butler,72944,Virginia,Shane Percelay,67033,Army West Point
2024,12/22,Wilkes Open,141,W,FALL,3:56,Mason Livio,86783,Wilkes,Shane Percelay,67033,Army West Point
2024,12/09,Cleveland State Open,141,W,MD,17 - 5,Maximus Gutierrez,88199,Unattached,Shane Percelay,67033,Army West Point
2024,12/09,Cleveland State Open,141,W,FALL,1:24,Kolby McClain,84346,Northwestern,Shane Percelay,67033,Army West Point
2024,12/09,Cleveland State Open,141,L,DEC,8 - 1,Jimmy Nugent,79053,Central Michigan,Shane Percelay,67033,Army West Point
2024,12/09,Cleveland State Open,141,W,DEC,8 - 4,Nathan Jerore,73494,Michigan,Shane Percelay,67033,Army West Point
2024,12/09,Cleveland State Open,141,W,DEC,4 - 2,Richard Treanor,68698,Army West Point,Shane Percelay,67033,Army West Point
2024,12/09,Cleveland State Open,141,W,MFOR,0 - 0,Julian Sanchez,57318,Army West Point,Shane Percelay,67033,Army West Point
2024,01/05,David Lehman Open,141,L,FALL,4:10,Bryce Kresho,78572,Franklin & Marshall,Julian Sanchez,57318,Army West Point
2024,01/05,David Lehman Open,141,W,DEC,4 - 3,Nathan Lucier,71763,Binghamton,Julian Sanchez,57318,Army West Point
2024,01/05,David Lehman Open,141,L,DEC,8 - 6,Michael Jaffe,57702,Harvard,Julian Sanchez,57318,Army West Point
2024,12/22,Sheridan Invitational,141,L,DEC,4 - 2,Ja'Kerion Merritt,67176,Central Michigan,Julian Sanchez,57318,Army West Point
2024,12/22,Sheridan Invitational,141,L,MD,16 - 3,Cole Rhemrev,77875,Indiana,Julian Sanchez,57318,Army West Point
2024,12/09,Cleveland State Open,141,L,MFOR,0 - 0,Shane Percelay,67033,Army West Point,Julian Sanchez,57318,Army West Point
2024,12/09,Cleveland State Open,141,W,DEC,10 - 6,Jimmy Nugent,79053,Central Michigan,Julian Sanchez,57318,Army West Point
2024,12/09,Cleveland State Open,141,W,TF5,22 - 6 6:03,Michael Markulin,78432,Cleveland State,Julian Sanchez,57318,Army West Point
2024,12/09,Cleveland State Open,141,W,TF5,16 - 1 2:12,Ryan Aquilani,77266,Kent State,Julian Sanchez,57318,Army West Point
2024,12/09,Cleveland State Open,141,L,DEC,10 - 7,Briar Priest,71951,Pittsburgh,Julian Sanchez,57318,Army West Point
2024,12/09,Cleveland State Open,141,W,DEC,11 - 4,Evan Burge,64446,Wabash,Julian Sanchez,57318,Army West Point
2024,03/21,NCAA Championships,149,L,DEC,4 - 2,Caleb Tyus,72912,SIU Edwardsville,Matthew Williams,69376,Army West Point
2024,03/21,NCAA Championships,149,L,DEC,2 - 1,Casey Swiderski,71913,Iowa State,Matthew Williams,69376,Army West Point
2024,03/08,EIWA Championships,149,L,MD,20 - 9,Kelvin Griffin,78848,Lehigh,Matthew Williams,69376,Army West Point
2024,03/08,EIWA Championships,149,L,DEC,5 - 4,Jack Crook,73703,Harvard,Matthew Williams,69376,Army West Point
2024,03/08,EIWA Championships,149,W,DEC,4 - 2,Dominic Findora,78518,Drexel,Matthew Williams,69376,Army West Point
2024,03/08,EIWA Championships,149,W,DEC,7 - 4,Drew Witham,70151,LIU,Matthew Williams,69376,Army West Point
2024,03/08,EIWA Championships,149,W,MD,10 - 2,Mike McGhee,73485,Sacred Heart,Matthew Williams,69376,Army West Point
2024,02/25,American - Army West Point Dual,149,W,DEC,5 - 1,Jack Nies,69901,American,Matthew Williams,69376,Army West Point
2024,02/16,Army West Point - Navy Dual,149,L,MD,17 - 8,Kaemen Smith,78323,Navy,Matthew Williams,69376,Army West Point
2024,02/04,Lehigh - Army West Point Dual,149,W,DEC,6 - 4,Kelvin Griffin,78848,Lehigh,Matthew Williams,69376,Army West Point
2024,01/27,Army West Point - Bucknell Dual,149,W,DEC,4 - 1,Riley Bower,71755,Bucknell,Matthew Williams,69376,Army West Point
2024,01/21,Army West Point - Binghamton Dual,149,W,DEC,11 - 7,Caleb Sweet,82503,Binghamton,Matthew Williams,69376,Army West Point
2024,01/14,Columbia - Army West Point Dual,149,W,DEC,4 - 1,Richard Fedalen,72703,Columbia,Matthew Williams,69376,Army West Point
2024,01/05,David Lehman Open,149,W,TF5,18 - 2 5:59,Chase Burke,84786,Lock Haven,Matthew Williams,69376,Army West Point
2024,01/05,David Lehman Open,149,W,DEC,5 - 0,Tommy Bonasera,84606,LIU,Matthew Williams,69376,Army West Point
2024,01/05,David Lehman Open,149,W,DEC,5 - 4,Matthew Repos,78916,Lehigh,Matthew Williams,69376,Army West Point
2024,01/05,David Lehman Open,149,W,SV-1,4 - 1,Kelly Dunnigan,71694,Pennsylvania,Matthew Williams,69376,Army West Point
2024,01/05,David Lehman Open,149,W,DEC,5 - 2,Nicholas Stonecheck,62691,Lock Haven,Matthew Williams,69376,Army West Point
2024,01/05,David Lehman Open,149,W,MD,13 - 2,Trenton Donahue,71638,Presbyterian,Matthew Williams,69376,Army West Point
2024,12/09,Cleveland State Open,149,W,SV-1,4 - 1,Brock Herman,79653,Ohio State,Matthew Williams,69376,Army West Point
2024,12/09,Cleveland State Open,149,W,DEC,9 - 2,Jack Marlow,73355,Pittsburgh,Matthew Williams,69376,Army West Point
2024,12/09,Cleveland State Open,149,L,MD,15 - 1,Douglas Terry,70741,Cleveland State,Matthew Williams,69376,Army West Point
2024,12/09,Cleveland State Open,149,W,SV-1,4 - 1,Matt Ryan,69769,Kent State,Matthew Williams,69376,Army West Point
2024,12/09,Cleveland State Open,149,W,DEC,6 - 4,Nicholas Stonecheck,62691,Lock Haven,Matthew Williams,69376,Army West Point
2024,12/02,Cougar Clash,149,L,MD,12 - 4,Joel Mylin,73025,Missouri,Matthew Williams,69376,Army West Point
2024,12/02,Cougar Clash,149,L,MD,10 - 1,Caleb Tyus,72912,SIU Edwardsville,Matthew Williams,69376,Army West Point
2024,12/02,Cougar Clash,149,W,DEC,5 - 1,Benjamin Alanis,61438,Northern Colorado,Matthew Williams,69376,Army West Point
2024,11/19,Black Knight Invitational,149,W,TF5,17 - 2 5:46,Carter Gill,78514,Buffalo,Matthew Williams,69376,Army West Point
2024,11/19,Black Knight Invitational,149,W,DEC,7 - 5,Imran Heard,51595,Penn State,Matthew Williams,69376,Army West Point
2024,11/19,Black Knight Invitational,149,W,DEC,6 - 5,Zach Price,50932,Gardner-Webb,Matthew Williams,69376,Army West Point
2024,11/16,NC State - Army West Point Dual,149,L,TF5,17 - 2 4:35,Jackson Arrington,72497,NC State,Matthew Williams,69376,Army West Point
2024,11/12,Journeymen Classic,149,W,DEC,3 - 2,Kelvin Griffin,78848,Lehigh,Matthew Williams,69376,Army West Point
2024,11/12,Journeymen Classic,149,L,DEC,8 - 4,Jack Crook,73703,Harvard,Matthew Williams,69376,Army West Point
2024,11/05,Princeton Open,149,L,DEC,8 - 3,Thomas Deck,69378,Army West Point,Matthew Williams,69376,Army West Point
2024,11/05,Princeton Open,149,W,DEC,5 - 2,Matthew Repos,78916,Lehigh,Matthew Williams,69376,Army West Point
2024,11/05,Princeton Open,149,W,TF5,17 - 1 3:29,Michael Conklin,75966,The College of New Jersey,Matthew Williams,69376,Army West Point
2024,11/05,Princeton Open,149,W,MFOR,0 - 0,Nic Botello,73366,Army West Point,Matthew Williams,69376,Army West Point
2024,11/05,Princeton Open,149,W,MD,17 - 3,Drew Munch,63142,Lehigh,Matthew Williams,69376,Army West Point
2024,11/11,Army West Point - Lock Haven Dual,149,L,INJ,4:43,Nicholas Stonecheck,62691,Lock Haven,Trae McDaniel,71768,Army West Point
2024,11/11,Purdue - Army West Point Dual,149,W,MD,10 - 1,Marcos Polanco,57653,Purdue,Trae McDaniel,71768,Army West Point
2024,11/01,Army West Point - Campbell Dual,149,W,DEC,7 - 0,Justin Rivera,61114,Campbell,Trae McDaniel,71768,Army West Point
2024,01/14,Drexel - Army West Point Dual,149,L,DEC,7 - 6,Dominic Findora,78518,Drexel,Thomas Deck,69378,Army West Point
2024,01/01,Southern Scuffle,149,L,DEC,6 - 5,Jeremiah Price,76306,Appalachian State,Thomas Deck,69378,Army West Point
2024,01/01,Southern Scuffle,149,W,FALL,2:49,Kyle Schickel,67305,Clarion,Thomas Deck,69378,Army West Point
2024,01/01,Southern Scuffle,149,W,DEC,2 - 0,Zach Price,50932,Gardner-Webb,Thomas Deck,69378,Army West Point
2024,01/01,Southern Scuffle,149,W,FALL,2:15,Maxwell Petersen,73016,North Dakota State,Thomas Deck,69378,Army West Point
2024,01/01,Southern Scuffle,149,L,SV-1,8 - 5,Noah Castillo,67364,Chattanooga,Thomas Deck,69378,Army West Point
2024,01/01,Southern Scuffle,149,W,DEC,4 - 0,Brock Rogers,62863,CSU Bakersfield,Thomas Deck,69378,Army West Point
2024,12/09,Cleveland State Open,149,W,DEC,14 - 8,Kai Neumark,78587,Northwestern,Thomas Deck,69378,Army West Point
2024,12/09,Cleveland State Open,149,W,DEC,12 - 6,Trenton Wachter,73721,Central Michigan,Thomas Deck,69378,Army West Point
2024,12/09,Cleveland State Open,149,W,DEC,5 - 0,Mikey Lewarchick,71832,Kent State,Thomas Deck,69378,Army West Point
2024,12/09,Cleveland State Open,149,L,DEC,7 - 2,Douglas Terry,70741,Cleveland State,Thomas Deck,69378,Army West Point
2024,12/09,Cleveland State Open,149,W,DEC,5 - 4,Matt Ryan,69769,Kent State,Thomas Deck,69378,Army West Point
2024,12/09,Cleveland State Open,149,W,DEC,7 - 3,Ryan Vigil,63624,VMI,Thomas Deck,69378,Army West Point
2024,12/02,Cougar Clash,149,W,MD,10 - 1,Collin Reif,85728,Lindenwood,Thomas Deck,69378,Army West Point
2024,12/02,Cougar Clash,149,W,DEC,6 - 4,Caleb Tyus,72912,SIU Edwardsville,Thomas Deck,69378,Army West Point
2024,12/02,Cougar Clash,149,L,DEC,4 - 2,Drew Roberts,72140,Minnesota,Thomas Deck,69378,Army West Point
2024,12/02,Cougar Clash,149,L,DEC,10 - 6,Nathan Pulliam,70916,Missouri,Thomas Deck,69378,Army West Point
2024,11/19,Black Knight Invitational,149,W,TF5,15 - 0 1:43,Joseph Giordano,84939,Gardner-Webb,Thomas Deck,69378,Army West Point
2024,11/19,Black Knight Invitational,149,W,DEC,4 - 0,Nick Stampoulos,74398,Buffalo,Thomas Deck,69378,Army West Point
2024,11/19,Black Knight Invitational,149,W,INJ,5:36,Jacob Butler,57142,Rutgers,Thomas Deck,69378,Army West Point
2024,11/12,Journeymen Classic,149,W,TF5,15 - 0 1:30,Mason Balian,84804,Sacred Heart,Thomas Deck,69378,Army West Point
2024,11/12,Journeymen Classic,149,W,FALL,6:40,Billy Talmadge,67442,Lock Haven,Thomas Deck,69378,Army West Point
2024,11/12,Journeymen Classic,149,L,DEC,7 - 2,Jacob Ealy,62995,Pitt-Johnstown,Thomas Deck,69378,Army West Point
2024,11/05,Princeton Open,149,W,DEC,2 - 1,Matthew Repos,78916,Lehigh,Thomas Deck,69378,Army West Point
2024,11/05,Princeton Open,149,W,DEC,6 - 0,Owen Reinsel,78519,Lehigh,Thomas Deck,69378,Army West Point
2024,11/05,Princeton Open,149,L,DEC,4 - 2,Cross Wasilewski,75492,PRTC,Thomas Deck,69378,Army West Point
2024,11/05,Princeton Open,149,W,DEC,8 - 3,Matthew Williams,69376,Army West Point,Thomas Deck,69378,Army West Point
2024,11/05,Princeton Open,149,W,TF5,15 - 0 5:12,Dylan Zenion,84501,Hofstra,Thomas Deck,69378,Army West Point
2024,11/12,Journeymen Classic,149,L,DEC,4 - 0,Andrew Troczynski,73134,Pennsylvania,Nic Botello,73366,Army West Point
2024,11/12,Journeymen Classic,149,W,DEC,4 - 3,Jackson Polo,72985,Pennsylvania,Nic Botello,73366,Army West Point
2024,11/12,Journeymen Classic,149,W,TF5,19 - 4 5:16,Lucian Albanese,69713,Sacred Heart,Nic Botello,73366,Army West Point
2024,11/05,Princeton Open,149,L,MFOR,0 - 0,Matthew Williams,69376,Army West Point,Nic Botello,73366,Army West Point
2024,11/05,Princeton Open,149,W,DEC,4 - 1,Richie Grungo,84321,Lehigh,Nic Botello,73366,Army West Point
2024,11/05,Princeton Open,149,L,SV-1,4 - 1,Kelvin Griffin,78848,Lehigh,Nic Botello,73366,Army West Point
2024,11/05,Princeton Open,149,W,DEC,8 - 4,Sebastiano Nini,71727,Rutgers,Nic Botello,73366,Army West Point
2024,11/05,Princeton Open,149,W,DEC,8 - 5,Billy Talmadge,67442,Lock Haven,Nic Botello,73366,Army West Point
2024,01/05,David Lehman Open,149,L,MD,14 - 6,Chase Burke,84786,Lock Haven,Cole Stone,81583,Army West Point
2024,01/05,David Lehman Open,149,L,MD,14 - 2,Dashawn Farber,62823,Lock Haven,Cole Stone,81583,Army West Point
2024,01/05,David Lehman Open,149,W,MFOR,0 - 0,Michael Zarif,57277,Binghamton,Cole Stone,81583,Army West Point
2024,12/22,Wilkes Open,149,L,MD,20 - 9,Sebastiano Nini,71727,Rutgers,Cole Stone,81583,Army West Point
2024,12/22,Wilkes Open,149,W,FALL,1:47,Adam Razzaq,87202,Marymount,Cole Stone,81583,Army West Point
2024,12/22,Wilkes Open,149,W,TF5,20 - 3 6:07,Daniel Delusant,90811,Wabash,Cole Stone,81583,Army West Point
2024,12/22,Wilkes Open,149,W,FALL,1:32,Rhyan Stewart,88461,Waynesburg,Cole Stone,81583,Army West Point
2024,12/22,Wilkes Open,149,L,DEC,11 - 9,Ryan Santiago,86788,Wilkes,Cole Stone,81583,Army West Point
2024,12/09,Cleveland State Open,149,L,TF5,19 - 4 5:39,Trenton Wachter,73721,Central Michigan,Cole Stone,81583,Army West Point
2024,12/09,Cleveland State Open,149,L,DEC,7 - 4,Jack Marlow,73355,Pittsburgh,Cole Stone,81583,Army West Point
2024,11/12,Journeymen Classic,149,W,DEC,2 - 1,Jamisen Colongione,78831,LIU,Cole Stone,81583,Army West Point
2024,11/12,Journeymen Classic,149,L,TF5,20 - 4 6:53,Nate Wade,76000,Cornell,Cole Stone,81583,Army West Point
2024,11/12,Journeymen Classic,149,W,DEC,8 - 2,Nick Demarco,73476,Sacred Heart,Cole Stone,81583,Army West Point
2024,11/05,Princeton Open,149,L,TF5,19 - 4 6:11,Cross Wasilewski,75492,PRTC,Cole Stone,81583,Army West Point
2024,11/05,Princeton Open,149,L,DEC,4 - 1,Billy Talmadge,67442,Lock Haven,Cole Stone,81583,Army West Point
2024,11/05,Princeton Open,149,W,MD,15 - 7,CJ Fritz,79214,Bloomsburg,Cole Stone,81583,Army West Point
2024,03/08,EIWA Championships,157,L,MD,11 - 1,Meyer Shapiro,78556,Cornell,Nathan Lukez,69377,Army West Point
2024,03/08,EIWA Championships,157,W,DEC,8 - 4,Andrew Garr,57348,Columbia,Nathan Lukez,69377,Army West Point
2024,03/08,EIWA Championships,157,L,TB-2,9 - 6,Lucas Revano,56734,Pennsylvania,Nathan Lukez,69377,Army West Point
2024,03/08,EIWA Championships,157,W,DEC,4 - 1,Blake Saito,65874,Brown,Nathan Lukez,69377,Army West Point
2024,03/08,EIWA Championships,157,W,MD,9 - 1,Rhise Royster,62049,LIU,Nathan Lukez,69377,Army West Point
2024,02/25,American - Army West Point Dual,157,W,MD,16 - 2,Ryan Zimmerman,69904,American,Nathan Lukez,69377,Army West Point
2024,02/24,F&M Scramble,157,W,FALL,4:22,Tyler Shea,84670,Franklin & Marshall,Nathan Lukez,69377,Army West Point
2024,02/24,F&M Scramble,157,W,TF5,18 - 1 5:22,Billy Templeton,84633,Franklin & Marshall,Nathan Lukez,69377,Army West Point
2024,02/24,F&M Scramble,157,W,TF5,15 - 0 5:00,Christopher Arciuolo,77872,Franklin & Marshall,Nathan Lukez,69377,Army West Point
2024,02/16,Army West Point - Navy Dual,157,W,MD,10 - 1,Jonathan Ley,78350,Navy,Nathan Lukez,69377,Army West Point
2024,02/04,Lehigh - Army West Point Dual,157,L,DEC,7 - 6,Max Brignola,73041,Lehigh,Nathan Lukez,69377,Army West Point
2024,01/27,Army West Point - Bucknell Dual,157,W,DEC,5 - 1,Cade Wirnsberger,84272,Bucknell,Nathan Lukez,69377,Army West Point
2024,01/21,Army West Point - Binghamton Dual,157,W,MD,11 - 3,Carter Baer,72615,Binghamton,Nathan Lukez,69377,Army West Point
2024,01/14,Columbia - Army West Point Dual,157,W,DEC,9 - 5,Jaden Le,66968,Columbia,Nathan Lukez,69377,Army West Point
2024,01/14,Drexel - Army West Point Dual,157,W,MD,8 - 0,Tyler Williams,59552,Drexel,Nathan Lukez,69377,Army West Point
2024,01/01,Southern Scuffle,157,W,MD,12 - 4,Logan Ferrero,74330,Duke,Nathan Lukez,69377,Army West Point
2024,01/01,Southern Scuffle,157,W,DEC,10 - 8,Zach Hanson,74117,Stanford,Nathan Lukez,69377,Army West Point
2024,01/01,Southern Scuffle,157,L,DEC,9 - 3,Daniel Cardenas,72978,Stanford,Nathan Lukez,69377,Army West Point
2024,01/01,Southern Scuffle,157,L,SV-1,8 - 5,Jared Hill,72164,Oklahoma,Nathan Lukez,69377,Army West Point
2024,01/01,Southern Scuffle,157,W,MD,18 - 5,Daniel Manibog,58564,Oklahoma State,Nathan Lukez,69377,Army West Point
2024,12/09,Cleveland State Open,157,W,MD,12 - 0,Jacob Bostelman,82466,Northwestern,Nathan Lukez,69377,Army West Point
2024,12/09,Cleveland State Open,157,W,MD,8 - 0,Dillon Carlson,79794,Kent State,Nathan Lukez,69377,Army West Point
2024,12/09,Cleveland State Open,157,W,MD,15 - 2,Mason Shrader,73720,Central Michigan,Nathan Lukez,69377,Army West Point
2024,12/09,Cleveland State Open,157,W,DEC,8 - 1,Gavin Cagle,73054,Virginia,Nathan Lukez,69377,Army West Point
2024,12/09,Cleveland State Open,157,W,MD,12 - 1,Zack Mattin,72210,Michigan,Nathan Lukez,69377,Army West Point
2024,12/02,Cougar Clash,157,L,FALL,6:37,Cameron Steed,78549,Missouri,Nathan Lukez,69377,Army West Point
2024,12/02,Cougar Clash,157,L,DEC,8 - 6,James Conway,73529,Missouri,Nathan Lukez,69377,Army West Point
2024,12/02,Cougar Clash,157,W,MD,13 - 2,Chase Tebbets,62646,Little Rock,Nathan Lukez,69377,Army West Point
2024,12/02,Cougar Clash,157,W,DEC,9 - 4,Sebas Swiggum,57336,Minnesota,Nathan Lukez,69377,Army West Point
2024,11/19,Black Knight Invitational,157,W,TF5,17 - 2 5:00,Donavan Smith,84608,LIU,Nathan Lukez,69377,Army West Point
2024,11/19,Black Knight Invitational,157,W,MD,14 - 2,Tyler Brignola,73727,Gardner-Webb,Nathan Lukez,69377,Army West Point
2024,11/19,Black Knight Invitational,157,L,TF5,17 - 1 5:46,Vince Zerban,73032,Northern Colorado,Nathan Lukez,69377,Army West Point
2024,11/19,Black Knight Invitational,157,W,DEC,7 - 3,Al De Santis,67002,Rutgers,Nathan Lukez,69377,Army West Point
2024,11/16,NC State - Army West Point Dual,157,L,DEC,14 - 8,Ed Scott,64653,NC State,Nathan Lukez,69377,Army West Point
2024,11/11,Army West Point - Lock Haven Dual,157,W,DEC,5 - 1,Eric Alderfer,78522,Lock Haven,Nathan Lukez,69377,Army West Point
2024,11/11,Purdue - Army West Point Dual,157,L,DEC,4 - 1,Joey Blaze,73568,Purdue,Nathan Lukez,69377,Army West Point
2024,11/01,Army West Point - Campbell Dual,157,L,DEC,9 - 6,Chris Earnest,78840,Campbell,Nathan Lukez,69377,Army West Point
2024,01/05,David Lehman Open,157,W,DEC,10 - 8,Aboubakare Diaby,72624,Drexel,Micah Hanau,78564,Army West Point
2024,01/05,David Lehman Open,157,L,DEC,8 - 5,Cole McComas,62984,Rider,Micah Hanau,78564,Army West Point
2024,01/05,David Lehman Open,157,L,DEC,4 - 2,Kelin Laffey,78143,Pittsburgh,Micah Hanau,78564,Army West Point
2024,12/22,Wilkes Open,157,L,DEC,2 - 1,Chris Crawford,89073,Wyoming Seminary Prep,Micah Hanau,78564,Army West Point
2024,12/22,Wilkes Open,157,W,DEC,9 - 8,Marco Albanese,84445,Binghamton,Micah Hanau,78564,Army West Point
2024,12/22,Wilkes Open,157,L,FALL,0:54,Nick Sanko,72927,Virginia,Micah Hanau,78564,Army West Point
2024,12/22,Wilkes Open,157,W,TF5,16 - 1 5:27,Liam Goodrich,81513,Pennsylvania College of Technology,Micah Hanau,78564,Army West Point
2024,12/22,Wilkes Open,157,W,SV-1,4 - 1,Tommy Nichols,73541,American International College,Micah Hanau,78564,Army West Point
2024,12/09,Cleveland State Open,157,W,DEC,4 - 1,Keegan Knapp,79795,Kent State,Micah Hanau,78564,Army West Point
2024,12/09,Cleveland State Open,157,W,TB-2,5 - 1,Carson Miller,79338,Pittsburgh,Micah Hanau,78564,Army West Point
2024,12/09,Cleveland State Open,157,W,MD,17 - 3,Nick Abounader,78818,Cleveland State,Micah Hanau,78564,Army West Point
2024,12/09,Cleveland State Open,157,L,MD,12 - 2,Shane Heil,72593,Cleveland State,Micah Hanau,78564,Army West Point
2024,12/09,Cleveland State Open,157,W,DEC,6 - 4,Connor Eck,71824,Lock Haven,Micah Hanau,78564,Army West Point
2024,12/09,Cleveland State Open,157,L,MD,11 - 2,Kolby DePron,71751,Bucknell,Micah Hanau,78564,Army West Point
2024,11/19,Black Knight Invitational,157,W,MD,14 - 6,Drew Pepin,79394,Gardner-Webb,Micah Hanau,78564,Army West Point
2024,11/19,Black Knight Invitational,157,W,MD,14 - 5,Tyler Brignola,73727,Gardner-Webb,Micah Hanau,78564,Army West Point
2024,11/19,Black Knight Invitational,157,L,MD,13 - 0,Blake Saito,65874,Brown,Micah Hanau,78564,Army West Point
2024,11/19,Black Knight Invitational,157,L,DEC,2 - 0,Blake Saito,65874,Brown,Micah Hanau,78564,Army West Point
2024,11/19,Black Knight Invitational,157,W,FALL,4:01,Dylan Weaver,67239,Rutgers,Micah Hanau,78564,Army West Point
2024,11/12,Journeymen Classic,157,L,FALL,5:28,Meyer Shapiro,78556,Cornell,Micah Hanau,78564,Army West Point
2024,11/12,Journeymen Classic,157,W,TB-2,2 - 1,Oscar Aranda,73958,Army West Point,Micah Hanau,78564,Army West Point
2024,11/12,Journeymen Classic,157,W,DEC,4 - 1,Rhise Royster,62049,LIU,Micah Hanau,78564,Army West Point
2024,11/05,Princeton Open,157,W,TF5,17 - 2 6:17,Owen Hicks,85948,United States Military Academy,Micah Hanau,78564,Army West Point
2024,11/05,Princeton Open,157,W,DEC,6 - 3,Kaiden Wagner,78521,Lock Haven,Micah Hanau,78564,Army West Point
2024,11/05,Princeton Open,157,L,SV-1,6 - 3,Rocco Camillaci,73321,Princeton,Micah Hanau,78564,Army West Point
2024,11/05,Princeton Open,157,W,SV-1,4 - 1,Nathan Haubert,57091,Lehigh,Micah Hanau,78564,Army West Point
2024,11/05,Princeton Open,157,W,DEC,5 - 0,Nolen Zeigler,84532,Bloomsburg,Micah Hanau,78564,Army West Point
2024,11/05,Princeton Open,157,W,FALL,8:24,Trenton Harder,71680,Bloomsburg,Micah Hanau,78564,Army West Point
2024,01/05,David Lehman Open,157,W,DEC,8 - 6,Frankie Volpe,84312,Hofstra,Eddie Hummel,72183,Army West Point
2024,01/05,David Lehman Open,157,L,DEC,8 - 3,Joseph Cangro,73031,Harvard,Eddie Hummel,72183,Army West Point
2024,01/05,David Lehman Open,157,L,DEC,14 - 8,Connor Eck,71824,Lock Haven,Eddie Hummel,72183,Army West Point
2024,12/22,Wilkes Open,157,L,MFOR,0 - 0,Oscar Aranda,73958,Army West Point,Eddie Hummel,72183,Army West Point
2024,12/22,Wilkes Open,157,L,DEC,10 - 3,Chris Crawford,89073,Wyoming Seminary Prep,Eddie Hummel,72183,Army West Point
2024,12/22,Wilkes Open,157,W,DEC,5 - 3,Tallion Elliott jr,90820,Marymount,Eddie Hummel,72183,Army West Point
2024,12/22,Wilkes Open,157,W,FALL,0:38,Thomas Newman,87658,Marymount,Eddie Hummel,72183,Army West Point
2024,12/22,Wilkes Open,157,W,TF5,17 - 2 5:51,Seth Evans,71653,Waynesburg,Eddie Hummel,72183,Army West Point
2024,12/22,Wilkes Open,157,W,MD,16 - 4,Tommy Nichols,73541,American International College,Eddie Hummel,72183,Army West Point
2024,11/12,Journeymen Classic,149,L,FALL,2:06,Shayne Van Ness,71588,Penn State,Eddie Hummel,72183,Army West Point
2024,11/12,Journeymen Classic,149,L,DEC,12 - 7,Cade Balestrini,62514,Bloomsburg,Eddie Hummel,72183,Army West Point
2024,11/05,Princeton Open,149,L,MD,13 - 4,Eligh Rivera,77389,Princeton,Eddie Hummel,72183,Army West Point
2024,11/05,Princeton Open,149,W,MD,15 - 3,Michael Conklin,75966,The College of New Jersey,Eddie Hummel,72183,Army West Point
2024,11/05,Princeton Open,149,L,DEC,9 - 2,Ty Whalen,72988,NJRTC,Eddie Hummel,72183,Army West Point
2024,01/05,David Lehman Open,157,L,DEC,2 - 0,Charlie Evans,82060,Navy,Oscar Aranda,73958,Army West Point
2024,01/05,David Lehman Open,157,L,FALL,5:56,Tyler Barrett,79304,Columbia,Oscar Aranda,73958,Army West Point
2024,01/05,David Lehman Open,157,W,INJ,7:00,Danny Coles,54117,Princeton,Oscar Aranda,73958,Army West Point
2024,12/22,Wilkes Open,157,W,SV-1,4 - 1,Nolan Liess,90817,Unattached,Oscar Aranda,73958,Army West Point
2024,12/22,Wilkes Open,157,W,DEC,4 - 2,Mark Metz,73368,Army West Point,Oscar Aranda,73958,Army West Point
2024,12/22,Wilkes Open,157,W,MFOR,0 - 0,Eddie Hummel,72183,Army West Point,Oscar Aranda,73958,Army West Point
2024,12/22,Wilkes Open,157,W,SV-1,4 - 1,Tyler Martin,67294,Binghamton,Oscar Aranda,73958,Army West Point
2024,12/22,Wilkes Open,157,L,DEC,5 - 1,Nick Sanko,72927,Virginia,Oscar Aranda,73958,Army West Point
2024,12/22,Wilkes Open,157,W,FALL,0:38,Logan Ledebohm,70899,Pennsylvania College of Technology,Oscar Aranda,73958,Army West Point
2024,12/09,Cleveland State Open,157,W,DEC,7 - 5,Matt Leehan,75982,Unattached,Oscar Aranda,73958,Army West Point
2024,12/09,Cleveland State Open,157,L,MD,12 - 4,Chandler Amaker,72571,Central Michigan,Oscar Aranda,73958,Army West Point
2024,12/09,Cleveland State Open,157,L,DEC,2 - 1,Kolby DePron,71751,Bucknell,Oscar Aranda,73958,Army West Point
2024,12/09,Cleveland State Open,157,W,CMFF,0 - 0,Daniel Segura,65313,Ohio,Oscar Aranda,73958,Army West Point
2024,11/19,Black Knight Invitational,157,W,DEC,8 - 2,Donavan Smith,84608,LIU,Oscar Aranda,73958,Army West Point
2024,11/19,Black Knight Invitational,157,L,MD,16 - 3,Blake Saito,65874,Brown,Oscar Aranda,73958,Army West Point
2024,11/19,Black Knight Invitational,157,W,SV-1,4 - 1,Parker Corwin,63037,Gardner-Webb,Oscar Aranda,73958,Army West Point
2024,11/19,Black Knight Invitational,157,L,DEC,2 - 0,Al De Santis,67002,Rutgers,Oscar Aranda,73958,Army West Point
2024,11/12,Journeymen Classic,157,L,TB-2,2 - 1,Micah Hanau,78564,Army West Point,Oscar Aranda,73958,Army West Point
2024,11/12,Journeymen Classic,157,L,TF5,17 - 0 4:12,Jude Swisher,73210,Pennsylvania,Oscar Aranda,73958,Army West Point
2024,11/12,Journeymen Classic,157,W,DEC,4 - 2,Michael Kilic,72091,Arizona State,Oscar Aranda,73958,Army West Point
2024,11/05,Princeton Open,157,W,DEC,4 - 3,James Hogan,78744,Lock Haven,Oscar Aranda,73958,Army West Point
2024,11/05,Princeton Open,157,L,TB-2,5 - 2,Eric Alderfer,78522,Lock Haven,Oscar Aranda,73958,Army West Point
2024,11/05,Princeton Open,157,W,DEC,8 - 3,Connor Eck,71824,Lock Haven,Oscar Aranda,73958,Army West Point
2024,11/05,Princeton Open,157,W,FALL,0:33,Dylan Weaver,67239,Rutgers,Oscar Aranda,73958,Army West Point
2024,11/05,Princeton Open,157,W,DEC,7 - 6,Frankie Volpe,84312,Hofstra,Oscar Aranda,73958,Army West Point
2024,11/05,Princeton Open,157,L,SV-1,4 - 1,Trenton Harder,71680,Bloomsburg,Oscar Aranda,73958,Army West Point
2024,01/05,David Lehman Open,157,L,DEC,14 - 8,Christian Hodges,67545,Navy,Mark Metz,73368,Army West Point
2024,01/05,David Lehman Open,157,L,DEC,6 - 3,Cole McComas,62984,Rider,Mark Metz,73368,Army West Point
2024,12/22,Wilkes Open,157,L,DEC,4 - 2,Oscar Aranda,73958,Army West Point,Mark Metz,73368,Army West Point
2024,12/22,Wilkes Open,157,W,DEC,9 - 3,Logan Eastman,90818,Apprentice School,Mark Metz,73368,Army West Point
2024,12/22,Wilkes Open,157,L,TF5,17 - 2 5:24,Reed Fullmer,78627,PRTC,Mark Metz,73368,Army West Point
2024,12/22,Wilkes Open,157,W,FALL,2:42,Isaac Ponce,81702,Marymount,Mark Metz,73368,Army West Point
2024,12/22,Wilkes Open,157,W,DEC,5 - 3,Jaryn Hartranft,79767,Wilkes,Mark Metz,73368,Army West Point
2024,11/12,Journeymen Classic,157,L,MD,10 - 1,Kaiden Wagner,78521,Lock Haven,Mark Metz,73368,Army West Point
2024,11/12,Journeymen Classic,157,W,DEC,4 - 3,Christopher Arciuolo,77872,Franklin & Marshall,Mark Metz,73368,Army West Point
2024,11/12,Journeymen Classic,157,L,SV-1,4 - 1,Cooper Warshel,73309,Pitt-Johnstown,Mark Metz,73368,Army West Point
2024,11/05,Princeton Open,157,L,DEC,4 - 3,Zander Silva,78817,Princeton,Mark Metz,73368,Army West Point
2024,11/05,Princeton Open,157,L,DEC,10 - 3,William Morrow,79213,Bloomsburg,Mark Metz,73368,Army West Point
2024,03/21,NCAA Championships,165,L,MD,13 - 2,Nick Hamilton,73501,Virginia,Gunner Filipowicz,72974,Army West Point
2024,03/21,NCAA Championships,165,L,FALL,3:56,Giano Petrucelli,62610,Air Force,Gunner Filipowicz,72974,Army West Point
2024,03/08,EIWA Championships,165,L,SV-1,4 - 1,Brevin Cassella,67293,Binghamton,Gunner Filipowicz,72974,Army West Point
2024,03/08,EIWA Championships,165,L,DEC,3 - 2,Blaine Bergey,63157,Princeton,Gunner Filipowicz,72974,Army West Point
2024,03/08,EIWA Championships,165,W,DEC,8 - 4,Noah Mulvaney,78676,Bucknell,Gunner Filipowicz,72974,Army West Point
2024,03/08,EIWA Championships,165,W,DEC,5 - 3,Kyle Mosher,57125,Columbia,Gunner Filipowicz,72974,Army West Point
2024,03/08,EIWA Championships,165,W,DEC,7 - 0,Josh Palmucci,78645,Franklin & Marshall,Gunner Filipowicz,72974,Army West Point
2024,03/08,EIWA Championships,165,W,MD,11 - 3,Cody Walsh,71125,Drexel,Gunner Filipowicz,72974,Army West Point
2024,02/25,American - Army West Point Dual,165,W,MD,12 - 3,Breon Phifer,72682,American,Gunner Filipowicz,72974,Army West Point
2024,02/16,Army West Point - Navy Dual,165,W,DEC,5 - 4,Andrew Cerniglia,62439,Navy,Gunner Filipowicz,72974,Army West Point
2024,01/28,Mat-Town Open II,165,W,TF5,19 - 4 1:39,Tyler Reed,84443,Binghamton,Gunner Filipowicz,72974,Army West Point
2024,01/28,Mat-Town Open II,165,W,MD,14 - 4,Rafael Knapp,84273,Buffalo,Gunner Filipowicz,72974,Army West Point
2024,01/28,Mat-Town Open II,165,W,MD,14 - 2,Michael Murphy,79310,Virginia,Gunner Filipowicz,72974,Army West Point
2024,01/28,Mat-Town Open II,165,L,MFOR,0 - 0,Cooper Haase,73434,United States Military Academy,Gunner Filipowicz,72974,Army West Point
2024,01/28,Mat-Town Open II,165,W,FALL,1:59,Liam Scrivanich,84464,Rider,Gunner Filipowicz,72974,Army West Point
2024,01/21,Army West Point - Binghamton Dual,165,L,DEC,6 - 1,Brevin Cassella,67293,Binghamton,Gunner Filipowicz,72974,Army West Point
2024,01/14,Columbia - Army West Point Dual,165,W,DEC,8 - 3,Andrew Garr,57348,Columbia,Gunner Filipowicz,72974,Army West Point
2024,01/01,Southern Scuffle,165,L,DEC,11 - 5,Noah Mulvaney,78676,Bucknell,Gunner Filipowicz,72974,Army West Point
2024,01/01,Southern Scuffle,165,W,TF5,21 - 1 4:21,Gaetano Console,73305,Duke,Gunner Filipowicz,72974,Army West Point
2024,01/01,Southern Scuffle,165,W,DEC,8 - 1,Brendon Abdon,73189,Little Rock,Gunner Filipowicz,72974,Army West Point
2024,01/01,Southern Scuffle,165,W,FALL,8:03,Joseph Bianchi,62836,Little Rock,Gunner Filipowicz,72974,Army West Point
2024,01/01,Southern Scuffle,165,W,MD,16 - 3,Cael Carlson,57337,Oklahoma,Gunner Filipowicz,72974,Army West Point
2024,12/22,Sheridan Invitational,165,W,MD,9 - 1,Keegan Rothrock,67258,Brown,Gunner Filipowicz,72974,Army West Point
2024,12/22,Sheridan Invitational,165,L,SV-1,5 - 2,Tyler Lillard,72963,Indiana,Gunner Filipowicz,72974,Army West Point
2024,12/22,Sheridan Invitational,165,W,INJ,3:49,Derek Gilcher,62760,Indiana,Gunner Filipowicz,72974,Army West Point
2024,12/22,Sheridan Invitational,165,W,DEC,7 - 3,Luke Gayer,77388,Rutgers,Gunner Filipowicz,72974,Army West Point
2024,11/19,Black Knight Invitational,174,L,SV-1,4 - 1,Ryan Boucher,79314,Michigan State,Gunner Filipowicz,72974,Army West Point
2024,11/19,Black Knight Invitational,174,L,FALL,3:59,Jonathan Conrad,73553,Brown,Gunner Filipowicz,72974,Army West Point
2024,11/19,Black Knight Invitational,174,W,DEC,12 - 7,Dimitri Gamkrelidze,67295,Binghamton,Gunner Filipowicz,72974,Army West Point
2024,11/16,NC State - Army West Point Dual,174,W,DEC,4 - 2,Alex Faison,56428,NC State,Gunner Filipowicz,72974,Army West Point
2024,11/11,Army West Point - Lock Haven Dual,174,W,TF5,20 - 1 6:09,Patrick Jackson,82507,Lock Haven,Gunner Filipowicz,72974,Army West Point
2024,11/11,Purdue - Army West Point Dual,174,L,DEC,9 - 8,Brody Baumann,73558,Purdue,Gunner Filipowicz,72974,Army West Point
2024,11/05,Princeton Open,174,W,DEC,6 - 2,Johnny Miller,78738,Lock Haven,Gunner Filipowicz,72974,Army West Point
2024,11/05,Princeton Open,174,W,MD,15 - 6,Scott DeFex,74122,Johnson & Wales,Gunner Filipowicz,72974,Army West Point
2024,11/05,Princeton Open,174,W,DEC,12 - 5,Thayne Lawrence,62598,Lehigh,Gunner Filipowicz,72974,Army West Point
2024,11/05,Princeton Open,174,W,DEC,9 - 6,Michael Wilson,62190,Rider,Gunner Filipowicz,72974,Army West Point
2024,11/01,Army West Point - Campbell Dual,174,L,DEC,4 - 2,Austin Murphy,51608,Campbell,Gunner Filipowicz,72974,Army West Point
2024,02/24,F&M Scramble,184,W,MD,11 - 0,Remy Brancato,73493,Lehigh,Dakota Morris,73960,Army West Point
2024,02/24,F&M Scramble,184,L,MD,14 - 2,Gavin Kane,62429,North Carolina,Dakota Morris,73960,Army West Point
2024,02/24,F&M Scramble,184,W,MD,10 - 1,Jake Allred,84399,Franklin & Marshall,Dakota Morris,73960,Army West Point
2024,01/28,Mat-Town Open II,165,W,TF5,15 - 0 2:15,Dylan McCullough,84534,Bucknell,Dakota Morris,73960,Army West Point
2024,01/28,Mat-Town Open II,165,W,TF5,15 - 0 3:00,Brady Unger,79411,Buffalo,Dakota Morris,73960,Army West Point
2024,01/28,Mat-Town Open II,165,L,DEC,3 - 2,Grant MacKay,73570,Pittsburgh,Dakota Morris,73960,Army West Point
2024,01/28,Mat-Town Open II,165,L,SV-1,12 - 9,Hunter Lyden,72209,Minnesota,Dakota Morris,73960,Army West Point
2024,01/05,David Lehman Open,165,L,MD,13 - 3,Dalton Harkins,65872,Army West Point,Dakota Morris,73960,Army West Point
2024,01/05,David Lehman Open,165,W,TF5,15 - 0 2:16,Brett Barbush,82506,Lock Haven,Dakota Morris,73960,Army West Point
2024,01/05,David Lehman Open,165,W,MD,12 - 0,Eric Shindel,73026,Hofstra,Dakota Morris,73960,Army West Point
2024,01/05,David Lehman Open,165,W,DEC,3 - 2,Brevin Cassella,67293,Binghamton,Dakota Morris,73960,Army West Point
2024,01/05,David Lehman Open,165,W,MD,12 - 1,Joshua Kim,51200,Harvard,Dakota Morris,73960,Army West Point
2024,01/05,David Lehman Open,165,W,DEC,2 - 1,Grant MacKay,73570,Pittsburgh,Dakota Morris,73960,Army West Point
2024,12/22,Sheridan Invitational,165,L,MD,11 - 3,Tyler Swiderski,75986,Central Michigan,Dakota Morris,73960,Army West Point
2024,12/22,Sheridan Invitational,165,W,DEC,5 - 0,Dom Frontino,84271,Brown,Dakota Morris,73960,Army West Point
2024,12/22,Sheridan Invitational,165,L,MD,19 - 5,Tyler Lillard,72963,Indiana,Dakota Morris,73960,Army West Point
2024,12/22,Sheridan Invitational,165,W,DEC,10 - 3,Luke Gayer,77388,Rutgers,Dakota Morris,73960,Army West Point
2024,12/09,Cleveland State Open,165,W,TF5,16 - 0 6:08,Hunter Andel,84319,Kent State,Dakota Morris,73960,Army West Point
2024,12/09,Cleveland State Open,165,W,TF5,15 - 0 1:36,Jack Lledo,78924,Ohio,Dakota Morris,73960,Army West Point
2024,12/09,Cleveland State Open,165,L,FALL,0:33,Beau Mantanona,78420,Michigan,Dakota Morris,73960,Army West Point
2024,12/09,Cleveland State Open,165,W,DEC,12 - 5,Brant Whitaker,71934,Missouri,Dakota Morris,73960,Army West Point
2024,12/02,Cougar Clash,165,W,MD,14 - 3,Derek Matthews,73320,Northern Colorado,Dakota Morris,73960,Army West Point
2024,12/02,Cougar Clash,165,W,DEC,7 - 2,Joseph Bianchi,62836,Little Rock,Dakota Morris,73960,Army West Point
2024,12/02,Cougar Clash,165,L,MD,14 - 0,Baylor Fernandes,57351,Northern Colorado,Dakota Morris,73960,Army West Point
2024,12/02,Cougar Clash,165,W,DEC,3 - 0,Justin Ruffin,57008,SIU Edwardsville,Dakota Morris,73960,Army West Point
2024,11/19,Black Knight Invitational,165,W,DEC,7 - 3,Dom Frontino,84271,Brown,Dakota Morris,73960,Army West Point
2024,11/19,Black Knight Invitational,165,L,TF5,17 - 2 6:16,Mitchell Mesenbrink,73197,Penn State,Dakota Morris,73960,Army West Point
2024,11/19,Black Knight Invitational,165,L,MD,9 - 1,Matt Lee,60835,Penn State,Dakota Morris,73960,Army West Point
2024,11/12,Journeymen Classic,165,L,MD,11 - 0,Nicco Ruiz,78681,Arizona State,Dakota Morris,73960,Army West Point
2024,11/12,Journeymen Classic,165,W,DEC,4 - 0,Evan Gleason,71875,Harvard,Dakota Morris,73960,Army West Point
2024,11/12,Journeymen Classic,165,L,DEC,2 - 1,Cooper Noehre,65006,Purdue,Dakota Morris,73960,Army West Point
2024,11/05,Princeton Open,165,W,TF5,15 - 0 7:00,Aiden Gaugler,78737,Lock Haven,Dakota Morris,73960,Army West Point
2024,11/05,Princeton Open,165,W,TF5,16 - 0 3:00,Angelo Esposito,77762,Rider,Dakota Morris,73960,Army West Point
2024,11/05,Princeton Open,165,W,TF5,16 - 0 2:24,Tyler Sung,64675,Lehigh,Dakota Morris,73960,Army West Point
2024,11/05,Princeton Open,165,L,DEC,3 - 2,Jake Logan,57185,Lehigh,Dakota Morris,73960,Army West Point
2024,11/05,Princeton Open,165,W,DEC,5 - 0,Caden Dobbins,81883,Bloomsburg,Dakota Morris,73960,Army West Point
2024,01/05,David Lehman Open,165,W,DEC,2 - 1,Matt Waddell,84313,Hofstra,Tanner Craig,59533,Army West Point
2024,01/05,David Lehman Open,165,W,MD,13 - 3,Josh Palmucci,78645,Franklin & Marshall,Tanner Craig,59533,Army West Point
2024,01/05,David Lehman Open,165,W,DEC,11 - 6,Cooper Haase,73434,United States Military Academy,Tanner Craig,59533,Army West Point
2024,01/05,David Lehman Open,165,L,MD,12 - 3,Aaron Ferguson,71721,Kent State,Tanner Craig,59533,Army West Point
2024,01/05,David Lehman Open,165,W,DEC,8 - 3,Connor Herceg,63054,Lehigh,Tanner Craig,59533,Army West Point
2024,01/05,David Lehman Open,165,L,DEC,6 - 3,Andrew Cerniglia,62439,Navy,Tanner Craig,59533,Army West Point
2024,12/22,Wilkes Open,165,W,FALL,1:47,Christian Ramos,89847,Union County College,Tanner Craig,59533,Army West Point
2024,12/22,Wilkes Open,165,W,FALL,3:44,Andrew Christie,78624,Army West Point,Tanner Craig,59533,Army West Point
2024,12/22,Wilkes Open,165,W,FALL,0:51,Rafael Knapp,84273,Buffalo,Tanner Craig,59533,Army West Point
2024,12/22,Wilkes Open,165,W,TF5,17 - 2 2:32,Travis Green,85652,Pennsylvania College of Technology,Tanner Craig,59533,Army West Point
2024,12/22,Wilkes Open,165,W,FALL,3:21,Carson Wells,75557,Wilkes,Tanner Craig,59533,Army West Point
2024,12/10,Nassau Open,165,W,FALL,2:12,Tyrun Kamenitzer,90370,Northeastern Junior College,Tanner Craig,59533,Army West Point
2024,12/10,Nassau Open,165,W,FALL,2:38,Joe Russo,77835,Hofstra,Tanner Craig,59533,Army West Point
2024,12/10,Nassau Open,165,W,TF5,17 - 2 7:00,Luke Ciampa,74392,East Stroudsburg,Tanner Craig,59533,Army West Point
2024,12/10,Nassau Open,165,L,MFOR,0 - 0,Luke Ciampa,74392,East Stroudsburg,Tanner Craig,59533,Army West Point
2024,12/10,Nassau Open,165,L,MFOR,0 - 0,Sergio Cespedes,63080,East Stroudsburg,Tanner Craig,59533,Army West Point
2024,11/12,Journeymen Classic,165,W,DEC,7 - 0,Josh Palmucci,78645,Franklin & Marshall,Tanner Craig,59533,Army West Point
2024,11/12,Journeymen Classic,165,L,DEC,4 - 2,Joe McGinty,69675,Hofstra,Tanner Craig,59533,Army West Point
2024,11/12,Journeymen Classic,165,W,MD,10 - 2,Dillon Keane,62988,Pitt-Johnstown,Tanner Craig,59533,Army West Point
2024,11/05,Princeton Open,165,L,DEC,12 - 6,Avery Bassett,71835,Lock Haven,Tanner Craig,59533,Army West Point
2024,11/05,Princeton Open,165,W,MD,13 - 5,Cole McComas,62984,Rider,Tanner Craig,59533,Army West Point
2024,11/05,Princeton Open,165,L,MD,11 - 3,Jake Logan,57185,Lehigh,Tanner Craig,59533,Army West Point
2024,11/05,Princeton Open,165,W,FALL,3:45,Greyson Harris,78610,Hofstra,Tanner Craig,59533,Army West Point
2024,11/05,Princeton Open,165,W,MD,14 - 2,Macon Myers,84269,Bloomsburg,Tanner Craig,59533,Army West Point
2024,01/05,David Lehman Open,165,L,CMFF,0 - 0,Aiden Gaugler,78737,Lock Haven,Andrew Christie,78624,Army West Point
2024,01/05,David Lehman Open,165,L,FALL,1:15,Brandon Connor,57181,Millersville,Andrew Christie,78624,Army West Point
2024,12/22,Wilkes Open,165,L,FALL,3:44,Tanner Craig,59533,Army West Point,Andrew Christie,78624,Army West Point
2024,12/22,Wilkes Open,165,W,TF5,17 - 2 4:41,Ryan Alvarado,77593,Army West Point,Andrew Christie,78624,Army West Point
2024,12/22,Wilkes Open,165,W,FALL,0:54,Nolen Zeigler,84532,Bloomsburg,Andrew Christie,78624,Army West Point
2024,12/22,Wilkes Open,165,W,MD,12 - 2,Jacob Burgette,88209,Scranton,Andrew Christie,78624,Army West Point
2024,12/09,Cleveland State Open,165,W,DEC,6 - 1,Tate Geiser,78813,Cleveland State,Andrew Christie,78624,Army West Point
2024,12/09,Cleveland State Open,165,L,FALL,0:32,Beau Mantanona,78420,Michigan,Andrew Christie,78624,Army West Point
2024,12/09,Cleveland State Open,165,W,TF5,17 - 2 5:26,Colton Blaha,69872,Michigan State,Andrew Christie,78624,Army West Point
2024,12/09,Cleveland State Open,165,W,DEC,9 - 2,Tracy Hubbard,57361,Central Michigan,Andrew Christie,78624,Army West Point
2024,11/19,Black Knight Invitational,165,L,TF5,17 - 0 4:28,Dalton Harkins,65872,Army West Point,Andrew Christie,78624,Army West Point
2024,11/19,Black Knight Invitational,165,W,FALL,4:39,Thomas Lascala,73409,LIU,Andrew Christie,78624,Army West Point
2024,11/19,Black Knight Invitational,165,L,MD,17 - 7,Caleb Fish,63045,Michigan State,Andrew Christie,78624,Army West Point
2024,11/12,Journeymen Classic,165,W,FALL,0:24,Matt Waddell,84313,Hofstra,Andrew Christie,78624,Army West Point
2024,11/12,Journeymen Classic,165,W,TF5,18 - 0 3:30,Jonathan Siemsen,78156,Sacred Heart,Andrew Christie,78624,Army West Point
2024,11/12,Journeymen Classic,165,W,FALL,2:33,Thomas Lascala,73409,LIU,Andrew Christie,78624,Army West Point
2024,11/12,Journeymen Classic,165,W,FALL,5:52,Colby Keane,70171,Pitt-Johnstown,Andrew Christie,78624,Army West Point
2024,11/05,Princeton Open,165,L,DEC,4 - 0,Zeke Dubler,79059,Lehigh,Andrew Christie,78624,Army West Point
2024,11/05,Princeton Open,165,L,DEC,10 - 4,Jake Slotnick,84500,Hofstra,Andrew Christie,78624,Army West Point
2024,02/24,F&M Scramble,165,L,TF5,17 - 2 7:00,Bryce Hepner,64961,Ohio State,Ryan Alvarado,77593,Army West Point
2024,02/24,F&M Scramble,165,L,MD,14 - 4,Josh Palmucci,78645,Franklin & Marshall,Ryan Alvarado,77593,Army West Point
2024,02/24,F&M Scramble,165,L,DEC,4 - 3,Makoa Niebel,73371,Franklin & Marshall,Ryan Alvarado,77593,Army West Point
2024,01/05,David Lehman Open,165,L,DEC,7 - 2,Cael Berg,71877,Harvard,Ryan Alvarado,77593,Army West Point
2024,01/05,David Lehman Open,165,L,TF5,17 - 2 4:42,Andrew Cerniglia,62439,Navy,Ryan Alvarado,77593,Army West Point
2024,12/22,Wilkes Open,165,L,TF5,17 - 2 4:41,Andrew Christie,78624,Army West Point,Ryan Alvarado,77593,Army West Point
2024,12/22,Wilkes Open,165,W,DEC,8 - 2,Ethan Baker,82260,Apprentice School,Ryan Alvarado,77593,Army West Point
2024,12/22,Wilkes Open,165,W,DEC,12 - 8,Riley Hughes,84529,Bloomsburg,Ryan Alvarado,77593,Army West Point
2024,12/22,Wilkes Open,165,L,DEC,8 - 3,Rafael Knapp,84273,Buffalo,Ryan Alvarado,77593,Army West Point
2024,11/12,Journeymen Classic,165,W,MD,10 - 2,Jack Pickersgill,84609,LIU,Ryan Alvarado,77593,Army West Point
2024,11/12,Journeymen Classic,165,L,DEC,6 - 0,Macon Myers,84269,Bloomsburg,Ryan Alvarado,77593,Army West Point
2024,11/12,Journeymen Classic,165,W,DEC,8 - 3,Calvin Pineda,79727,Sacred Heart,Ryan Alvarado,77593,Army West Point
2024,11/05,Princeton Open,165,L,MD,14 - 5,Hunter Mays,73136,Lehigh,Ryan Alvarado,77593,Army West Point
2024,11/05,Princeton Open,165,L,DEC,7 - 3,Matt Waddell,84313,Hofstra,Ryan Alvarado,77593,Army West Point
2024,03/21,NCAA Championships,174,L,MD,16 - 6,Edmond Ruth,51277,Illinois,Ben Pasiuk,57286,Army West Point
2024,03/21,NCAA Championships,174,L,DEC,4 - 0,Mekhi Lewis,49338,Virginia Tech,Ben Pasiuk,57286,Army West Point
2024,03/21,NCAA Championships,174,W,DEC,9 - 8,Jared Simma,73007,Northern Iowa,Ben Pasiuk,57286,Army West Point
2024,03/21,NCAA Championships,174,W,DEC,13 - 8,Nick Incontrera,57070,Pennsylvania,Ben Pasiuk,57286,Army West Point
2024,03/21,NCAA Championships,174,W,MD,11 - 1,Max Maylor,56310,Wisconsin,Ben Pasiuk,57286,Army West Point
2024,03/21,NCAA Championships,174,L,DEC,10 - 4,Cade DeVos,57072,South Dakota State,Ben Pasiuk,57286,Army West Point
2024,03/21,NCAA Championships,174,W,DEC,18 - 11,MJ Gaitan,78494,Iowa State,Ben Pasiuk,57286,Army West Point
2024,03/08,EIWA Championships,174,W,FALL,5:41,Benny Baker,63471,Cornell,Ben Pasiuk,57286,Army West Point
2024,03/08,EIWA Championships,174,L,DEC,5 - 1,Lennox Wolak,57767,Columbia,Ben Pasiuk,57286,Army West Point
2024,03/08,EIWA Championships,174,W,SV-1,4 - 2,Danny Wask,72981,Navy,Ben Pasiuk,57286,Army West Point
2024,03/08,EIWA Championships,174,W,MD,14 - 2,Lucas White,72683,American,Ben Pasiuk,57286,Army West Point
2024,02/25,American - Army West Point Dual,174,W,MD,9 - 0,Lucas White,72683,American,Ben Pasiuk,57286,Army West Point
2024,02/16,Army West Point - Navy Dual,174,W,DEC,7 - 3,Danny Wask,72981,Navy,Ben Pasiuk,57286,Army West Point
2024,02/04,Lehigh - Army West Point Dual,174,W,MD,16 - 6,Connor Herceg,63054,Lehigh,Ben Pasiuk,57286,Army West Point
2024,01/27,Army West Point - Bucknell Dual,174,W,DEC,12 - 11,Myles Takats,83325,Bucknell,Ben Pasiuk,57286,Army West Point
2024,01/21,Army West Point - Binghamton Dual,174,W,DEC,6 - 5,Dimitri Gamkrelidze,67295,Binghamton,Ben Pasiuk,57286,Army West Point
2024,01/14,Columbia - Army West Point Dual,174,L,DEC,10 - 7,Lennox Wolak,57767,Columbia,Ben Pasiuk,57286,Army West Point
2024,01/14,Drexel - Army West Point Dual,174,W,FALL,1:08,Jack Janda,71665,Drexel,Ben Pasiuk,57286,Army West Point
2024,01/01,Southern Scuffle,174,W,DQ,0 - 0,Lorenzo Norman,78822,Stanford,Ben Pasiuk,57286,Army West Point
2024,01/01,Southern Scuffle,174,W,FALL,1:28,Warren Hoyt,72989,Little Rock,Ben Pasiuk,57286,Army West Point
2024,01/01,Southern Scuffle,174,W,DEC,8 - 7,Lucas Uliano,71130,Appalachian State,Ben Pasiuk,57286,Army West Point
2024,01/01,Southern Scuffle,174,W,CMFF,0 - 0,Donnell Washington,57738,Indiana,Ben Pasiuk,57286,Army West Point
2024,01/01,Southern Scuffle,174,W,FALL,1:04,Suds Dubler,78567,Clarion,Ben Pasiuk,57286,Army West Point
2024,12/22,Sheridan Invitational,174,W,DEC,8 - 7,Alex Cramer,56732,Central Michigan,Ben Pasiuk,57286,Army West Point
2024,12/22,Sheridan Invitational,174,W,FALL,1:27,Magnus Kuokkanen,78987,Indiana,Ben Pasiuk,57286,Army West Point
2024,12/22,Sheridan Invitational,174,L,DEC,4 - 2,Donnell Washington,57738,Indiana,Ben Pasiuk,57286,Army West Point
2024,12/22,Sheridan Invitational,174,W,TF5,16 - 1 3:43,Justin Onello,75735,Lehigh,Ben Pasiuk,57286,Army West Point
2024,12/10,Nassau Open,174,L,MFOR,0 - 0,Jonathan Braun,90379,Middlesex Community College,Ben Pasiuk,57286,Army West Point
2024,12/10,Nassau Open,174,L,MFOR,0 - 0,Diego Viera,81571,Unattached,Ben Pasiuk,57286,Army West Point
2024,12/10,Nassau Open,174,W,FALL,2:12,Matt Romanelli,71735,Columbia,Ben Pasiuk,57286,Army West Point
2024,11/16,NC State - Army West Point Dual,184,L,MD,15 - 7,Dylan Fishback,69792,NC State,Ben Pasiuk,57286,Army West Point
2024,11/11,Army West Point - Lock Haven Dual,184,W,MD,14 - 4,Cael Black,78740,Lock Haven,Ben Pasiuk,57286,Army West Point
2024,11/11,Purdue - Army West Point Dual,184,W,DEC,9 - 8,James Rowley,73715,Purdue,Ben Pasiuk,57286,Army West Point
2024,11/01,Army West Point - Campbell Dual,184,L,MD,8 - 0,Caleb Hopkins,56482,Campbell,Ben Pasiuk,57286,Army West Point
2024,02/24,F&M Scramble,174,L,MD,12 - 0,Nicolas Alvarez,78573,Franklin & Marshall,Kevin McCombs,73766,Army West Point
2024,02/24,F&M Scramble,174,L,FALL,1:48,Noah Bash,72675,Franklin & Marshall,Kevin McCombs,73766,Army West Point
2024,02/24,F&M Scramble,174,L,TF5,20 - 4 4:10,Noah Fox,67280,Franklin & Marshall,Kevin McCombs,73766,Army West Point
2024,12/09,Cleveland State Open,174,L,DEC,9 - 2,Rollie Denker,79315,Michigan State,Kevin McCombs,73766,Army West Point
2024,12/09,Cleveland State Open,174,L,DEC,6 - 0,Ronald Dimmerling,78754,Cleveland State,Kevin McCombs,73766,Army West Point
2024,11/12,Journeymen Classic,174,L,MD,12 - 0,Patrick Jackson,82507,Lock Haven,Kevin McCombs,73766,Army West Point
2024,11/12,Journeymen Classic,174,L,FALL,1:56,Anthony Derosa,74515,Bloomsburg,Kevin McCombs,73766,Army West Point
2024,11/12,Journeymen Classic,174,L,TF5,15 - 0 7:00,Colt Barley,73206,Cornell,Kevin McCombs,73766,Army West Point
2024,11/05,Princeton Open,174,W,TF5,15 - 0 1:30,Keegan Gagnon,84064,Lehigh,Kevin McCombs,73766,Army West Point
2024,11/05,Princeton Open,174,L,MD,10 - 1,Johnny Miller,78738,Lock Haven,Kevin McCombs,73766,Army West Point
2024,11/05,Princeton Open,174,W,MFOR,0 - 0,Jared Schoppe,78670,Lehigh,Kevin McCombs,73766,Army West Point
2024,11/05,Princeton Open,174,L,SV-1,9 - 6,Michael Wilson,62190,Rider,Kevin McCombs,73766,Army West Point
2024,03/08,EIWA Championships,184,L,DEC,5 - 1,Jacob Nolan,62415,Binghamton,Dalton Harkins,65872,Army West Point
2024,03/08,EIWA Championships,184,L,TF5,15 - 0 5:05,Chris Foca,56712,Cornell,Dalton Harkins,65872,Army West Point
2024,03/08,EIWA Championships,184,W,DEC,9 - 2,Jack Wilt,73042,Lehigh,Dalton Harkins,65872,Army West Point
2024,03/08,EIWA Championships,184,W,TF5,16 - 0 6:54,Harrison Trahan,71760,Brown,Dalton Harkins,65872,Army West Point
2024,02/04,Lehigh - Army West Point Dual,165,W,MD,12 - 2,Jake Logan,57185,Lehigh,Dalton Harkins,65872,Army West Point
2024,01/27,Army West Point - Bucknell Dual,165,L,SV-1,9 - 2,Noah Mulvaney,78676,Bucknell,Dalton Harkins,65872,Army West Point
2024,01/14,Drexel - Army West Point Dual,165,W,DEC,9 - 4,Cody Walsh,71125,Drexel,Dalton Harkins,65872,Army West Point
2024,01/05,David Lehman Open,165,W,MD,10 - 0,Jake Slotnick,84500,Hofstra,Dalton Harkins,65872,Army West Point
2024,01/05,David Lehman Open,165,W,MD,13 - 3,Dakota Morris,73960,Army West Point,Dalton Harkins,65872,Army West Point
2024,01/05,David Lehman Open,165,W,FALL,0:34,Makoa Niebel,73371,Franklin & Marshall,Dalton Harkins,65872,Army West Point
2024,01/05,David Lehman Open,165,W,TF5,19 - 2 3:50,Matthew Rogers,67082,Hofstra,Dalton Harkins,65872,Army West Point
2024,01/05,David Lehman Open,165,L,MD,12 - 3,Andrew Cerniglia,62439,Navy,Dalton Harkins,65872,Army West Point
2024,01/05,David Lehman Open,165,W,CMFF,0 - 0,Holden Garcia,77148,Princeton,Dalton Harkins,65872,Army West Point
2024,12/09,Cleveland State Open,165,W,TF5,17 - 2 5:43,Brady Benson,84462,Michigan State,Dalton Harkins,65872,Army West Point
2024,12/09,Cleveland State Open,165,W,FALL,0:30,Hamza Sawalha,84039,Akron,Dalton Harkins,65872,Army West Point
2024,12/09,Cleveland State Open,165,W,MD,8 - 0,Tate Geiser,78813,Cleveland State,Dalton Harkins,65872,Army West Point
2024,12/09,Cleveland State Open,165,W,FALL,1:39,Max Kirby,78782,Edinboro,Dalton Harkins,65872,Army West Point
2024,12/09,Cleveland State Open,165,W,DEC,8 - 2,Beau Mantanona,78420,Michigan,Dalton Harkins,65872,Army West Point
2024,12/02,Cougar Clash,165,W,TF5,15 - 0 2:40,Tommy Bennett,78096,Northern Illinois,Dalton Harkins,65872,Army West Point
2024,12/02,Cougar Clash,165,W,DEC,2 - 1,Blaine Brenner,72138,Minnesota,Dalton Harkins,65872,Army West Point
2024,12/02,Cougar Clash,165,W,FALL,7:00,Joseph Bianchi,62836,Little Rock,Dalton Harkins,65872,Army West Point
2024,12/02,Cougar Clash,165,L,SV-1,4 - 1,Baylor Fernandes,57351,Northern Colorado,Dalton Harkins,65872,Army West Point
2024,11/19,Black Knight Invitational,165,W,FALL,0:29,Jack Pickersgill,84609,LIU,Dalton Harkins,65872,Army West Point
2024,11/19,Black Knight Invitational,165,W,TF5,17 - 0 4:28,Andrew Christie,78624,Army West Point,Dalton Harkins,65872,Army West Point
2024,11/19,Black Knight Invitational,165,W,TF5,15 - 0 3:27,Andrew Wilson,73732,Gardner-Webb,Dalton Harkins,65872,Army West Point
2024,11/19,Black Knight Invitational,165,L,DEC,7 - 6,Brevin Cassella,67293,Binghamton,Dalton Harkins,65872,Army West Point
2024,11/19,Black Knight Invitational,165,L,DEC,2 - 1,Anthony White,70924,Rutgers,Dalton Harkins,65872,Army West Point
2024,11/16,NC State - Army West Point Dual,165,W,SV-1,4 - 1,AJ Kovacs,62442,NC State,Dalton Harkins,65872,Army West Point
2024,11/11,Army West Point - Lock Haven Dual,165,W,DEC,8 - 1,Avery Bassett,71835,Lock Haven,Dalton Harkins,65872,Army West Point
2024,11/11,Purdue - Army West Point Dual,165,L,DEC,4 - 0,Stoney Buell,72153,Purdue,Dalton Harkins,65872,Army West Point
2024,11/01,Army West Point - Campbell Dual,165,W,DEC,4 - 1,Domonic Baker,71742,Campbell,Dalton Harkins,65872,Army West Point
2024,02/25,American - Army West Point Dual,184,W,MD,11 - 2,Connor Bourne,57131,American,Dillon Sheehy,69861,Army West Point
2024,02/16,Army West Point - Navy Dual,184,L,DEC,4 - 1,David Key,56717,Navy,Dillon Sheehy,69861,Army West Point
2024,02/04,Lehigh - Army West Point Dual,184,L,SV-1,8 - 5,Jack Wilt,73042,Lehigh,Dillon Sheehy,69861,Army West Point
2024,01/27,Army West Point - Bucknell Dual,184,L,DEC,4 - 1,Nolan Springer,71749,Bucknell,Dillon Sheehy,69861,Army West Point
2024,01/21,Army West Point - Binghamton Dual,184,L,DEC,3 - 2,Jacob Nolan,62415,Binghamton,Dillon Sheehy,69861,Army West Point
2024,01/05,David Lehman Open,174,L,SV-1,4 - 1,Danny Wask,72981,Navy,Dillon Sheehy,69861,Army West Point
2024,01/05,David Lehman Open,174,W,DEC,9 - 7,Luke Ahrberg,71931,NC State,Dillon Sheehy,69861,Army West Point
2024,01/05,David Lehman Open,174,W,DEC,6 - 3,Caleb Campos,78804,American,Dillon Sheehy,69861,Army West Point
2024,01/05,David Lehman Open,174,W,TB-1,3 - 2,Noah Blake,57245,Air Force,Dillon Sheehy,69861,Army West Point
2024,01/05,David Lehman Open,174,W,FALL,4:19,Angelo Esposito,77762,Rider,Dillon Sheehy,69861,Army West Point
2024,12/22,Wilkes Open,174,W,TF5,17 - 2 6:10,Xavier Giles,90346,Unattached,Dillon Sheehy,69861,Army West Point
2024,12/22,Wilkes Open,174,L,FALL,6:24,Will Ebert,76486,Binghamton,Dillon Sheehy,69861,Army West Point
2024,12/22,Wilkes Open,174,W,DEC,4 - 2,Ryan Bolletino,69989,Sacred Heart,Dillon Sheehy,69861,Army West Point
2024,12/22,Wilkes Open,174,W,TF5,19 - 4 6:26,Connor Wrobleski,81488,King's,Dillon Sheehy,69861,Army West Point
2024,12/22,Wilkes Open,174,L,MFOR,0 - 0,William Smith,65886,Williams College,Dillon Sheehy,69861,Army West Point
2024,12/22,Wilkes Open,174,W,MD,19 - 5,Melquan Warren,86732,Wilkes,Dillon Sheehy,69861,Army West Point
2024,12/22,Wilkes Open,174,W,FALL,3:56,Devin Doty,75561,Wilkes,Dillon Sheehy,69861,Army West Point
2024,12/09,Cleveland State Open,174,L,TF5,15 - 0 3:04,Simon Ruiz,78145,Spartan Combat RTC,Dillon Sheehy,69861,Army West Point
2024,12/09,Cleveland State Open,174,W,MD,11 - 3,Josh Knudten,76949,Michigan,Dillon Sheehy,69861,Army West Point
2024,12/09,Cleveland State Open,174,W,MD,15 - 2,Mitchell Broskie,75819,Kent State,Dillon Sheehy,69861,Army West Point
2024,12/09,Cleveland State Open,174,W,DEC,9 - 5,Codei Khawaja,74572,Michigan,Dillon Sheehy,69861,Army West Point
2024,12/09,Cleveland State Open,174,L,DEC,11 - 7,David Ferrante,57710,Northwestern,Dillon Sheehy,69861,Army West Point
2024,12/02,Cougar Clash,174,W,DEC,12 - 6,Ayden Rix-McElhinney,79043,Northern Colorado,Dillon Sheehy,69861,Army West Point
2024,12/02,Cougar Clash,174,W,DEC,2 - 1,Ricardo Salin,73343,Northern Illinois,Dillon Sheehy,69861,Army West Point
2024,12/02,Cougar Clash,174,W,DEC,12 - 6,Kodiak Cannedy,73048,Little Rock,Dillon Sheehy,69861,Army West Point
2024,12/02,Cougar Clash,174,L,MD,11 - 0,Andrew Sparks,67049,Minnesota,Dillon Sheehy,69861,Army West Point
2024,11/19,Black Knight Invitational,174,W,DEC,3 - 2,Will Ebert,76486,Binghamton,Dillon Sheehy,69861,Army West Point
2024,11/19,Black Knight Invitational,174,W,DEC,5 - 2,Corey Connolly,62210,LIU,Dillon Sheehy,69861,Army West Point
2024,11/19,Black Knight Invitational,174,W,DEC,5 - 3,DJ Shannon,51137,Michigan State,Dillon Sheehy,69861,Army West Point
2024,11/19,Black Knight Invitational,174,L,TB-2,5 - 2,Shane Cartagena-Walsh,81579,Rutgers,Dillon Sheehy,69861,Army West Point
2024,11/12,Journeymen Classic,174,W,DEC,11 - 5,Tony Salopek,74007,Pitt-Johnstown,Dillon Sheehy,69861,Army West Point
2024,11/12,Journeymen Classic,174,W,MD,14 - 5,Justin Mayes,68706,Cornell,Dillon Sheehy,69861,Army West Point
2024,11/12,Journeymen Classic,174,W,MD,10 - 1,Luke Gorg,68401,Cornell,Dillon Sheehy,69861,Army West Point
2024,11/05,Princeton Open,174,W,DEC,10 - 3,Remy Brancato,73493,Lehigh,Dillon Sheehy,69861,Army West Point
2024,11/05,Princeton Open,174,L,FALL,6:13,Ryan Bolletino,69989,Sacred Heart,Dillon Sheehy,69861,Army West Point
2024,11/05,Princeton Open,174,L,DEC,7 - 1,Thayne Lawrence,62598,Lehigh,Dillon Sheehy,69861,Army West Point
2024,12/09,Cleveland State Open,184,L,DEC,8 - 3,De'alcapon Veazy,90308,Unattached,Kyle Swartz,65875,Army West Point
2024,12/09,Cleveland State Open,184,W,MFOR,0 - 0,Anthony Poole,90307,Unattached,Kyle Swartz,65875,Army West Point
2024,12/09,Cleveland State Open,184,W,TF5,17 - 0 4:34,Abe Keep,81741,Edinboro,Kyle Swartz,65875,Army West Point
2024,12/09,Cleveland State Open,184,L,MD,11 - 2,Rylan Rogers,72668,Michigan,Kyle Swartz,65875,Army West Point
2024,12/02,Cougar Clash,184,L,DEC,5 - 4,Matt Zuber,66265,Northern Illinois,Kyle Swartz,65875,Army West Point
2024,12/02,Cougar Clash,184,L,TF5,19 - 4 7:00,Isaiah Salazar,62340,Minnesota,Kyle Swartz,65875,Army West Point
2024,11/19,Black Knight Invitational,184,L,TF5,18 - 3 6:20,Josh Barr,77988,Penn State,Kyle Swartz,65875,Army West Point
2024,11/19,Black Knight Invitational,184,W,DEC,11 - 4,Nick Olivieri,76389,Brown,Kyle Swartz,65875,Army West Point
2024,11/19,Black Knight Invitational,184,W,DEC,4 - 1,Andrew Donahue,73503,Northern Colorado,Kyle Swartz,65875,Army West Point
2024,11/19,Black Knight Invitational,184,W,DEC,8 - 1,Gavin Claro,73410,LIU,Kyle Swartz,65875,Army West Point
2024,11/19,Black Knight Invitational,184,L,MD,14 - 2,Branson Britten,71938,Northern Colorado,Kyle Swartz,65875,Army West Point
2024,01/14,Columbia - Army West Point Dual,184,L,MD,11 - 0,Aaron Ayzerov,70911,Columbia,Daniel Lawrence,69375,Army West Point
2024,01/14,Drexel - Army West Point Dual,184,L,DEC,4 - 1,Justin Griffith,79552,Drexel,Daniel Lawrence,69375,Army West Point
2024,01/05,David Lehman Open,184,L,MD,16 - 4,David Barrett,84263,United States Military Academy,Daniel Lawrence,69375,Army West Point
2024,01/05,David Lehman Open,184,W,DEC,4 - 1,Kyle Snider,78729,Kent State,Daniel Lawrence,69375,Army West Point
2024,01/05,David Lehman Open,184,L,SV-1,4 - 1,Colin Fegley,63035,Lock Haven,Daniel Lawrence,69375,Army West Point
2024,01/05,David Lehman Open,184,W,MD,15 - 3,Anthony Bradley,79091,Maryland,Daniel Lawrence,69375,Army West Point
2024,12/22,Sheridan Invitational,184,L,MD,12 - 1,Jacob Nolan,62415,Binghamton,Daniel Lawrence,69375,Army West Point
2024,12/22,Sheridan Invitational,184,W,MD,14 - 5,Nick Olivieri,76389,Brown,Daniel Lawrence,69375,Army West Point
2024,12/22,Sheridan Invitational,184,L,MD,10 - 2,Jack Wilt,73042,Lehigh,Daniel Lawrence,69375,Army West Point
2024,11/19,Black Knight Invitational,197,W,DEC,8 - 3,Andrew Bailey,84442,Binghamton,Daniel Lawrence,69375,Army West Point
2024,11/19,Black Knight Invitational,197,L,FALL,1:47,Kael Wisler,79317,Michigan State,Daniel Lawrence,69375,Army West Point
2024,11/19,Black Knight Invitational,197,L,DEC,9 - 4,James Araneo,71780,Brown,Daniel Lawrence,69375,Army West Point
2024,11/19,Black Knight Invitational,197,W,SV-1,4 - 1,Lear Quinton,62572,Brown,Daniel Lawrence,69375,Army West Point
2024,11/16,NC State - Army West Point Dual,197,L,FALL,4:31,Trent Hidlay,51224,NC State,Daniel Lawrence,69375,Army West Point
2024,11/11,Army West Point - Lock Haven Dual,197,W,DEC,6 - 3,Brad Morrison,78739,Lock Haven,Daniel Lawrence,69375,Army West Point
2024,11/11,Purdue - Army West Point Dual,197,L,TF5,18 - 3 6:28,Ben Vanadia,68732,Purdue,Daniel Lawrence,69375,Army West Point
2024,11/05,Princeton Open,197,W,DEC,5 - 4,Wolfgang Frable,78566,Army West Point,Daniel Lawrence,69375,Army West Point
2024,11/05,Princeton Open,197,W,TF5,19 - 3 5:25,Michael Molina,75960,Sacred Heart,Daniel Lawrence,69375,Army West Point
2024,11/05,Princeton Open,197,W,DEC,4 - 1,Azeem Bell,67120,Rider,Daniel Lawrence,69375,Army West Point
2024,11/05,Princeton Open,197,L,TF5,17 - 1 3:15,Michael Beard,50614,Lehigh,Daniel Lawrence,69375,Army West Point
2024,11/01,Army West Point - Campbell Dual,197,L,DEC,6 - 0,Levi Hopkins,62508,Campbell,Daniel Lawrence,69375,Army West Point
2024,03/08,EIWA Championships,197,L,DEC,7 - 1,Jack Wehmeyer,71793,Columbia,Wolfgang Frable,78566,Army West Point
2024,03/08,EIWA Championships,197,L,FALL,6:42,Cole Urbas,56773,Pennsylvania,Wolfgang Frable,78566,Army West Point
2024,03/08,EIWA Championships,197,W,MD,12 - 3,Alex Whitworth,71873,Harvard,Wolfgang Frable,78566,Army West Point
2024,02/25,American - Army West Point Dual,197,W,DEC,8 - 3,Liam Volk-Klos,78524,American,Wolfgang Frable,78566,Army West Point
2024,02/16,Army West Point - Navy Dual,197,L,DEC,7 - 1,Cael Crebs,72190,Navy,Wolfgang Frable,78566,Army West Point
2024,02/04,Lehigh - Army West Point Dual,197,L,TF5,20 - 2 6:13,Michael Beard,50614,Lehigh,Wolfgang Frable,78566,Army West Point
2024,01/27,Army West Point - Bucknell Dual,197,L,DEC,5 - 1,Logan Deacetis,71753,Bucknell,Wolfgang Frable,78566,Army West Point
2024,01/21,Army West Point - Binghamton Dual,197,L,TF5,18 - 2 6:05,Louie DePrez,49046,Binghamton,Wolfgang Frable,78566,Army West Point
2024,01/14,Columbia - Army West Point Dual,197,L,DEC,8 - 2,Jack Wehmeyer,71793,Columbia,Wolfgang Frable,78566,Army West Point
2024,01/14,Drexel - Army West Point Dual,197,W,MD,18 - 5,Ibrahim Ameer,75829,Drexel,Wolfgang Frable,78566,Army West Point
2024,01/05,David Lehman Open,197,W,FALL,0:54,Miles Ashbaugh,79796,Kent State,Wolfgang Frable,78566,Army West Point
2024,01/05,David Lehman Open,197,W,DEC,9 - 6,John Dusza,74411,LIU,Wolfgang Frable,78566,Army West Point
2024,01/05,David Lehman Open,197,W,DEC,5 - 2,Martin Cosgrove,72983,Pennsylvania,Wolfgang Frable,78566,Army West Point
2024,01/05,David Lehman Open,197,L,DEC,8 - 6,John Crawford,62873,Franklin & Marshall,Wolfgang Frable,78566,Army West Point
2024,01/05,David Lehman Open,197,W,FALL,3:54,Calvin Sund,57634,Air Force,Wolfgang Frable,78566,Army West Point
2024,12/22,Sheridan Invitational,197,L,MD,14 - 1,Louie DePrez,49046,Binghamton,Wolfgang Frable,78566,Army West Point
2024,12/22,Sheridan Invitational,197,W,DEC,10 - 3,James Araneo,71780,Brown,Wolfgang Frable,78566,Army West Point
2024,12/22,Sheridan Invitational,197,L,FALL,3:43,Gabe Sollars,77269,Indiana,Wolfgang Frable,78566,Army West Point
2024,12/22,Sheridan Invitational,197,W,TF5,20 - 4 4:00,Dante Hoose,81067,Lehigh,Wolfgang Frable,78566,Army West Point
2024,12/02,Cougar Clash,197,L,MD,8 - 0,Nick Nosler,83329,SIU Edwardsville,Wolfgang Frable,78566,Army West Point
2024,12/02,Cougar Clash,197,L,FALL,4:41,Rowan Morgan,57350,Minnesota,Wolfgang Frable,78566,Army West Point
2024,11/19,Black Knight Invitational,197,L,DEC,2 - 0,Kael Wisler,79317,Michigan State,Wolfgang Frable,78566,Army West Point
2024,11/19,Black Knight Invitational,197,W,MD,11 - 0,Joshua McCutchen,75730,Gardner-Webb,Wolfgang Frable,78566,Army West Point
2024,11/19,Black Knight Invitational,197,L,DEC,8 - 3,Franklin Cruz,72182,Northern Colorado,Wolfgang Frable,78566,Army West Point
2024,11/12,Journeymen Classic,197,W,DEC,5 - 0,Mitch Hutmacher,67388,Purdue,Wolfgang Frable,78566,Army West Point
2024,11/12,Journeymen Classic,197,L,FALL,1:36,Cole Urbas,56773,Pennsylvania,Wolfgang Frable,78566,Army West Point
2024,11/12,Journeymen Classic,197,L,TF5,17 - 2 7:00,Michael Beard,50614,Lehigh,Wolfgang Frable,78566,Army West Point
2024,11/05,Princeton Open,197,L,DEC,5 - 4,Daniel Lawrence,69375,Army West Point,Wolfgang Frable,78566,Army West Point
2024,11/05,Princeton Open,197,W,TF5,22 - 6 3:08,Lucas Ainbinder,85164,Rider,Wolfgang Frable,78566,Army West Point
2024,11/05,Princeton Open,197,W,MD,15 - 7,Reid Schroeder,79343,United States Military Academy,Wolfgang Frable,78566,Army West Point
2024,11/05,Princeton Open,197,W,TF5,21 - 3 4:49,Caden Wright,63043,Lehigh,Wolfgang Frable,78566,Army West Point
2024,11/05,Princeton Open,197,L,MD,12 - 1,Aidan Conner,57524,Princeton,Wolfgang Frable,78566,Army West Point
2024,01/01,Southern Scuffle,197,W,MD,15 - 4,Kwasi Bonsu,84783,Duke,Thomas Godbee,71643,Army West Point
2024,01/01,Southern Scuffle,197,L,MD,14 - 4,Logan Deacetis,71753,Bucknell,Thomas Godbee,71643,Army West Point
2024,01/01,Southern Scuffle,197,L,TF5,19 - 4 6:18,Nick Stemmet,63032,Stanford,Thomas Godbee,71643,Army West Point
2024,01/01,Southern Scuffle,197,L,DEC,9 - 4,Noah Pettigrew,72943,Northern Colorado,Thomas Godbee,71643,Army West Point
2024,01/01,Southern Scuffle,197,W,DEC,7 - 4,Spencer Mooberry,69967,North Dakota State,Thomas Godbee,71643,Army West Point
2024,01/01,Southern Scuffle,197,W,FALL,3:31,Ryan Arrington,79005,CSU Bakersfield,Thomas Godbee,71643,Army West Point
2024,12/22,Wilkes Open,197,W,MD,13 - 2,Omar Palmer,89468,Unattached,Thomas Godbee,71643,Army West Point
2024,12/22,Wilkes Open,197,W,MD,16 - 7,Cayden Bevis,78819,Binghamton,Thomas Godbee,71643,Army West Point
2024,12/22,Wilkes Open,197,W,DEC,10 - 4,Steven Burrell,83567,Virginia,Thomas Godbee,71643,Army West Point
2024,12/22,Wilkes Open,197,W,MFOR,0 - 0,Mike Toranzo,70751,Rutgers,Thomas Godbee,71643,Army West Point
2024,12/22,Wilkes Open,197,W,TF5,17 - 1 5:24,Rich Fronheiser,77945,King's,Thomas Godbee,71643,Army West Point
2024,12/22,Wilkes Open,197,L,DEC,4 - 3,Cameron Butka,75559,Wilkes,Thomas Godbee,71643,Army West Point
2024,12/09,Cleveland State Open,197,L,DEC,4 - 2,Eli Pack,71767,Army West Point,Thomas Godbee,71643,Army West Point
2024,12/09,Cleveland State Open,197,L,DEC,11 - 4,Carter Blough,79320,Michigan State,Thomas Godbee,71643,Army West Point
2024,12/09,Cleveland State Open,197,W,DEC,6 - 1,Brett Wittmann,66633,Clarion,Thomas Godbee,71643,Army West Point
2024,11/12,Journeymen Classic,197,L,DEC,6 - 1,Eric Carlson,84299,Cornell,Thomas Godbee,71643,Army West Point
2024,11/12,Journeymen Classic,197,W,FALL,6:27,John Dusza,74411,LIU,Thomas Godbee,71643,Army West Point
2024,11/12,Journeymen Classic,197,L,TF5,20 - 4 6:20,Nikolas Miller,73028,Hofstra,Thomas Godbee,71643,Army West Point
2024,11/05,Princeton Open,197,L,DEC,4 - 2,Eli Pack,71767,Army West Point,Thomas Godbee,71643,Army West Point
2024,11/05,Princeton Open,197,L,FALL,6:24,Hadyn Packer,84363,Rutgers,Thomas Godbee,71643,Army West Point
2024,11/05,Princeton Open,197,W,DEC,9 - 7,Quinn Collins,79801,Rider,Thomas Godbee,71643,Army West Point
2024,01/05,David Lehman Open,197,L,TF5,17 - 1 5:05,Louie DePrez,49046,Binghamton,Cole Karpinski,78462,Army West Point
2024,01/05,David Lehman Open,197,L,MD,13 - 0,Calvin Sund,57634,Air Force,Cole Karpinski,78462,Army West Point
2024,12/09,Cleveland State Open,197,L,MD,11 - 3,Blake Schaffer,79797,Kent State,Cole Karpinski,78462,Army West Point
2024,12/09,Cleveland State Open,197,W,DEC,4 - 1,Miles Ashbaugh,79796,Kent State,Cole Karpinski,78462,Army West Point
2024,12/09,Cleveland State Open,197,W,MD,11 - 0,Connor Jacobs,79277,Clarion,Cole Karpinski,78462,Army West Point
2024,12/09,Cleveland State Open,197,L,MD,15 - 4,Ben Smith,56236,Cleveland State,Cole Karpinski,78462,Army West Point
2024,11/12,Journeymen Classic,197,W,TF5,19 - 2 6:35,Mason Rebuck,84812,Bloomsburg,Cole Karpinski,78462,Army West Point
2024,11/12,Journeymen Classic,197,W,FALL,3:40,Matt Walker,79720,Sacred Heart,Cole Karpinski,78462,Army West Point
2024,11/12,Journeymen Classic,197,W,MFOR,0 - 0,Jeffrey Miller,75963,Sacred Heart,Cole Karpinski,78462,Army West Point
2024,11/12,Journeymen Classic,197,L,DEC,8 - 5,Ty Broadway,74014,Pitt-Johnstown,Cole Karpinski,78462,Army West Point
2024,11/05,Princeton Open,197,L,DEC,5 - 2,Dylan Harr,74179,Johnson & Wales,Cole Karpinski,78462,Army West Point
2024,11/05,Princeton Open,197,L,DEC,4 - 0,Aidan Conner,57524,Princeton,Cole Karpinski,78462,Army West Point
2024,01/05,David Lehman Open,197,L,FALL,3:46,Levi Hopkins,62508,Campbell,Eli Pack,71767,Army West Point
2024,01/05,David Lehman Open,197,L,MD,11 - 0,Calvin Sund,57634,Air Force,Eli Pack,71767,Army West Point
2024,12/09,Cleveland State Open,197,W,MD,16 - 7,Trent Thomas,86118,Kent State,Eli Pack,71767,Army West Point
2024,12/09,Cleveland State Open,197,L,FALL,6:59,Josh Evans,72531,VMI,Eli Pack,71767,Army West Point
2024,12/09,Cleveland State Open,197,W,DEC,4 - 2,Thomas Godbee,71643,Army West Point,Eli Pack,71767,Army West Point
2024,12/09,Cleveland State Open,197,L,DEC,4 - 1,Jack Kilner,65375,Edinboro,Eli Pack,71767,Army West Point
2024,11/19,Black Knight Invitational,197,L,FALL,3:57,Franklin Cruz,72182,Northern Colorado,Eli Pack,71767,Army West Point
2024,11/19,Black Knight Invitational,197,W,FALL,3:44,Lear Quinton,62572,Brown,Eli Pack,71767,Army West Point
2024,11/19,Black Knight Invitational,197,L,MD,9 - 0,Hadyn Packer,84363,Rutgers,Eli Pack,71767,Army West Point
2024,11/12,Journeymen Classic,197,L,FALL,1:38,Lonnell Owens-Pabon,78784,Buffalo,Eli Pack,71767,Army West Point
2024,11/12,Journeymen Classic,197,W,MD,11 - 0,Jeffrey Miller,75963,Sacred Heart,Eli Pack,71767,Army West Point
2024,11/12,Journeymen Classic,197,W,FALL,5:30,Ty Broadway,74014,Pitt-Johnstown,Eli Pack,71767,Army West Point
2024,11/05,Princeton Open,197,W,MD,14 - 2,Lucas Ainbinder,85164,Rider,Eli Pack,71767,Army West Point
2024,11/05,Princeton Open,197,W,FALL,5:37,Chris DeLana,79731,Sacred Heart,Eli Pack,71767,Army West Point
2024,11/05,Princeton Open,197,W,DEC,4 - 2,Thomas Godbee,71643,Army West Point,Eli Pack,71767,Army West Point
2024,11/05,Princeton Open,197,L,TF5,19 - 3 5:18,Luke Stout,62599,Princeton,Eli Pack,71767,Army West Point
2024,11/05,Princeton Open,197,L,MD,15 - 1,Luke Stout,62599,Princeton,Eli Pack,71767,Army West Point
2024,03/21,NCAA Championships,285,L,MD,11 - 0,Hunter Catka,62425,Virginia Tech,Lucas Stoddard,78565,Army West Point
2024,03/21,NCAA Championships,285,L,FALL,4:37,Lucas Davison,51236,Michigan,Lucas Stoddard,78565,Army West Point
2024,03/08,EIWA Championships,285,L,DEC,6 - 0,Cory Day,62418,Binghamton,Lucas Stoddard,78565,Army West Point
2024,03/08,EIWA Championships,285,L,SV-1,8 - 2,Matthew Cover,57523,Princeton,Lucas Stoddard,78565,Army West Point
2024,03/08,EIWA Championships,285,L,DEC,5 - 1,Dorian Crosby,62328,Bucknell,Lucas Stoddard,78565,Army West Point
2024,03/08,EIWA Championships,285,W,TB-2,3 - 2,Grady Griess,63170,Navy,Lucas Stoddard,78565,Army West Point
2024,03/08,EIWA Championships,285,W,FALL,6:05,Aeden Begue,72233,LIU,Lucas Stoddard,78565,Army West Point
2024,02/16,Army West Point - Navy Dual,285,L,SV-1,7 - 2,Grady Griess,63170,Navy,Lucas Stoddard,78565,Army West Point
2024,02/04,Lehigh - Army West Point Dual,285,L,MD,15 - 3,Nathan Taylor,73044,Lehigh,Lucas Stoddard,78565,Army West Point
2024,01/27,Army West Point - Bucknell Dual,285,W,DEC,4 - 2,Dorian Crosby,62328,Bucknell,Lucas Stoddard,78565,Army West Point
2024,01/21,Army West Point - Binghamton Dual,285,W,DEC,5 - 0,Charlie Tibbitts,78440,Binghamton,Lucas Stoddard,78565,Army West Point
2024,01/14,Columbia - Army West Point Dual,285,W,MD,14 - 3,Vincent Mueller,79467,Columbia,Lucas Stoddard,78565,Army West Point
2024,01/01,Southern Scuffle,285,W,FALL,1:13,Matthew Weinert,74053,Little Rock,Lucas Stoddard,78565,Army West Point
2024,01/01,Southern Scuffle,285,W,DEC,4 - 2,Juan Mora,71675,Oklahoma,Lucas Stoddard,78565,Army West Point
2024,01/01,Southern Scuffle,285,W,FALL,0:54,Peter Ming,62611,Stanford,Lucas Stoddard,78565,Army West Point
2024,01/01,Southern Scuffle,285,L,DEC,2 - 1,Josh Heindselman,57311,Oklahoma,Lucas Stoddard,78565,Army West Point
2024,01/01,Southern Scuffle,285,W,DEC,8 - 6,Xavier Doolin,70921,Northern Colorado,Lucas Stoddard,78565,Army West Point
2024,12/09,Cleveland State Open,285,W,MD,12 - 0,Shane Cook,84547,Cleveland State,Lucas Stoddard,78565,Army West Point
2024,12/09,Cleveland State Open,285,W,MD,15 - 4,James Campbell,79321,Michigan State,Lucas Stoddard,78565,Army West Point
2024,12/09,Cleveland State Open,285,W,MFOR,0 - 0,Austin Kohlhofer,78530,Army West Point,Lucas Stoddard,78565,Army West Point
2024,12/09,Cleveland State Open,285,L,DEC,9 - 5,Daniel Bucknavich,62488,Cleveland State,Lucas Stoddard,78565,Army West Point
2024,12/02,Cougar Clash,285,W,DEC,6 - 2,Jarrett Stoner,84591,Missouri,Lucas Stoddard,78565,Army West Point
2024,12/02,Cougar Clash,285,W,DEC,8 - 4,Remington Peterson,78459,Northern Colorado,Lucas Stoddard,78565,Army West Point
2024,12/02,Cougar Clash,285,W,DEC,2 - 1,Bennett Tabor,72142,Minnesota,Lucas Stoddard,78565,Army West Point
2024,12/02,Cougar Clash,285,L,FALL,1:21,Zach Elam,51612,Missouri,Lucas Stoddard,78565,Army West Point
2024,11/19,Black Knight Invitational,285,W,MD,8 - 0,Alex Semenenko,79210,Brown,Lucas Stoddard,78565,Army West Point
2024,11/19,Black Knight Invitational,285,W,DEC,10 - 7,Peyton McComas,71831,Gardner-Webb,Lucas Stoddard,78565,Army West Point
2024,11/19,Black Knight Invitational,285,W,FALL,2:31,Xavier Doolin,70921,Northern Colorado,Lucas Stoddard,78565,Army West Point
2024,11/19,Black Knight Invitational,285,L,DEC,6 - 0,Cory Day,62418,Binghamton,Lucas Stoddard,78565,Army West Point
2024,11/16,NC State - Army West Point Dual,285,L,MD,17 - 4,Owen Trephan,56903,NC State,Lucas Stoddard,78565,Army West Point
2024,11/12,Journeymen Classic,285,L,DEC,12 - 6,Chase Horne,72952,NC State,Lucas Stoddard,78565,Army West Point
2024,11/12,Journeymen Classic,285,W,TF5,17 - 2 6:33,Jeffrey Crooks,72111,Harvard,Lucas Stoddard,78565,Army West Point
2024,11/12,Journeymen Classic,285,L,FALL,1:25,Keaton Kluever,50603,Hofstra,Lucas Stoddard,78565,Army West Point
2024,11/11,Purdue - Army West Point Dual,285,W,DEC,6 - 0,Tristan Ruhlman,71690,Purdue,Lucas Stoddard,78565,Army West Point
2024,11/05,Princeton Open,285,W,MD,8 - 0,Sam Sorenson,79465,United States Military Academy,Lucas Stoddard,78565,Army West Point
2024,11/05,Princeton Open,285,W,TF5,15 - 0 6:52,Ethan Miller,78742,Lock Haven,Lucas Stoddard,78565,Army West Point
2024,11/05,Princeton Open,285,L,TF5,19 - 3 5:07,Nathan Taylor,73044,Lehigh,Lucas Stoddard,78565,Army West Point
2024,11/05,Princeton Open,285,W,DEC,6 - 3,Matthew Cover,57523,Princeton,Lucas Stoddard,78565,Army West Point
2024,11/05,Princeton Open,285,W,MD,8 - 0,Danny Church,84818,Hofstra,Lucas Stoddard,78565,Army West Point
2024,11/01,Army West Point - Campbell Dual,285,L,FALL,1:56,Taye Ghadiali,62500,Campbell,Lucas Stoddard,78565,Army West Point
2024,02/25,American - Army West Point Dual,285,W,DEC,4 - 2,William Jarrell,62907,American,Austin Kohlhofer,78530,Army West Point
2024,01/28,Mat-Town Open II,285,W,MD,13 - 4,Zach Delsanter,78837,Pennsylvania,Austin Kohlhofer,78530,Army West Point
2024,01/28,Mat-Town Open II,285,L,DEC,8 - 2,Jamier Ferere,78581,Navy,Austin Kohlhofer,78530,Army West Point
2024,01/28,Mat-Town Open II,285,W,TB-2,3 - 2,Charlie Tibbitts,78440,Binghamton,Austin Kohlhofer,78530,Army West Point
2024,01/28,Mat-Town Open II,285,W,DEC,2 - 0,John O'Donnell,72115,Rutgers,Austin Kohlhofer,78530,Army West Point
2024,01/14,Drexel - Army West Point Dual,285,W,DEC,6 - 1,Santino Morina,62654,Drexel,Austin Kohlhofer,78530,Army West Point
2024,01/05,David Lehman Open,285,W,TF5,17 - 1 6:17,Danny Church,84818,Hofstra,Austin Kohlhofer,78530,Army West Point
2024,01/05,David Lehman Open,285,W,FALL,1:15,Avery Kuhns,84781,Millersville,Austin Kohlhofer,78530,Army West Point
2024,01/05,David Lehman Open,285,W,FALL,4:19,Corey Boerio,79396,Kent State,Austin Kohlhofer,78530,Army West Point
2024,01/05,David Lehman Open,285,L,DEC,5 - 2,Grady Griess,63170,Navy,Austin Kohlhofer,78530,Army West Point
2024,01/05,David Lehman Open,285,W,MD,14 - 6,Nathan Carnes,84967,Presbyterian,Austin Kohlhofer,78530,Army West Point
2024,01/05,David Lehman Open,285,W,DEC,3 - 1,Sebastian Garibaldi,72130,Princeton,Austin Kohlhofer,78530,Army West Point
2024,12/22,Sheridan Invitational,285,W,DEC,5 - 1,Bryan Caves,71791,Central Michigan,Austin Kohlhofer,78530,Army West Point
2024,12/22,Sheridan Invitational,285,W,FALL,1:09,Alex Hamrick,84453,Brown,Austin Kohlhofer,78530,Army West Point
2024,12/22,Sheridan Invitational,285,W,DEC,6 - 0,Alex Semenenko,79210,Brown,Austin Kohlhofer,78530,Army West Point
2024,12/22,Sheridan Invitational,285,W,MD,11 - 1,Harrison Shapiro,67284,Franklin & Marshall,Austin Kohlhofer,78530,Army West Point
2024,12/22,Sheridan Invitational,285,L,MD,11 - 2,Nathan Taylor,73044,Lehigh,Austin Kohlhofer,78530,Army West Point
2024,12/22,Sheridan Invitational,285,W,SV-1,4 - 1,TJ Moore,62573,Lehigh,Austin Kohlhofer,78530,Army West Point
2024,12/09,Cleveland State Open,285,L,MFOR,0 - 0,Lucas Stoddard,78565,Army West Point,Austin Kohlhofer,78530,Army West Point
2024,12/09,Cleveland State Open,285,W,MD,17 - 5,Dirk Morley,84347,Northwestern,Austin Kohlhofer,78530,Army West Point
2024,12/09,Cleveland State Open,285,W,DEC,18 - 11,Ira Jenkins,72919,Michigan,Austin Kohlhofer,78530,Army West Point
2024,12/09,Cleveland State Open,285,W,CMFF,0 - 0,Mason Cover,72597,Cleveland State,Austin Kohlhofer,78530,Army West Point
2024,11/12,Journeymen Classic,285,L,INJ,5:29,Chase Horne,72952,NC State,Austin Kohlhofer,78530,Army West Point
2024,11/12,Journeymen Classic,285,W,MD,15 - 3,Jeffrey Crooks,72111,Harvard,Austin Kohlhofer,78530,Army West Point
2024,11/12,Journeymen Classic,285,L,DEC,7 - 0,Lewis Fernandes,56901,Cornell,Austin Kohlhofer,78530,Army West Point
2024,11/11,Army West Point - Lock Haven Dual,285,W,INJ,5:55,Isaac Reid,50915,Lock Haven,Austin Kohlhofer,78530,Army West Point
2024,11/05,Princeton Open,285,W,TF5,16 - 1 7:00,Ethan Miller,78742,Lock Haven,Austin Kohlhofer,78530,Army West Point
2024,11/05,Princeton Open,285,L,DEC,4 - 1,David Szuba,72908,Rider,Austin Kohlhofer,78530,Army West Point
2024,11/05,Princeton Open,285,W,DEC,6 - 4,Sebastian Garibaldi,72130,Princeton,Austin Kohlhofer,78530,Army West Point
2024,11/05,Princeton Open,285,L,FALL,1:54,John O'Donnell,72115,Rutgers,Austin Kohlhofer,78530,Army West Point
2024,11/05,Princeton Open,285,W,MD,15 - 2,Harrison Levans,73382,Bloomsburg,Austin Kohlhofer,78530,Army West Point
2024,11/05,Princeton Open,285,L,DEC,9 - 2,David Szuba,72908,Rider,Gage Cook,71772,Army West Point
2024,11/05,Princeton Open,285,W,FALL,6:41,Karam Chakif,67262,Lehigh,Gage Cook,71772,Army West Point
2024,11/05,Princeton Open,285,W,FALL,5:55,Kyle Epperly,62885,Rutgers,Gage Cook,71772,Army West Point
2024,11/05,Princeton Open,285,L,MD,13 - 3,Isaac Reid,50915,Lock Haven,Gage Cook,71772,Army West Point
2024,11/05,Princeton Open,285,W,FALL,1:41,Danny Church,84818,Hofstra,Gage Cook,71772,Army West Point
2024,01/05,David Lehman Open,285,W,FALL,2:36,Billy Brosko,84834,Drexel,Tristen Hitchcock,84264,Army West Point
2024,01/05,David Lehman Open,285,L,DEC,4 - 1,Danny Church,84818,Hofstra,Tristen Hitchcock,84264,Army West Point
2024,01/05,David Lehman Open,285,W,DEC,5 - 3,Chris Powell,80047,LIU,Tristen Hitchcock,84264,Army West Point
2024,01/05,David Lehman Open,285,L,TF5,18 - 0 7:00,Seth Nevills,50625,Maryland,Tristen Hitchcock,84264,Army West Point
2024,12/22,Wilkes Open,285,W,FALL,3:40,Dustin Uribes,82276,Apprentice School,Tristen Hitchcock,84264,Army West Point
2024,12/22,Wilkes Open,285,L,DEC,12 - 5,Max Acciardi,78995,Cal Baptist,Tristen Hitchcock,84264,Army West Point
2024,12/22,Wilkes Open,285,L,FALL,4:23,Nicholai Brotzman,85619,Pennsylvania College of Technology,Tristen Hitchcock,84264,Army West Point
2024,12/09,Cleveland State Open,285,W,DEC,7 - 2,Shane Cook,84547,Cleveland State,Tristen Hitchcock,84264,Army West Point
2024,12/09,Cleveland State Open,285,W,SV-1,4 - 1,Corey Boerio,79396,Kent State,Tristen Hitchcock,84264,Army West Point
2024,12/09,Cleveland State Open,285,L,MD,16 - 2,Caden Ferris,79055,Central Michigan,Tristen Hitchcock,84264,Army West Point
2024,12/09,Cleveland State Open,285,L,FALL,1:50,Ira Jenkins,72919,Michigan,Tristen Hitchcock,84264,Army West Point
2024,12/09,Cleveland State Open,285,W,MD,11 - 2,Brian Jackson,67429,VMI,Tristen Hitchcock,84264,Army West Point
2024,12/02,Cougar Clash,285,W,DEC,4 - 2,Remington Peterson,78459,Northern Colorado,Tristen Hitchcock,84264,Army West Point
2024,12/02,Cougar Clash,285,W,DEC,4 - 1,Andrew Blackburn-Forst,78095,Northern Colorado,Tristen Hitchcock,84264,Army West Point
2024,12/02,Cougar Clash,285,L,MD,8 - 0,Jacob Christiansen,73347,Northern Illinois,Tristen Hitchcock,84264,Army West Point
2024,12/02,Cougar Clash,285,L,FALL,0:22,Zach Elam,51612,Missouri,Tristen Hitchcock,84264,Army West Point
2024,11/19,Black Knight Invitational,285,W,SV-1,4 - 1,Alex Semenenko,79210,Brown,Tristen Hitchcock,84264,Army West Point
2024,11/19,Black Knight Invitational,285,W,DEC,6 - 0,Nick West,73022,Michigan State,Tristen Hitchcock,84264,Army West Point
2024,11/19,Black Knight Invitational,285,L,FALL,4:33,John O'Donnell,72115,Rutgers,Tristen Hitchcock,84264,Army West Point
2024,11/19,Black Knight Invitational,285,L,DEC,1 - 0,John O'Donnell,72115,Rutgers,Tristen Hitchcock,84264,Army West Point
2024,11/19,Black Knight Invitational,285,W,FALL,4:52,Kyle Epperly,62885,Rutgers,Tristen Hitchcock,84264,Army West Point
2024,11/12,Journeymen Classic,285,L,DEC,9 - 2,Brendan Gilchrist,84877,Sacred Heart,Tristen Hitchcock,84264,Army West Point
2024,11/12,Journeymen Classic,285,W,DEC,4 - 1,Matthew Cruise,73551,Pennsylvania,Tristen Hitchcock,84264,Army West Point
2024,11/12,Journeymen Classic,285,L,FALL,5:39,Shane Noonan,58615,Bloomsburg,Tristen Hitchcock,84264,Army West Point
2024,11/05,Princeton Open,285,L,DEC,2 - 0,Sam Sorenson,79465,United States Military Academy,Tristen Hitchcock,84264,Army West Point
2024,11/05,Princeton Open,285,L,SV-1,4 - 1,Sebastian Garibaldi,72130,Princeton,Tristen Hitchcock,84264,Army West Point
2024,02/24,F&M Scramble,197,L,TF5,17 - 2 1:47,Martin Cosgrove,72983,Pennsylvania,Chris Murphy,78855,Army West Point
2024,02/24,F&M Scramble,197,L,TF5,15 - 0 1:59,Gavin Bell,65314,Ohio State,Chris Murphy,78855,Army West Point
2024,01/28,Mat-Town Open II,197,L,TF5,19 - 3 5:33,Steven Burrell,83567,Virginia,Chris Murphy,78855,Army West Point
2024,01/28,Mat-Town Open II,197,W,DEC,6 - 0,Hayden Linkerhof,78513,Bucknell,Chris Murphy,78855,Army West Point
2024,01/28,Mat-Town Open II,197,L,FALL,1:46,Lucas Cochran,71705,Penn State,Chris Murphy,78855,Army West Point
2024,01/28,Mat-Town Open II,197,W,MD,9 - 1,Niccolo Colucci,67004,Rutgers,Chris Murphy,78855,Army West Point
2024,11/19,Black Knight Invitational,285,W,DEC,6 - 4,Magnus Bibla,84535,Buffalo,Chris Murphy,78855,Army West Point
2024,11/19,Black Knight Invitational,285,L,FALL,1:34,John O'Donnell,72115,Rutgers,Chris Murphy,78855,Army West Point
2024,11/19,Black Knight Invitational,285,L,DEC,8 - 3,Kyle Epperly,62885,Rutgers,Chris Murphy,78855,Army West Point
2024,11/12,Journeymen Classic,285,W,FALL,0:46,Andrew Foy,84806,Sacred Heart,Chris Murphy,78855,Army West Point
2024,11/12,Journeymen Classic,285,W,DEC,8 - 1,Tyler McCatharn,79217,Bloomsburg,Chris Murphy,78855,Army West Point
2024,11/12,Journeymen Classic,285,L,MD,10 - 2,John Stout,60543,Pennsylvania,Chris Murphy,78855,Army West Point
2024,11/05,Princeton Open,285,L,FALL,1:44,Adolfo Betancur,80541,Johnson & Wales,Chris Murphy,78855,Army West Point
2024,11/05,Princeton Open,285,L,DEC,8 - 6,Kyle Epperly,62885,Rutgers,Chris Murphy,78855,Army West Point
